filename,material_id,formula,is_ordered,conventional_num_sites,conventional_effective_atoms,primitive_num_sites,primitive_effective_atoms,parse_status,error,Ionic conductivity (S cm-1),has_fractional_occupancy,fractional_occupancy_row_count,disordered_asymmetric_site_count,disordered_position_multiplicity_sum,disordered_element_count,disordered_elements,mixed_site_count_sum_1,vacancy_site_count,overoccupied_site_count,disordered_site_details,ordering_batch_status,ordered_candidate_count,geometry_valid_candidate_count,selected_ordered_file,selected_ordered_formula,selected_ordered_num_atoms,ordering_supercell_multiplier,ordering_composition_max_drift,ordering_split_pair_count,ordering_split_cluster_count,geometry_min_distance_angstrom,geometry_min_distance_pair,geometry_min_radius_ratio,geometry_min_radius_pair,geometry_min_li_li_distance_angstrom,geometry_issues,geometry_error_candidate_count,best_error_file,ordering_result_summary
00x.cif,00x,Li4 Gd4 P16 O48,True,72,72,36,36,ok,,<1E-10,False,0,0,0,0,,0,0,0,,manual_review,1,0,,Li2 Gd2 P8 O24,36,,0.0,0,0,1.17820711,O-P,0.68104457,O-P,5.64486288,radius_ratio<0.75,1,OBELIX/ordered_cifs/erro/00x_ordered.cif,原始 CIF 已有序，但未通过几何检查（0/1 个候选通过；原因：radius_ratio<0.75）
019.cif,019,Li6 Ti12 P18 O72,False,144,108,144,108,ok,,0.000161,True,2,2,42,1,Li,0,2,0,Li@0.025[m=36];Li@0.85[m=6],manual_review,3,0,,Li6 Ti12 P18 O72,108,1,0.0,0,0,1.64661674,O-Ti,0.72859148,O-Ti,3.13433813,radius_ratio<0.75,3,OBELIX/ordered_cifs/erro/019_ordered.cif,未通过几何检查（0/3 个候选通过；原因：radius_ratio<0.75）
09w.cif,09w,Li24.19992 Si0.2 P3.8 S20 Br4,False,100,52.19992,25,13.04998,ok,,0.000437,True,8,5,84,5,Br;Li;P;S;Si,3,2,0,Li@0.44208[m=48];Li@0.12417[m=24];P@0.95+Si@0.05[m=4];Br@0.21+S@0.79[m=4];Br@0.79+S@0.21[m=4],geometry_ok,5,5,OBELIX/ordered_cifs/09w_ordered.cif,Li60 Si1 P9 S50 Br10,130,10,0.0038608841958732145,0,6,1.87246779,P-S,0.77341813,Li-Li,1.97995042,,0,,成功有序化（5/5 个候选通过几何检查）
0fh.cif,0fh,Li7.44 Al1.452 Ge10.548 P18 O72,False,144,109.44,48,36.48,ok,,4.83e-05,True,4,3,54,3,Al;Ge;Li,1,2,0,Li@0.08[m=36];Li@0.76[m=6];Al@0.121+Ge@0.879[m=12],geometry_ok,5,5,OBELIX/ordered_cifs/0fh_ordered.cif,Li5 Al1 Ge7 P12 O48,73,2,0.0005106945445806504,0,0,1.34948662,O-P,0.78005007,O-P,3.67591277,,0,,成功有序化（5/5 个候选通过几何检查）
0ii.cif,0ii,Na0.48 Li0.02 La0.5 Nb2 O6,False,9,9,9,9,ok,,3.99e-06,True,3,1,1,3,La;Li;Na,1,0,0,La@0.5+Li@0.02+Na@0.48[m=1],geometry_ok,5,5,OBELIX/ordered_cifs/0ii_ordered.cif,Na4 Li1 La5 Nb20 O60,90,10,0.008888888888888889,0,0,1.86186937,Nb-O,0.80950842,Nb-O,,,0,,成功有序化（5/5 个候选通过几何检查）
0iv.cif,0iv,Li4 P2 S6,True,12,12,12,12,ok,,2.38e-07,False,0,0,0,0,,0,0,0,,source_ordered,1,1,OBELIX/ordered_cifs/0iv_ordered.cif,Li4 P2 S6,12,,0.0,0,0,2.05990982,P-S,0.97165558,P-S,3.29940000,,0,,原始 CIF 已完全有序，并通过几何检查
0o6.cif,0o6,Li6.828 Sc1.26 Ti10.74 P18 O72,False,144,108.828,48,36.276,ok,,9.98e-05,True,3,2,48,3,Li;Sc;Ti,1,1,0,Li@0.023[m=36];Sc@0.105+Ti@0.895[m=12],geometry_ok,5,5,OBELIX/ordered_cifs/0o6_ordered.cif,Li5 Sc1 Ti7 P12 O48,73,2,0.0027974267299259725,0,0,1.33071707,O-P,0.76920062,O-P,3.02128339,,0,,成功有序化（5/5 个候选通过几何检查）
10s.cif,10s,Li25.39992 Si1.4 P2.6 S20 Br4,False,100,53.39992,25,13.34998,ok,,0.00234,True,8,5,84,5,Br;Li;P;S;Si,3,2,0,Li@0.45458[m=48];Li@0.14917[m=24];P@0.65+Si@0.35[m=4];Br@0.17+S@0.83[m=4];Br@0.83+S@0.17[m=4],geometry_ok,5,5,OBELIX/ordered_cifs/10s_ordered.cif,Li30 Si2 P3 S25 Br5,65,5,0.014116183637036817,0,6,1.97256791,P-S,0.91322589,S-Si,2.38448018,,0,,成功有序化（5/5 个候选通过几何检查）
11b.cif,11b,Li6 P2,True,8,8,8,8,ok,,0.000703,False,0,0,0,0,,0,0,0,,source_ordered,1,1,OBELIX/ordered_cifs/11b_ordered.cif,Li6 P2,8,,0.0,0,0,2.46701770,Li-P,0.97090506,Li-Li,2.48551696,,0,,原始 CIF 已完全有序，并通过几何检查
122.cif,122,Li24 P4 S20 Cl4,False,76,52,19,13,ok,,0.00205,True,5,3,56,3,Cl;Li;S,2,1,0,Li@0.5[m=48];Cl@0.385+S@0.615[m=4];Cl@0.615+S@0.385[m=4],manual_review,5,0,,Li30 P5 S25 Cl5,65,5,0.0,0,0,1.81719938,Li-Li,0.70984351,Li-Li,1.81719938,radius_ratio<0.75,5,OBELIX/ordered_cifs/erro/122_ordered.cif,未通过几何检查（0/5 个候选通过；原因：radius_ratio<0.75）
13q.cif,13q,Li20 Sn2 P4 S24,False,66,50,66,50,ok,,0.00398,True,6,5,40,3,Li;P;Sn,1,4,0,Li@0.68[m=4];Li@0.5[m=16];Li@0.54[m=8];Li@0.62[m=8];P@0.5+Sn@0.5[m=4],manual_review,5,0,,Li59 Sn6 P12 S72,149,3,0.004026845637583931,4,0,1.37418104,Li-Li,0.53678947,Li-Li,1.37418104,radius_ratio<0.75;Li-Li<1.8,5,OBELIX/ordered_cifs/erro/13q_ordered.cif,未通过几何检查（0/5 个候选通过；原因：radius_ratio<0.75;Li-Li<1.8）
1dm.cif,1dm,Li8.868 Al2.88 Ge9.12 P18 O72,False,144,110.868,48,36.956,ok,,0.000284,True,4,3,54,3,Al;Ge;Li,1,2,0,Li@0.163[m=36];Li@0.5[m=6];Al@0.24+Ge@0.76[m=12],geometry_ok,5,5,OBELIX/ordered_cifs/1dm_ordered.cif,Li3 Al1 Ge3 P6 O24,37,1,0.0,0,0,1.59796638,O-P,0.78540605,Li-Li,2.01063950,,0,,成功有序化（5/5 个候选通过几何检查）
1e9.cif,1e9,Li12 Sb4 S12,True,28,28,28,28,ok,,1e-09,False,0,0,0,0,,0,0,0,,source_ordered,1,1,OBELIX/ordered_cifs/1e9_ordered.cif,Li12 Sb4 S12,28,,0.0,0,0,2.35570311,S-Sb,0.96545209,S-Sb,2.74607042,,0,,原始 CIF 已完全有序，并通过几何检查
1kq.cif,1kq,Li24.024 P4 Se2.8 S17.2 Br4,False,100,52.024,25,13.006,ok,,0.00301,True,6,4,92,3,Li;S;Se,2,2,0,Li@0.441[m=48];Li@0.119[m=24];S@0.55224+Se@0.44776[m=4];S@0.93694+Se@0.06306[m=16],geometry_ok,5,5,OBELIX/ordered_cifs/1kq_ordered.cif,Li30 P5 Se3 S22 Br5,65,5,0.007667467086196908,0,6,1.94684388,P-S,0.85764050,P-Se,2.30862924,,0,,成功有序化（5/5 个候选通过几何检查）
1m8.cif,1m8,Li26.688 Ge3.16 P0.84 S20 I4,False,100,54.688,25,13.672,ok,,0.00258,True,8,5,84,5,Ge;I;Li;P;S,3,2,0,Li@0.351[m=48];Li@0.41[m=24];Ge@0.79+P@0.21[m=4];I@0.073+S@0.927[m=4];I@0.927+S@0.073[m=4],manual_review,5,0,,Li60 Ge7 P2 S45 I9,123,9,0.0009003030346277745,0,0,0.72302164,Li-Li,0.28243033,Li-Li,0.72302164,distance<0.8;radius_ratio<0.75;Li-Li<1.8,5,OBELIX/ordered_cifs/erro/1m8_ordered.cif,未通过几何检查（0/5 个候选通过；原因：distance<0.8;radius_ratio<0.75;Li-Li<1.8）
1ty.cif,1ty,Li16.0 Ge4 Se4.232 S11.768,False,48,36,48,36,ok,,8.5e-06,True,9,6,40,3,Li;S;Se,3,3,0,Li@0.5[m=8];Li@0.21[m=8];Li@0.79[m=8];S@0.689+Se@0.311[m=8];S@0.766+Se@0.234[m=4];S@0.798+Se@0.202[m=4],geometry_ok,5,5,OBELIX/ordered_cifs/1ty_ordered.cif,Li32 Ge8 Se9 S23,72,2,0.007444444444444531,12,0,2.00036562,Ge-S,0.83348568,Ge-Se,2.89825280,,0,,成功有序化（5/5 个候选通过几何检查）
1xf.cif,1xf,Li8.904 Al2.88 Ge9.12 P18 O72,False,144,110.904,48,36.968,ok,,0.000336,True,4,3,54,3,Al;Ge;Li,1,2,0,Li@0.139[m=36];Li@0.65[m=6];Al@0.24+Ge@0.76[m=12],geometry_ok,5,5,OBELIX/ordered_cifs/1xf_ordered.cif,Li9 Al3 Ge9 P18 O72,111,3,0.0,0,0,1.59738380,Ge-O,0.80955884,Li-Li,2.07247064,,0,,成功有序化（5/5 个候选通过几何检查）
1xt.cif,1xt,Li8 Sb8 O16,True,32,32,32,32,ok,,<1E-10,False,0,0,0,0,,0,0,0,,source_ordered,1,1,OBELIX/ordered_cifs/1xt_ordered.cif,Li8 Sb8 O16,32,,0.0,0,0,1.87823266,O-Sb,0.91621105,O-Sb,2.92744806,,0,,原始 CIF 已完全有序，并通过几何检查
20k.cif,20k,Sr7.992 Li47.952 La16.008 Nb16 O96,False,256,183.952,128,91.976,ok,,3.69e-06,True,4,3,144,3,La;Li;Sr,1,2,0,Li@0.352[m=96];Li@0.59[m=24];La@0.667+Sr@0.333[m=24],manual_review,5,0,,Sr4 Li24 La8 Nb8 O48,92,1,0.0,0,0,1.66717329,Li-Li,0.65123956,Li-Li,1.66717329,radius_ratio<0.75;Li-Li<1.8,5,OBELIX/ordered_cifs/erro/20k_ordered.cif,未通过几何检查（0/5 个候选通过；原因：radius_ratio<0.75;Li-Li<1.8）
240.cif,240,Li64.016 Ge8 P32,False,120,104.016,120,104.016,ok,,8.6e-05,True,3,3,54,1,Li,0,3,0,Li@0.78[m=6];Li@0.887[m=24];Li@0.502[m=24],geometry_ok,5,5,OBELIX/ordered_cifs/240_ordered.cif,Li128 Ge16 P64,208,2,0.0,0,0,2.16114413,Ge-P,0.89959056,Li-Li,2.30295183,,0,,成功有序化（5/5 个候选通过几何检查）
24k.cif,24k,Li13.8432 Ge6.1608 P1.996 S24,False,76,46,19,11.5,ok,,0.00011,True,4,2,52,3,Ge;Li;P,1,1,0,Ge@0.0866+Li@0.2884[m=48];Ge@0.501+P@0.499[m=4],geometry_ok,5,5,OBELIX/ordered_cifs/24k_ordered.cif,Li7 Ge3 P1 S12,23,2,0.0,0,0,2.15732403,P-S,0.85743858,Li-Li,2.19504276,,0,,成功有序化（5/5 个候选通过几何检查）
2d1.cif,2d1,Li44.03232 La24 Y2 Nb14 O96,False,304,180.03232,152,90.01616,ok,,9.18e-05,True,5,4,184,3,Li;Nb;Y,1,3,0,Li@0.18867[m=96];Li@0.139[m=48];Li@0.802[m=24];Nb@0.875+Y@0.125[m=16],manual_review,5,0,,Li22 La12 Y1 Nb7 O48,90,1,0.0,0,0,0.41322035,Li-Li,0.16141420,Li-Li,0.41322035,distance<0.8;radius_ratio<0.75;Li-Li<1.8,5,OBELIX/ordered_cifs/erro/2d1_ordered.cif,未通过几何检查（0/5 个候选通过；原因：distance<0.8;radius_ratio<0.75;Li-Li<1.8）
2r7.cif,2r7,Li12.004 Cr3.996 Mo12 O48,False,76,76,76,76,ok,,3.19e-09,True,4,2,12,2,Cr;Li,2,0,0,Cr@0.308+Li@0.692[m=8];Cr@0.383+Li@0.617[m=4],manual_review,5,0,,Li24 Cr8 Mo24 O96,152,2,0.0,0,0,1.55343055,Mo-O,0.70610479,Mo-O,2.59891564,radius_ratio<0.75,5,OBELIX/ordered_cifs/erro/2r7_ordered.cif,未通过几何检查（0/5 个候选通过；原因：radius_ratio<0.75）
2t8.cif,2t8,Li2 V2 P2 O8 F2,False,18,16,18,16,ok,,8.1e-07,True,2,2,4,1,Li,0,2,0,Li@0.5[m=2];Li@0.5[m=2],geometry_ok,1,1,OBELIX/ordered_cifs/2t8_ordered.cif,Li2 V2 P2 O8 F2,16,1,0.0,2,0,1.48559272,O-P,0.85872412,O-P,3.55165806,,0,,成功有序化（1/1 个候选通过几何检查）
2uv.cif,2uv,Li16 Sn4 Se16,True,36,36,36,36,ok,,2e-05,False,0,0,0,0,,0,0,0,,source_ordered,1,1,OBELIX/ordered_cifs/2uv_ordered.cif,Li16 Sn4 Se16,36,,0.0,0,0,2.35233854,Se-Sn,0.90823882,Se-Sn,2.96379256,,0,,原始 CIF 已完全有序，并通过几何检查
2wb.cif,2wb,Li52.8 La24 Zr12.8 Ta3.2 O96,False,256,188.8,128,94.4,ok,,0.00047,True,4,3,136,3,Li;Ta;Zr,1,2,0,Li@0.96[m=24];Li@0.31[m=96];Ta@0.2+Zr@0.8[m=16],manual_review,5,0,,Li27 La12 Zr6 Ta2 O48,95,1,0.004638715432649404,0,0,1.17378349,Li-Li,0.45850918,Li-Li,1.17378349,radius_ratio<0.75;Li-Li<1.8,5,OBELIX/ordered_cifs/erro/2wb_ordered.cif,未通过几何检查（0/5 个候选通过；原因：radius_ratio<0.75;Li-Li<1.8）
3nb.cif,3nb,Li2 Ce1 Sm1 Mo4 O16,False,24,24,12,12,ok,,1.8e-10,True,3,1,4,3,Ce;Li;Sm,1,0,0,Ce@0.25+Li@0.5+Sm@0.25[m=4],manual_review,3,0,,Li2 Ce1 Sm1 Mo4 O16,24,2,0.0,0,0,1.81506406,Ce-O,0.67224595,Ce-O,5.25460000,radius_ratio<0.75,3,OBELIX/ordered_cifs/erro/3nb_ordered.cif,未通过几何检查（0/3 个候选通过；原因：radius_ratio<0.75）
3rh.cif,3rh,Li52.00032 La24 Y6 Nb10 O96,False,304,188.00032,152,94.00016,ok,,0.00027,True,5,4,184,3,Li;Nb;Y,1,3,0,Li@0.27417[m=96];Li@0.2625[m=48];Li@0.545[m=24];Nb@0.625+Y@0.375[m=16],manual_review,5,0,,Li26 La12 Y3 Nb5 O48,94,1,0.0,0,0,0.65172203,Li-Li,0.25457892,Li-Li,0.65172203,distance<0.8;radius_ratio<0.75;Li-Li<1.8,5,OBELIX/ordered_cifs/erro/3rh_ordered.cif,未通过几何检查（0/5 个候选通过；原因：distance<0.8;radius_ratio<0.75;Li-Li<1.8）
3rx.cif,3rx,Li2 Nd2 Ti2 O8,True,14,14,14,14,ok,,<1E-10,False,0,0,0,0,,0,0,0,,source_ordered,1,1,OBELIX/ordered_cifs/3rx_ordered.cif,Li2 Nd2 Ti2 O8,14,,0.0,0,0,1.74571091,O-Ti,0.77243846,O-Ti,2.64917556,,0,,原始 CIF 已完全有序，并通过几何检查
3uq.cif,3uq,Li7.404 Al1.428 Ge10.572 P18 O72,False,144,109.404,48,36.468,ok,,8.24e-05,True,4,3,54,3,Al;Ge;Li,1,2,0,Li@0.73[m=6];Li@0.084[m=36];Al@0.119+Ge@0.881[m=12],geometry_ok,5,4,OBELIX/ordered_cifs/3uq_ordered.cif,Li5 Al1 Ge7 P12 O48,73,2,0.0,0,0,1.33384260,O-P,0.76648563,Al-O,2.73996729,,1,OBELIX/ordered_cifs/erro/3uq_ordered.cif,成功有序化（4/5 个候选通过几何检查）
3zo.cif,3zo,Li24.90024 Si0.9 P3.1 S20 Br4,False,100,52.90024,25,13.22506,ok,,0.00108,True,8,5,84,5,Br;Li;P;S;Si,3,2,0,Li@0.44938[m=48];Li@0.13875[m=24];P@0.775+Si@0.225[m=4];Br@0.17+S@0.83[m=4];Br@0.83+S@0.17[m=4],geometry_ok,5,5,OBELIX/ordered_cifs/3zo_ordered.cif,Li30 Si1 P4 S25 Br5,65,5,0.00915857000105108,0,6,2.16352484,P-S,0.91152516,Li-Li,2.33350441,,0,,成功有序化（5/5 个候选通过几何检查）
419.cif,419,Li42.528 La24 Sm1.2 Ta14.8 O96,False,304,178.528,152,89.264,ok,,7.11e-06,True,5,4,184,3,Li;Sm;Ta,1,3,0,Li@0.181[m=48];Li@0.718[m=24];Li@0.173[m=96];Sm@0.075+Ta@0.925[m=16],manual_review,5,0,,Li21 La12 Sm1 Ta7 O48,89,1,0.004504674959532919,0,0,1.45134557,Li-Li,0.56693186,Li-Li,1.45134557,radius_ratio<0.75;Li-Li<1.8,5,OBELIX/ordered_cifs/erro/419_ordered.cif,未通过几何检查（0/5 个候选通过；原因：radius_ratio<0.75;Li-Li<1.8）
472.cif,472,Li28 Nd10 Si22 N38 O14 F4,False,116,116,116,116,ok,,1.7e-10,True,6,3,8,2,F;O,3,0,0,F@0.5+O@0.5[m=4];F@0.5+O@0.5[m=2];F@0.5+O@0.5[m=2],manual_review,5,0,,Li28 Nd10 Si22 N38 O14 F4,116,1,0.0,0,0,1.21529656,O-Si,0.68660823,O-Si,2.32638736,radius_ratio<0.75,5,OBELIX/ordered_cifs/erro/472_ordered.cif,未通过几何检查（0/5 个候选通过；原因：radius_ratio<0.75）
47i.cif,47i,Li8 P4 O14,True,26,26,26,26,ok,,<1E-10,False,0,0,0,0,,0,0,0,,source_ordered,1,1,OBELIX/ordered_cifs/47i_ordered.cif,Li8 P4 O14,26,,0.0,0,0,1.35914962,O-P,0.78563562,O-P,2.68587823,,0,,原始 CIF 已完全有序，并通过几何检查
4ba.cif,4ba,Li6 Ge12 P18 O72,True,108,108,36,36,ok,,3.33e-07,False,0,0,0,0,,0,0,0,,manual_review,1,0,,Li2 Ge4 P6 O24,36,,0.0,0,0,1.27426174,O-P,0.73656748,O-P,5.87066247,radius_ratio<0.75,1,OBELIX/ordered_cifs/erro/4ba_ordered.cif,原始 CIF 已有序，但未通过几何检查（0/1 个候选通过；原因：radius_ratio<0.75）
4ea.cif,4ea,Li6 Ti2.4 Sn9.6 P18 O72,False,108,108,36,36,ok,,3.15e-06,True,2,1,12,2,Sn;Ti,1,0,0,Sn@0.8+Ti@0.2[m=12],manual_review,1,0,,Li2 Ti1 Sn3 P6 O24,36,1,0.005555555555555564,0,0,1.11205679,O-P,0.64280739,O-P,6.11500370,radius_ratio<0.75,1,OBELIX/ordered_cifs/erro/4ea_ordered.cif,未通过几何检查（0/1 个候选通过；原因：radius_ratio<0.75）
4ie.cif,4ie,Li47.28 La24 Zr16 Ga4.56 O94.368 F1.632,False,256,187.84,128,93.92,ok,,0.00128,True,5,3,216,4,F;Ga;Li;O,2,1,0,Li@0.29[m=96];Ga@0.19+Li@0.81[m=24];F@0.017+O@0.983[m=96],manual_review,5,0,,Li24 La12 Zr8 Ga2 O47 F1,94,1,0.002385008517887477,0,0,1.62981742,Li-Li,0.63664743,Li-Li,1.62981742,radius_ratio<0.75;Li-Li<1.8,5,OBELIX/ordered_cifs/erro/4ie_ordered.cif,未通过几何检查（0/5 个候选通过；原因：radius_ratio<0.75;Li-Li<1.8）
4kt.cif,4kt,Li8 Cr4 Cl16,True,28,28,14,14,ok,,<1E-10,False,0,0,0,0,,0,0,0,,source_ordered,1,1,OBELIX/ordered_cifs/4kt_ordered.cif,Li4 Cr2 Cl8,14,,0.0,0,0,2.04356486,Cl-Li,0.88850646,Cl-Li,3.65393755,,0,,原始 CIF 已完全有序，并通过几何检查
4p7.cif,4p7,Li3 Cl1 O1,True,5,5,5,5,ok,,0.025,False,0,0,0,0,,0,0,0,,source_ordered,1,1,OBELIX/ordered_cifs/4p7_ordered.cif,Li3 Cl1 O1,5,,0.0,0,0,1.95416850,Li-O,1.00730335,Li-O,2.76361160,,0,,原始 CIF 已完全有序，并通过几何检查
4xq.cif,4xq,Na0.46 Li0.04 La0.5 Nb2 O4,False,7,7,7,7,ok,,5.91e-06,True,3,1,1,3,La;Li;Na,1,0,0,La@0.5+Li@0.04+Na@0.46[m=1],geometry_ok,5,5,OBELIX/ordered_cifs/4xq_ordered.cif,Na4 Li1 La5 Nb20 O40,70,10,0.008571428571428572,0,0,1.96147587,Nb-O,0.85281560,Nb-O,,,0,,成功有序化（5/5 个候选通过几何检查）
5bz.cif,5bz,Li12 B4 N8,True,24,24,24,24,ok,,8.7e-08,False,0,0,0,0,,0,0,0,,source_ordered,1,1,OBELIX/ordered_cifs/5bz_ordered.cif,Li12 B4 N8,24,,0.0,0,0,1.24194764,B-N,0.80125654,B-N,2.41718975,,0,,原始 CIF 已完全有序，并通过几何检查
5tl.cif,5tl,La1.24 Ti2 O6,False,10,9.24,10,9.24,ok,,0.000442,True,2,2,2,1,La,0,2,0,La@0.95[m=1];La@0.29[m=1],geometry_ok,1,1,OBELIX/ordered_cifs/5tl_ordered.cif,La4 Ti6 O18,28,3,0.008658008658008642,0,0,1.75949675,O-Ti,0.77853839,O-Ti,,,0,,成功有序化（1/1 个候选通过几何检查）
5wz.cif,5wz,Li24 P4 S20 I4,False,100,52,25,13,ok,,1.26e-06,True,2,2,72,1,Li,0,2,0,Li@0.37[m=48];Li@0.26[m=24],geometry_ok,5,5,OBELIX/ordered_cifs/5wz_ordered.cif,Li12 P2 S10 I2,26,2,0.0,0,6,1.84075534,P-S,0.86828082,P-S,2.36798322,,0,,成功有序化（5/5 个候选通过几何检查）
5z0.cif,5z0,Li40 Al8 O32,True,80,80,80,80,ok,,5e-10,False,0,0,0,0,,0,0,0,,source_ordered,1,1,OBELIX/ordered_cifs/5z0_ordered.cif,Li40 Al8 O32,80,,0.0,0,0,1.66193153,Li-O,0.85666574,Li-O,2.20385095,,0,,原始 CIF 已完全有序，并通过几何检查
5zv.cif,5zv,Li16 Zn4 P8 O32,True,60,60,60,60,ok,,5.55e-18,False,0,0,0,0,,0,0,0,,source_ordered,1,1,OBELIX/ordered_cifs/5zv_ordered.cif,Li16 Zn4 P8 O32,60,,0.0,0,0,1.50739312,O-P,0.87132550,O-P,2.68191380,,0,,原始 CIF 已完全有序，并通过几何检查
68u.cif,68u,Li40.008 La24 Nb16 O96,False,184,176.008,92,88.004,ok,,8e-06,True,1,1,24,1,Li,0,1,0,Li@0.667[m=24],geometry_ok,5,5,OBELIX/ordered_cifs/68u_ordered.cif,Li20 La12 Nb8 O48,88,1,0.0,0,0,1.86632031,Li-O,0.75134737,La-Li,2.48492579,,0,,成功有序化（5/5 个候选通过几何检查）
6du.cif,6du,Li10.14118681 Mg0.79987213 Ti13.05894106 O32,False,56,56,14,14,ok,,1.73e-08,True,5,2,24,3,Li;Mg;Ti,2,0,0,Li@0.916+Mg@0.084[m=8];Li@0.17582418+Mg@0.007992008+Ti@0.81618382[m=16],geometry_ok,5,5,OBELIX/ordered_cifs/6du_ordered.cif,Li10 Mg1 Ti13 O32,56,4,0.0035737120022834284,0,0,1.97408236,Li-O,0.87348777,O-Ti,2.95743876,,0,,成功有序化（5/5 个候选通过几何检查）
6jf.cif,6jf,Li24.024 P4 S20 Br4.0,False,100,52.024,25,13.006,ok,,0.00115,True,6,4,80,3,Br;Li;S,2,2,0,Li@0.441[m=48];Li@0.119[m=24];Br@0.14+S@0.86[m=4];Br@0.86+S@0.14[m=4],geometry_ok,5,5,OBELIX/ordered_cifs/6jf_ordered.cif,Li36 P6 S30 Br6,78,6,0.0,0,6,1.91132673,P-S,0.90156921,P-S,2.46022930,,0,,成功有序化（5/5 个候选通过几何检查）
6l9.cif,6l9,Li32.6 B56 Cl8 O96,False,216,192.6,54,48.15,ok,,2e-06,True,2,2,56,1,Li,0,2,0,Li@0.316[m=32];Li@0.937[m=24],geometry_ok,5,5,OBELIX/ordered_cifs/6l9_ordered.cif,Li16 B28 Cl4 O48,96,2,0.0,0,0,1.37258979,B-O,0.91505986,B-O,2.56788477,,0,,成功有序化（5/5 个候选通过几何检查）
72f.cif,72f,Li50.064 La24 Zr16 Al1.92 O96,False,256,187.984,128,93.992,ok,,0.00021,True,3,2,120,2,Al;Li,0,2,0,Li@0.349[m=96];Al@0.08+Li@0.69[m=24],manual_review,5,0,,Li25 La12 Zr8 Al1 O48,94,1,0.00042466266934442984,0,0,0.86433351,Li-Li,0.33763028,Li-Li,0.86433351,radius_ratio<0.75;Li-Li<1.8,5,OBELIX/ordered_cifs/erro/72f_ordered.cif,未通过几何检查（0/5 个候选通过；原因：radius_ratio<0.75;Li-Li<1.8）
7cr.cif,7cr,Na2 Li4 B2 P4 O16,True,28,28,28,28,ok,,4.4e-18,False,0,0,0,0,,0,0,0,,source_ordered,1,1,OBELIX/ordered_cifs/7cr_ordered.cif,Na2 Li4 B2 P4 O16,28,,0.0,0,0,1.28601893,B-O,0.77150379,O-P,2.44462718,,0,,原始 CIF 已完全有序，并通过几何检查
7e5.cif,7e5,Li0.2 La2.6 Mg2 W2 O12,False,20,18.8,20,18.8,ok,,1.8e-07,True,3,2,4,2,La;Li,0,2,0,La@0.335+Li@0.1[m=2];La@0.965[m=2],manual_review,5,0,,Li1 La13 Mg10 W10 O60,94,5,1.1102230246251565e-16,0,0,1.67565902,O-W,0.73493817,O-W,,radius_ratio<0.75,5,OBELIX/ordered_cifs/erro/7e5_ordered.cif,未通过几何检查（0/5 个候选通过；原因：radius_ratio<0.75）
7ek.cif,7ek,Li14.8 Ge3.4 W0.6 O16,False,56,34.8,56,34.8,ok,,3.8e-05,True,8,7,40,3,Ge;Li;W,1,6,0,Li@0.39[m=4];Li@0.27[m=8];Li@0.4[m=8];Li@0.6[m=8];Li@0.61[m=4];Li@0.16[m=4];Ge@0.85+W@0.15[m=4],manual_review,5,0,,Li29 Ge7 W1 O32,69,2,0.0049975012493753135,4,0,1.30461176,Li-O,0.51649868,Li-Li,1.32223663,radius_ratio<0.75;Li-Li<1.8,5,OBELIX/ordered_cifs/erro/7ek_ordered.cif,未通过几何检查（0/5 个候选通过；原因：radius_ratio<0.75;Li-Li<1.8）
7o7.cif,7o7,Ba7.9992 Li48.0 La16.0008 Ta16 O96,False,208,184,104,92,ok,,2.95e-05,True,4,3,96,3,Ba;La;Li,1,2,0,Li@0.705[m=48];Li@0.59[m=24];Ba@0.3333+La@0.6667[m=24],geometry_ok,5,5,OBELIX/ordered_cifs/7o7_ordered.cif,Ba4 Li24 La8 Ta8 O48,92,1,0.0,0,0,1.83476043,O-Ta,0.77727014,Li-Li,1.98981157,,0,,成功有序化（5/5 个候选通过几何检查）
7tu.cif,7tu,Li20.4 Si2 Sn0.5 P3.5 S24,False,62,50.4,62,50.4,ok,,0.00782,True,6,4,32,4,Li;P;Si;Sn,1,3,0,Li@0.78[m=4];Li@0.43[m=16];Li@0.8[m=8];P@0.375+Si@0.5+Sn@0.125[m=4],geometry_ok,5,5,OBELIX/ordered_cifs/7tu_ordered.cif,Li41 Si4 Sn1 P7 S48,101,2,0.0011786892975012009,0,0,1.95076156,Li-Li,0.76201623,Li-Li,1.95076156,,0,,成功有序化（5/5 个候选通过几何检查）
7w5.cif,7w5,Li54 La24 Zr14 Ta2 O96,False,256,190,128,95,ok,,0.00087,True,4,3,136,3,Li;Ta;Zr,1,2,0,Li@0.475[m=96];Li@0.35[m=24];Ta@0.125+Zr@0.875[m=16],manual_review,5,0,,Li27 La12 Zr7 Ta1 O48,95,1,0.0,0,0,1.24316465,Li-Li,0.48561119,Li-Li,1.24316465,radius_ratio<0.75;Li-Li<1.8,5,OBELIX/ordered_cifs/erro/7w5_ordered.cif,未通过几何检查（0/5 个候选通过；原因：radius_ratio<0.75;Li-Li<1.8）
824.cif,824,Li20.74 Ge2.7 P3.3 S24,False,62,50.74,62,50.74,ok,,0.0144,True,5,4,32,3,Ge;Li;P,1,3,0,Li@0.4738[m=16];Li@0.7595[m=8];Li@0.7708[m=4];Ge@0.675+P@0.325[m=4],manual_review,5,0,,Li41 Ge5 P7 S48,101,2,0.004166861702298394,0,0,1.31319366,Li-Li,0.51296627,Li-Li,1.31319366,radius_ratio<0.75;Li-Li<1.8,5,OBELIX/ordered_cifs/erro/824_ordered.cif,未通过几何检查（0/5 个候选通过；原因：radius_ratio<0.75;Li-Li<1.8）
883.cif,883,Li4 Al4 H16,True,24,24,24,24,ok,,8.7e-09,False,0,0,0,0,,0,0,0,,source_ordered,1,1,OBELIX/ordered_cifs/883_ordered.cif,Li4 Al4 H16,24,,0.0,0,0,1.49698087,Al-H,0.98485584,Al-H,3.20633726,,0,,原始 CIF 已完全有序，并通过几何检查
8fn.cif,8fn,Li8.676 Al2.652 Ge9.348 P18 O72,False,144,110.676,48,36.892,ok,,0.000137,True,4,3,54,3,Al;Ge;Li,1,2,0,Li@0.45[m=6];Li@0.166[m=36];Al@0.221+Ge@0.779[m=12],geometry_ok,5,5,OBELIX/ordered_cifs/8fn_ordered.cif,Li3 Al1 Ge3 P6 O24,37,1,0.0,0,0,1.40139484,O-P,0.81005482,O-P,2.92607150,,0,,成功有序化（5/5 个候选通过几何检查）
8ub.cif,8ub,Li20.84 Si2.4 Sn0.6 P3 S24,False,62,50.84,62,50.84,ok,,0.00879,True,6,4,32,4,Li;P;Si;Sn,1,3,0,Li@0.51[m=16];Li@0.75[m=8];Li@0.67[m=4];P@0.25+Si@0.6+Sn@0.15[m=4],manual_review,5,0,,Li41 Si5 Sn1 P6 S48,101,2,0.003972859913843496,0,0,1.59772285,Li-Li,0.62411049,Li-Li,1.59772285,radius_ratio<0.75;Li-Li<1.8,5,OBELIX/ordered_cifs/erro/8ub_ordered.cif,未通过几何检查（0/5 个候选通过；原因：radius_ratio<0.75;Li-Li<1.8）
95j.cif,95j,Li18 Al6 H36,True,60,60,20,20,ok,,1.4e-07,False,0,0,0,0,,0,0,0,,source_ordered,1,1,OBELIX/ordered_cifs/95j_ordered.cif,Li6 Al2 H12,20,,0.0,0,0,1.66993693,Al-H,1.09864272,Al-H,2.95882422,,0,,原始 CIF 已完全有序，并通过几何检查
96f.cif,96f,Li24.024 P4 Se2.4 S17.6 Br4,False,100,52.024,25,13.006,ok,,0.00278,True,6,4,92,3,Li;S;Se,2,2,0,Li@0.441[m=48];Li@0.119[m=24];S@0.56876+Se@0.43124[m=4];S@0.95781+Se@0.04219[m=16],geometry_ok,5,5,OBELIX/ordered_cifs/96f_ordered.cif,Li30 P5 Se3 S22 Br5,65,5,0.0,0,6,2.21097503,Li-S,0.89152219,Li-Se,2.52471430,,0,,成功有序化（5/5 个候选通过几何检查）
97b.cif,97b,Li3.6 Zr0.4 Sc3.6 O8,False,16,15.6,8,7.8,ok,,<1E-10,True,3,2,8,3,Li;Sc;Zr,1,1,0,Li@0.9[m=4];Sc@0.9+Zr@0.1[m=4],geometry_ok,5,5,OBELIX/ordered_cifs/97b_ordered.cif,Li7 Zr1 Sc7 O16,31,4,0.006617038875103388,0,0,2.03654018,O-Sc,0.84503742,O-Zr,3.14854135,,0,,成功有序化（5/5 个候选通过几何检查）
97p.cif,97p,Li24.0 P4 S20 Cl4,False,124,52,31,13,ok,,3.3e-05,True,6,4,104,3,Cl;Li;S,2,2,0,Li@0.419[m=48];Li@0.081[m=48];Cl@0.438+S@0.562[m=4];Cl@0.562+S@0.438[m=4],manual_review,5,0,,Li30 P5 S25 Cl5,65,5,0.0,0,0,1.45043660,Li-Li,0.56657680,Li-Li,1.45043660,radius_ratio<0.75;Li-Li<1.8,5,OBELIX/ordered_cifs/erro/97p_ordered.cif,未通过几何检查（0/5 个候选通过；原因：radius_ratio<0.75;Li-Li<1.8）
9ky.cif,9ky,Li6 Ti3.6 Sn8.4 P18 O72,False,108,108,36,36,ok,,9.42e-06,True,2,1,12,2,Sn;Ti,1,0,0,Sn@0.7+Ti@0.3[m=12],geometry_ok,1,1,OBELIX/ordered_cifs/9ky_ordered.cif,Li2 Ti1 Sn3 P6 O24,36,1,0.005555555555555557,0,0,1.36145884,O-P,0.78697043,O-P,6.10167784,,0,,成功有序化（1/1 个候选通过几何检查）
9lo.cif,9lo,Li12 P4 O16,True,32,32,32,32,ok,,1.75e-13,False,0,0,0,0,,0,0,0,,source_ordered,1,1,OBELIX/ordered_cifs/9lo_ordered.cif,Li12 P4 O16,32,,0.0,0,0,1.47558933,O-P,0.85294181,O-P,2.64197769,,0,,原始 CIF 已完全有序，并通过几何检查
9lx.cif,9lx,Li20 Sn2 P4 S24,False,70,50,70,50,ok,,0.007,True,5,4,40,3,Li;P;Sn,1,3,0,Li@0.3[m=16];Li@0.5[m=16];Li@0.8[m=4];P@0.5+Sn@0.5[m=4],manual_review,5,0,,Li20 Sn2 P4 S24,50,1,0.0,0,0,1.75911250,Li-Li,0.68715332,Li-Li,1.75911250,radius_ratio<0.75;Li-Li<1.8,5,OBELIX/ordered_cifs/erro/9lx_ordered.cif,未通过几何检查（0/5 个候选通过；原因：radius_ratio<0.75;Li-Li<1.8）
9n0.cif,9n0,Na0.2 Li0.3 La0.5 Nb2 O6,False,9,9,9,9,ok,,1.11e-05,True,3,1,1,3,La;Li;Na,1,0,0,La@0.5+Li@0.3+Na@0.2[m=1],geometry_ok,2,2,OBELIX/ordered_cifs/9n0_ordered.cif,Na1 Li1 La2 Nb8 O24,36,4,0.005555555555555557,0,0,1.94819427,Nb-O,0.84704099,Nb-O,,,0,,成功有序化（2/2 个候选通过几何检查）
9o6.cif,9o6,Li46.752 La24 Zr13.9424 Mo2.0576 O96,False,256,182.752,128,91.376,ok,,0.000333,True,4,3,136,3,Li;Mo;Zr,1,2,0,Li@0.362[m=96];Li@0.5[m=24];Mo@0.1286+Zr@0.8714[m=16],manual_review,5,0,,Li23 La12 Zr7 Mo1 O48,91,1,0.003074844958928291,0,0,1.64687584,Li-Li,0.64331088,Li-Li,1.64687584,radius_ratio<0.75;Li-Li<1.8,5,OBELIX/ordered_cifs/erro/9o6_ordered.cif,未通过几何检查（0/5 个候选通过；原因：radius_ratio<0.75;Li-Li<1.8）
9ph.cif,9ph,Li1.52 La5.332 Ti7.2 Co0.8 O24,False,40,38.852,10,9.713,ok,,0.000108,True,6,3,16,4,Co;La;Li;Ti,1,2,0,La@0.571+Li@0.19[m=4];La@0.762+Li@0.19[m=4];Co@0.1+Ti@0.9[m=8],geometry_ok,5,5,OBELIX/ordered_cifs/9ph_ordered.cif,Li2 La7 Ti9 Co1 O30,49,5,0.004594186226068775,0,0,1.94305000,Co-O,0.85975664,O-Ti,6.73092264,,0,,成功有序化（5/5 个候选通过几何检查）
9rc.cif,9rc,Li20 Sn0.448 Ge1.552 P4 S24,False,66,50,66,50,ok,,0.0141,True,7,5,40,4,Ge;Li;P;Sn,1,4,0,Li@0.68[m=4];Li@0.5[m=16];Li@0.54[m=8];Li@0.62[m=8];Ge@0.388+P@0.5+Sn@0.112[m=4],manual_review,5,0,,Li59 Sn1 Ge5 P12 S72,149,3,0.004026845637583931,4,0,1.36301329,Li-Li,0.53242707,Li-Li,1.36301329,radius_ratio<0.75;Li-Li<1.8,5,OBELIX/ordered_cifs/erro/9rc_ordered.cif,未通过几何检查（0/5 个候选通过；原因：radius_ratio<0.75;Li-Li<1.8）
9s4.cif,9s4,Li7.8 Ti10.2 Al1.8 P18 O72,False,144,109.8,48,36.6,ok,,0.000722,True,3,2,48,3,Al;Li;Ti,1,1,0,Li@0.05[m=36];Al@0.15+Ti@0.85[m=12],geometry_ok,5,5,OBELIX/ordered_cifs/9s4_ordered.cif,Li5 Ti7 Al1 P12 O48,73,2,0.00299423609551612,0,0,1.45624821,O-P,0.84176197,O-P,2.96391485,,0,,成功有序化（5/5 个候选通过几何检查）
9wf.cif,9wf,Li12 Er4 I24,False,44,40,22,20,ok,,0.00065,True,6,4,20,2,Er;Li,2,2,0,Li@0.8[m=4];Li@0.2[m=4];Er@0.16+Li@0.84[m=8];Er@0.68+Li@0.32[m=4],geometry_ok,5,5,OBELIX/ordered_cifs/9wf_ordered.cif,Li18 Er6 I36,60,3,0.0,0,0,2.77407412,I-Li,0.87433302,Er-I,3.89248166,,0,,成功有序化（5/5 个候选通过几何检查）
9yt.cif,9yt,Li45.888 P4 S20 Br3.0 Cl1,False,148,73.888,37,18.472,ok,,0.00186,True,8,4,128,4,Br;Cl;Li;S,2,2,0,Li@0.456[m=96];Li@0.088[m=24];Br@0.156+Cl@0.14+S@0.704[m=4];Br@0.594+Cl@0.11+S@0.296[m=4],manual_review,5,0,,Li88 P7 S35 Br5 Cl2,137,7,0.021287693664587715,12,0,0.33077798,Li-Li,0.12921015,Li-Li,0.33077798,distance<0.8;radius_ratio<0.75;Li-Li<1.8,5,OBELIX/ordered_cifs/erro/9yt_ordered.cif,未通过几何检查（0/5 个候选通过；原因：distance<0.8;radius_ratio<0.75;Li-Li<1.8）
9zk.cif,9zk,Li40 Ga8 O32,True,80,80,80,80,ok,,5e-09,False,0,0,0,0,,0,0,0,,source_ordered,1,1,OBELIX/ordered_cifs/9zk_ordered.cif,Li40 Ga8 O32,80,,0.0,0,0,1.64722460,Ga-O,0.87618330,Ga-O,2.28389716,,0,,原始 CIF 已完全有序，并通过几何检查
9zr.cif,9zr,Li24 P4 S20 Br4,False,100,52,25,13,ok,,0.000701,True,6,4,80,3,Br;Li;S,2,2,0,Li@0.44[m=48];Li@0.12[m=24];Br@0.22+S@0.78[m=4];Br@0.78+S@0.22[m=4],geometry_ok,5,5,OBELIX/ordered_cifs/9zr_ordered.cif,Li24 P4 S20 Br4,52,4,0.0,0,6,1.91147940,P-S,0.85608949,Li-Li,2.19158909,,0,,成功有序化（5/5 个候选通过几何检查）
a8v.cif,a8v,Li24.09984 Si0.1 P3.9 S20 Br4,False,100,52.09984,25,13.02496,ok,,0.000878,True,8,5,84,5,Br;Li;P;S;Si,3,2,0,Li@0.44104[m=48];Li@0.12208[m=24];P@0.975+Si@0.025[m=4];Br@0.2+S@0.8[m=4];Br@0.8+S@0.2[m=4],geometry_ok,5,5,OBELIX/ordered_cifs/a8v_ordered.cif,Li60 Si1 P9 S50 Br10,130,10,0.005772916001277547,0,6,2.03815365,P-S,0.94358965,S-Si,2.59988176,,0,,成功有序化（5/5 个候选通过几何检查）
aab.cif,aab,Li16 Sn3.3 Ge0.7 Se16,False,40,36,40,36,ok,,8.3e-07,True,3,2,12,3,Ge;Li;Sn,1,1,0,Li@0.5[m=8];Ge@0.175+Sn@0.825[m=4],geometry_ok,1,1,OBELIX/ordered_cifs/aab_ordered.cif,Li32 Sn7 Ge1 Se32,72,2,0.005555555555555564,4,0,2.45897204,Se-Sn,0.94941005,Se-Sn,2.79604177,,0,,成功有序化（1/1 个候选通过几何检查）
an2.cif,an2,Li24 Si4 Cl8 O16,True,52,52,52,52,ok,,1e-10,False,0,0,0,0,,0,0,0,,source_ordered,1,1,OBELIX/ordered_cifs/an2_ordered.cif,Li24 Si4 Cl8 O16,52,,0.0,0,0,1.63638463,O-Si,0.92451109,O-Si,2.60755970,,0,,原始 CIF 已完全有序，并通过几何检查
ar1.cif,ar1,Li16.008 Sn4 Se4.344 S11.656,False,48,36.008,48,36.008,ok,,7.5e-05,True,10,7,36,3,Li;S;Se,3,4,0,Li@0.569[m=4];Li@0.251[m=8];Li@0.431[m=4];Li@0.5[m=4];S@0.664+Se@0.336[m=8];S@0.786+Se@0.214[m=4];S@0.8+Se@0.2[m=4],manual_review,5,0,,Li48 Sn12 Se13 S35,108,3,0.0,0,0,1.33945082,Li-Li,0.52322297,Li-Li,1.33945082,radius_ratio<0.75;Li-Li<1.8,5,OBELIX/ordered_cifs/erro/ar1_ordered.cif,未通过几何检查（0/5 个候选通过；原因：radius_ratio<0.75;Li-Li<1.8）
ard.cif,ard,Li8.0 Ta16 P8 O64,False,108,96,54,48,ok,,0.0016,True,3,3,20,1,Li,0,3,0,Li@0.21[m=8];Li@0.14[m=4];Li@0.72[m=8],manual_review,5,0,,Li13 Ta24 P12 O96,145,3,0.00632183908045976,0,0,1.44665145,O-P,0.64809085,Li-Ta,1.85036908,radius_ratio<0.75,5,OBELIX/ordered_cifs/erro/ard_ordered.cif,未通过几何检查（0/5 个候选通过；原因：radius_ratio<0.75）
aui.cif,aui,Li8.0 Co4 Ge12 O32,False,56,56,56,56,ok,,<1E-10,True,4,2,12,2,Co;Li,2,0,0,Co@0.1+Li@0.9[m=4];Co@0.45+Li@0.55[m=8],geometry_ok,5,5,OBELIX/ordered_cifs/aui_ordered.cif,Li16 Co8 Ge24 O64,112,2,0.0,0,0,1.62866262,Ge-O,0.87562506,Ge-O,3.20304085,,0,,成功有序化（5/5 个候选通过几何检查）
b4c.cif,b4c,Si2 S8,True,10,10,10,10,ok,,1.59e-08,False,0,0,0,0,,0,0,0,,source_ordered,1,1,OBELIX/ordered_cifs/b4c_ordered.cif,Si2 S8,10,,0.0,0,0,2.11676450,S-Si,0.97998356,S-Si,,,0,,原始 CIF 已完全有序，并通过几何检查
b56.cif,b56,Li8.004 Mg7.996 Mo12 O48,False,76,76,76,76,ok,,<1E-10,True,6,3,16,2,Li;Mg,3,0,0,Li@0.79+Mg@0.21[m=4];Li@0.529+Mg@0.471[m=4];Li@0.341+Mg@0.659[m=8],manual_review,5,0,,Li8 Mg8 Mo12 O48,76,1,0.0,0,0,1.57304552,Mo-O,0.71502069,Mo-O,3.06685120,radius_ratio<0.75,5,OBELIX/ordered_cifs/erro/b56_ordered.cif,未通过几何检查（0/5 个候选通过；原因：radius_ratio<0.75）
be9.cif,be9,Li4 Ga4 Br16,True,24,24,24,24,ok,,7e-06,False,0,0,0,0,,0,0,0,,source_ordered,1,1,OBELIX/ordered_cifs/be9_ordered.cif,Li4 Ga4 Br16,24,,0.0,0,0,2.05061554,Br-Ga,0.84736179,Br-Ga,4.49750929,,0,,原始 CIF 已完全有序，并通过几何检查
bi3.cif,bi3,Sr7.992 Li47.9568 La16.008 Sb16 O96,False,256,183.9568,128,91.9784,ok,,6.3e-06,True,4,3,144,3,La;Li;Sr,1,2,0,Li@0.3013[m=96];Li@0.793[m=24];La@0.667+Sr@0.333[m=24],manual_review,5,0,,Sr4 Li24 La8 Sb8 O48,92,1,0.0,0,0,1.27495614,Li-O,0.65719388,Li-O,1.73589946,radius_ratio<0.75;Li-Li<1.8,5,OBELIX/ordered_cifs/erro/bi3_ordered.cif,未通过几何检查（0/5 个候选通过；原因：radius_ratio<0.75;Li-Li<1.8）
bjw.cif,bjw,Li16 Mn8 Cl32,False,56,56,14,14,ok,,4.79e-06,True,2,1,16,2,Li;Mn,1,0,0,Li@0.5+Mn@0.5[m=16],geometry_ok,1,1,OBELIX/ordered_cifs/bjw_ordered.cif,Li4 Mn2 Cl8,14,1,0.0,0,0,2.27798991,Cl-Li,0.99043039,Cl-Li,3.71326519,,0,,成功有序化（1/1 个候选通过几何检查）
bnh.cif,bnh,Li24.40008 Si0.4 P3.6 S20 Br4,False,100,52.40008,25,13.10002,ok,,0.000799,True,8,5,84,5,Br;Li;P;S;Si,3,2,0,Li@0.44417[m=48];Li@0.12833[m=24];P@0.9+Si@0.1[m=4];Br@0.21+S@0.79[m=4];Br@0.79+S@0.21[m=4],geometry_ok,5,5,OBELIX/ordered_cifs/bnh_ordered.cif,Li48 Si1 P7 S40 Br8,104,8,0.0029365780181428436,0,6,2.04035941,P-S,0.94156661,Br-Li,2.43748908,,0,,成功有序化（5/5 个候选通过几何检查）
bnu.cif,bnu,Li18 Al9 Ga9 Ge18 O72,False,126,126,42,42,ok,,<1E-10,True,4,2,18,2,Al;Ga,2,0,0,Al@0.5+Ga@0.5[m=9];Al@0.5+Ga@0.5[m=9],manual_review,5,0,,Li12 Al6 Ga6 Ge12 O48,84,2,0.0,0,0,1.37021556,Al-O,0.72883811,Ga-O,3.80274332,radius_ratio<0.75,5,OBELIX/ordered_cifs/erro/bnu_ordered.cif,未通过几何检查（0/5 个候选通过；原因：radius_ratio<0.75）
bq9.cif,bq9,Li24 Bi8 O24,True,56,56,56,56,ok,,2.4e-10,False,0,0,0,0,,0,0,0,,source_ordered,1,1,OBELIX/ordered_cifs/bq9_ordered.cif,Li24 Bi8 O24,56,,0.0,0,0,1.68239007,Li-O,0.83573047,Li-Li,2.13947000,,0,,原始 CIF 已完全有序，并通过几何检查
br1.cif,br1,Li48 Al16 N32,True,96,96,48,48,ok,,5e-08,False,0,0,0,0,,0,0,0,,source_ordered,1,1,OBELIX/ordered_cifs/br1_ordered.cif,Li24 Al8 N16,48,,0.0,0,0,1.79791284,Al-N,0.80448998,Li-Li,2.05949436,,0,,原始 CIF 已完全有序，并通过几何检查
bsa.cif,bsa,Li4 Ga4 O8,True,16,16,16,16,ok,,2.4e-14,False,0,0,0,0,,0,0,0,,source_ordered,1,1,OBELIX/ordered_cifs/bsa_ordered.cif,Li4 Ga4 O8,16,,0.0,0,0,1.69762849,Ga-O,0.90299388,Ga-O,3.02374281,,0,,原始 CIF 已完全有序，并通过几何检查
bv2.cif,bv2,Li4 Y4 O8,True,16,16,16,16,ok,,1.8e-08,False,0,0,0,0,,0,0,0,,source_ordered,1,1,OBELIX/ordered_cifs/bv2_ordered.cif,Li4 Y4 O8,16,,0.0,0,0,1.94170522,Li-O,0.84651545,O-Y,3.36544182,,0,,原始 CIF 已完全有序，并通过几何检查
c0g.cif,c0g,Li44.136 La24 Sm2 Ta14 O96,False,304,180.136,152,90.068,ok,,5.17e-06,True,5,4,184,3,Li;Sm;Ta,1,3,0,Li@0.182[m=96];Li@0.215[m=48];Li@0.681[m=24];Sm@0.125+Ta@0.875[m=16],manual_review,5,0,,Li22 La12 Sm1 Ta7 O48,90,1,0.0,0,0,1.18859432,Li-Li,0.46429466,Li-Li,1.18859432,radius_ratio<0.75;Li-Li<1.8,5,OBELIX/ordered_cifs/erro/c0g_ordered.cif,未通过几何检查（0/5 个候选通过；原因：radius_ratio<0.75;Li-Li<1.8）
c6e.cif,c6e,Li24.024 P4 Se3.2 S16.8 Br4,False,100,52.024,25,13.006,ok,,0.00348,True,6,4,92,3,Li;S;Se,2,2,0,Li@0.441[m=48];Li@0.119[m=24];S@0.51808+Se@0.48192[m=4];S@0.92048+Se@0.07952[m=16],geometry_ok,5,5,OBELIX/ordered_cifs/c6e_ordered.cif,Li12 P2 Se2 S8 Br2,26,2,0.015356226120488765,0,6,2.09360258,P-S,0.92229191,P-Se,2.51647200,,0,,成功有序化（5/5 个候选通过几何检查）
cdk.cif,cdk,Li8 P4 N4 O8,True,24,24,12,12,ok,,<1E-10,False,0,0,0,0,,0,0,0,,source_ordered,1,1,OBELIX/ordered_cifs/cdk_ordered.cif,Li4 P2 N2 O4,12,,0.0,0,0,1.48872233,O-P,0.86053314,O-P,2.69701854,,0,,原始 CIF 已完全有序，并通过几何检查
cfy.cif,cfy,Li4 P4 S12,True,20,20,10,10,ok,,7.8e-11,False,0,0,0,0,,0,0,0,,source_ordered,1,1,OBELIX/ordered_cifs/cfy_ordered.cif,Li2 P2 S6,10,,0.0,0,0,1.95911917,P-S,0.92411282,P-S,3.37318906,,0,,原始 CIF 已完全有序，并通过几何检查
cju.cif,cju,Li24.024 P4 Se1.596 S18.404 Br4,False,100,52.024,25,13.006,ok,,0.00364,True,6,4,92,3,Li;S;Se,2,2,0,Li@0.441[m=48];Li@0.119[m=24];S@0.729+Se@0.271[m=4];S@0.968+Se@0.032[m=16],geometry_ok,5,5,OBELIX/ordered_cifs/cju_ordered.cif,Li24 P4 Se2 S18 Br4,52,4,0.007605957013922582,0,6,1.98078747,P-S,0.82919573,Li-Li,2.12274108,,0,,成功有序化（5/5 个候选通过几何检查）
ckw.cif,ckw,Sr3.728 Li4 Nb8 O96 F32,False,144,143.728,36,35.932,ok,,<1E-10,True,2,1,8,2,Li;Sr,0,1,0,Li@0.5+Sr@0.466[m=8],manual_review,1,0,,Sr1 Li1 Nb2 O24 F8,36,1,0.00010513686345814399,0,0,0.63679763,F-O,0.51772165,F-O,,distance<0.8;radius_ratio<0.75;O-F<1.2,1,OBELIX/ordered_cifs/erro/ckw_ordered.cif,未通过几何检查（0/1 个候选通过；原因：distance<0.8;radius_ratio<0.75;O-F<1.2）
clt.cif,clt,Li6 Cu1 B4 O10,True,21,21,21,21,ok,,1e-13,False,0,0,0,0,,0,0,0,,source_ordered,1,1,OBELIX/ordered_cifs/clt_ordered.cif,Li6 Cu1 B4 O10,21,,0.0,0,0,1.33424964,B-O,0.88949976,B-O,2.38321660,,0,,原始 CIF 已完全有序，并通过几何检查
cti.cif,cti,Li43.23168 La24 Y1.6 Nb14.4 O96,False,304,179.23168,152,89.61584,ok,,6.74e-05,True,5,4,184,3,Li;Nb;Y,1,3,0,Li@0.18033[m=96];Li@0.139[m=48];Li@0.802[m=24];Nb@0.9+Y@0.1[m=16],manual_review,5,0,,Li22 La12 Y1 Nb7 O48,90,1,0.0032388718581696507,0,0,0.85692429,Li-Li,0.33473605,Li-Li,0.85692429,radius_ratio<0.75;Li-Li<1.8,5,OBELIX/ordered_cifs/erro/cti_ordered.cif,未通过几何检查（0/5 个候选通过；原因：radius_ratio<0.75;Li-Li<1.8）
cy2.cif,cy2,La1.28 Ti2 O6,False,10,9.28,10,9.28,ok,,0.000335,True,2,2,2,1,La,0,2,0,La@0.96[m=1];La@0.32[m=1],geometry_ok,1,1,OBELIX/ordered_cifs/cy2_ordered.cif,La4 Ti6 O18,28,3,0.0049261083743842304,0,0,1.83403633,O-Ti,0.81152050,O-Ti,,,0,,成功有序化（1/1 个候选通过几何检查）
cz2.cif,cz2,Li16 Sn4 Se12.428 S3.572,False,40,36,40,36,ok,,9.5e-07,True,7,4,24,3,Li;S;Se,3,1,0,Li@0.5[m=8];S@0.196+Se@0.804[m=8];S@0.197+Se@0.803[m=4];S@0.304+Se@0.696[m=4],geometry_ok,5,5,OBELIX/ordered_cifs/cz2_ordered.cif,Li48 Sn12 Se37 S11,108,3,0.0,4,0,2.47620676,Li-Se,0.95812052,Se-Sn,2.77769151,,0,,成功有序化（5/5 个候选通过几何检查）
d7f.cif,d7f,Li12 Bi4 O16,True,32,32,32,32,ok,,4.1e-10,False,0,0,0,0,,0,0,0,,source_ordered,1,1,OBELIX/ordered_cifs/d7f_ordered.cif,Li12 Bi4 O16,32,,0.0,0,0,2.01315838,Li-O,0.98843331,Bi-O,2.92462588,,0,,原始 CIF 已完全有序，并通过几何检查
d9l.cif,d9l,Li24.024 P4 Se2.0 S18 Br4,False,100,52.024,25,13.006,ok,,0.00268,True,6,4,92,3,Li;S;Se,2,2,0,Li@0.441[m=48];Li@0.119[m=24];S@0.63568+Se@0.36432[m=4];S@0.96608+Se@0.03392[m=16],geometry_ok,5,5,OBELIX/ordered_cifs/d9l_ordered.cif,Li18 P3 Se1 S14 Br3,39,3,0.012802769530433689,0,6,1.85467025,P-S,0.87484446,P-S,2.41859239,,0,,成功有序化（5/5 个候选通过几何检查）
dae.cif,dae,Li48.6 La24 Sm4.4 Ta11.6 O96,False,304,184.6,152,92.3,ok,,1.4e-05,True,5,4,184,3,Li;Sm;Ta,1,3,0,Li@0.224[m=96];Li@0.229[m=48];Li@0.671[m=24];Sm@0.275+Ta@0.725[m=16],manual_review,5,0,,Li24 La12 Sm2 Ta6 O48,92,1,0.0024023741108858965,0,0,0.62528680,Li-Li,0.24425266,Li-Li,0.62528680,distance<0.8;radius_ratio<0.75;Li-Li<1.8,5,OBELIX/ordered_cifs/erro/dae_ordered.cif,未通过几何检查（0/5 个候选通过；原因：distance<0.8;radius_ratio<0.75;Li-Li<1.8）
dc8.cif,dc8,Li18 Mg6 P8 O32 F6,True,70,70,70,70,ok,,<1E-10,False,0,0,0,0,,0,0,0,,source_ordered,1,1,OBELIX/ordered_cifs/dc8_ordered.cif,Li18 Mg6 P8 O32 F6,70,,0.0,0,0,1.52460691,O-P,0.88127567,O-P,2.87771616,,0,,原始 CIF 已完全有序，并通过几何检查
de5.cif,de5,Li6 In2.03 Cl12,False,24,20.03,12,10.015,ok,,0.00204,True,2,2,6,1,In,0,2,0,In@0.07[m=4];In@0.875[m=2],geometry_ok,5,5,OBELIX/ordered_cifs/de5_ordered.cif,Li18 In6 Cl36,60,6,0.0,0,0,2.47296884,Cl-In,1.01351182,Cl-In,3.68190758,,0,,成功有序化（5/5 个候选通过几何检查）
deu.cif,deu,Li8.694 Al0.81 Ge1.19 S8,False,28,18.694,28,18.694,ok,,4.3e-05,True,5,4,20,3,Al;Ge;Li,1,3,0,Li@0.461[m=6];Li@0.767[m=6];Li@0.221[m=6];Al@0.405+Ge@0.595[m=2],geometry_ok,5,5,OBELIX/ordered_cifs/deu_ordered.cif,Li36 Al3 Ge5 S32,76,4,0.002583003858571631,9,0,2.21922465,Al-S,0.94517606,Li-Li,2.41965072,,0,,成功有序化（5/5 个候选通过几何检查）
dl7.cif,dl7,Li8.0 Mg4 Ti12 O32,False,56,56,56,56,ok,,<1E-10,True,4,2,12,2,Li;Mg,2,0,0,Li@0.9+Mg@0.1[m=4];Li@0.55+Mg@0.45[m=8],geometry_ok,5,5,OBELIX/ordered_cifs/dl7_ordered.cif,Li16 Mg8 Ti24 O64,112,2,0.0,0,0,1.86828426,Li-O,0.82719373,O-Ti,3.49464037,,0,,成功有序化（5/5 个候选通过几何检查）
dlj.cif,dlj,Li24.024 P4 Se4.0 S14.61936 Br4,False,100,50.64336,25,12.66084,ok,,0.00361,True,5,4,92,3,Li;S;Se,1,3,0,Li@0.441[m=48];Li@0.119[m=24];Se@0.65484[m=4];S@0.91371+Se@0.08629[m=16],geometry_ok,5,5,OBELIX/ordered_cifs/dlj_ordered.cif,Li18 P3 Se3 S11 Br3,38,3,0.0,0,6,2.13510678,Li-S,0.91635484,Li-S,2.42743780,,0,,成功有序化（5/5 个候选通过几何检查）
dmq.cif,dmq,Li24.376 Al7.464 S23.392,False,72,55.232,36,27.616,ok,,1.31e-08,True,8,7,56,3,Al;Li;S,1,6,0,Li@0.5[m=8];Li@0.1[m=8];Li@0.4[m=8];Li@0.98[m=8];Al@0.933+Li@0.067[m=8];S@0.976[m=8];S@0.948[m=8],manual_review,5,0,,Li37 Al11 S35,83,3,0.004444777953063583,2,0,0.53027499,Li-Li,0.20713867,Li-Li,0.53027499,distance<0.8;radius_ratio<0.75;Li-Li<1.8,5,OBELIX/ordered_cifs/erro/dmq_ordered.cif,未通过几何检查（0/5 个候选通过；原因：distance<0.8;radius_ratio<0.75;Li-Li<1.8）
dth.cif,dth,Li16 Ge4 O16,True,36,36,18,18,ok,,1.3e-12,False,0,0,0,0,,0,0,0,,source_ordered,1,1,OBELIX/ordered_cifs/dth_ordered.cif,Li8 Ge2 O8,18,,0.0,0,0,1.75201092,Ge-O,0.90768353,Li-Li,2.32366983,,0,,原始 CIF 已完全有序，并通过几何检查
duf.cif,duf,Li70.536 La5.976 Zr2.672 Sb0.112 O96,False,232,175.296,116,87.648,ok,,0.00077,True,5,3,136,4,La;Li;Sb;Zr,0,3,0,Li@0.609[m=96];La@0.249+Li@0.503[m=24];Sb@0.007+Zr@0.167[m=16],manual_review,5,0,,Li106 La9 Zr4 Sb1 O144,264,3,9.12741876597234e-05,0,0,1.33331159,Li-Li,0.52082484,Li-Li,1.33331159,radius_ratio<0.75;Li-Li<1.8,5,OBELIX/ordered_cifs/erro/duf_ordered.cif,未通过几何检查（0/5 个候选通过；原因：radius_ratio<0.75;Li-Li<1.8）
dvb.cif,dvb,Li41.63232 La24 Y0.8 Nb15.2 O96,False,304,177.63232,152,88.81616,ok,,6.39e-05,True,5,4,184,3,Li;Nb;Y,1,3,0,Li@0.16367[m=96];Li@0.139[m=48];Li@0.802[m=24];Nb@0.95+Y@0.05[m=16],manual_review,5,0,,Li42 La24 Y1 Nb15 O96,178,2,0.0015814917293420494,0,0,0.79688098,Li-Li,0.31128163,Li-Li,0.79688098,distance<0.8;radius_ratio<0.75;Li-Li<1.8,5,OBELIX/ordered_cifs/erro/dvb_ordered.cif,未通过几何检查（0/5 个候选通过；原因：distance<0.8;radius_ratio<0.75;Li-Li<1.8）
dvn.cif,dvn,Li16 Mg8 Cl32,False,56,56,14,14,ok,,6.24e-07,True,2,1,16,2,Li;Mg,1,0,0,Li@0.5+Mg@0.5[m=16],geometry_ok,1,1,OBELIX/ordered_cifs/dvn_ordered.cif,Li4 Mg2 Cl8,14,1,0.0,0,0,2.39260738,Cl-Li,1.03770439,Cl-Mg,3.67730881,,0,,成功有序化（1/1 个候选通过几何检查）
e6a.cif,e6a,Li51.312 La24 Zr13.6 Ta2.4 O96,False,256,187.312,128,93.656,ok,,0.00069,True,4,3,136,3,Li;Ta;Zr,1,2,0,Li@0.522[m=96];Li@0.05[m=24];Ta@0.15+Zr@0.85[m=16],manual_review,5,0,,Li26 La12 Zr7 Ta1 O48,94,1,0.001865310809255458,0,0,1.03229282,Li-O,0.44418244,Li-Li,1.13710703,radius_ratio<0.75;Li-Li<1.8,5,OBELIX/ordered_cifs/erro/e6a_ordered.cif,未通过几何检查（0/5 个候选通过；原因：radius_ratio<0.75;Li-Li<1.8）
e6b.cif,e6b,Li16 Ge4 S16,False,40,36,40,36,ok,,2e-07,True,1,1,8,1,Li,0,1,0,Li@0.5[m=8],geometry_ok,1,1,OBELIX/ordered_cifs/e6b_ordered.cif,Li16 Ge4 S16,36,1,0.0,4,0,2.07093446,Ge-S,0.92041531,Ge-S,2.50146124,,0,,成功有序化（1/1 个候选通过几何检查）
e81.cif,e81,Sr7.728 Li8.272 Zr0.8 Ta15.2 O48 F8,False,136,88,34,22,ok,,<1E-10,True,5,3,128,5,Li;O;Sr;Ta;Zr,2,1,0,Li@0.517+Sr@0.483[m=16];Ta@0.95+Zr@0.05[m=16];O@0.5[m=96],manual_review,5,0,,Sr6 Li6 Zr1 Ta11 O36 F6,66,3,0.00606060606060606,8,0,0.68597338,O-O,0.51967680,O-O,3.69990441,distance<0.8;radius_ratio<0.75;O-O<1.2,5,OBELIX/ordered_cifs/erro/e81_ordered.cif,未通过几何检查（0/5 个候选通过；原因：distance<0.8;radius_ratio<0.75;O-O<1.2）
ecp.cif,ecp,Li4 La4 O8,True,16,16,16,16,ok,,<1E-10,False,0,0,0,0,,0,0,0,,source_ordered,1,1,OBELIX/ordered_cifs/ecp_ordered.cif,Li4 La4 O8,16,,0.0,0,0,1.77715972,Li-O,0.85294961,La-Li,2.73830968,,0,,原始 CIF 已完全有序，并通过几何检查
ei3.cif,ei3,Li9 Y3 Cl18,False,35,30,35,30,ok,,0.000539,True,4,4,16,2,Li;Y,0,4,0,Li@0.87538[m=6];Li@0.62462[m=6];Y@0.56592[m=2];Y@0.43408[m=2],geometry_ok,5,5,OBELIX/ordered_cifs/ei3_ordered.cif,Li45 Y15 Cl90,150,5,0.0,0,0,2.44441546,Cl-Li,0.78645162,Y-Y,3.02347549,,0,,成功有序化（5/5 个候选通过几何检查）
ek5.cif,ek5,Sr7.9424 Li8.0576 Nb16 O48 F8,False,88,88,22,22,ok,,<1E-10,True,2,1,16,2,Li;Sr,1,0,0,Li@0.5036+Sr@0.4964[m=16],geometry_ok,1,1,OBELIX/ordered_cifs/ek5_ordered.cif,Sr2 Li2 Nb4 O12 F2,22,1,0.0,0,0,1.96471414,Nb-O,0.85422354,Nb-O,3.70584411,,0,,成功有序化（1/1 个候选通过几何检查）
elz.cif,elz,Li6 Y1.99998 Br12,False,30,19.99998,15,9.99999,ok,,0.00192,True,6,4,18,2,Li;Y,0,4,0,Li@0.09492[m=8];Li@0.53358[m=4];Li@0.75378+Y@0.11935[m=4];Li@0.0456+Y@0.76129[m=2],geometry_ok,5,4,OBELIX/ordered_cifs/elz_ordered.cif,Li15 Y5 Br30,50,5,0.0,0,0,2.08092715,Br-Li,0.81015803,Br-Y,2.14980624,,1,OBELIX/ordered_cifs/erro/elz_ordered.cif,成功有序化（4/5 个候选通过几何检查）
etz.cif,etz,Li35.76 La24 Zr16 O96,False,256,171.76,128,85.88,ok,,1.97e-06,True,2,2,120,1,Li,0,2,0,Li@0.28[m=96];Li@0.37[m=24],manual_review,5,0,,Li17 La12 Zr8 O48,85,1,0.008197484862598886,0,0,1.51040543,Li-O,0.61421694,Li-Li,1.57239537,radius_ratio<0.75;Li-Li<1.8,5,OBELIX/ordered_cifs/erro/etz_ordered.cif,未通过几何检查（0/5 个候选通过；原因：radius_ratio<0.75;Li-Li<1.8）
fam.cif,fam,Li47.328 La24 Sm3.6 Ta12.4 O96,False,304,183.328,152,91.664,ok,,1.18e-05,True,5,4,184,3,Li;Sm;Ta,1,3,0,Li@0.21[m=96];Li@0.228[m=48];Li@0.676[m=24];Sm@0.225+Ta@0.775[m=16],manual_review,5,0,,Li23 La12 Sm2 Ta6 O48,91,1,0.004376352658783278,0,0,0.51684579,Li-Li,0.20189289,Li-Li,0.51684579,distance<0.8;radius_ratio<0.75;Li-Li<1.8,5,OBELIX/ordered_cifs/erro/fam_ordered.cif,未通过几何检查（0/5 个候选通过；原因：distance<0.8;radius_ratio<0.75;Li-Li<1.8）
fft.cif,fft,Li6 N2,True,8,8,8,8,ok,,0.0002085,False,0,0,0,0,,0,0,0,,source_ordered,1,1,OBELIX/ordered_cifs/fft_ordered.cif,Li6 N2,8,,0.0,0,0,2.00740275,Li-Li,0.78414170,Li-Li,2.00740275,,0,,原始 CIF 已完全有序，并通过几何检查
fj5.cif,fj5,Li12.964 Si1 P3 O16,False,56,32.964,56,32.964,ok,,4.49e-07,True,8,7,40,3,Li;P;Si,1,6,0,Li@0.073[m=8];Li@0.16[m=8];Li@0.86[m=8];Li@0.9[m=4];Li@0.091[m=4];Li@0.064[m=4];P@0.75+Si@0.25[m=4],manual_review,5,0,,Li39 Si3 P9 O48,99,3,0.0,12,0,1.40033907,Li-Li,0.54700745,Li-Li,1.40033907,radius_ratio<0.75;Li-Li<1.8,5,OBELIX/ordered_cifs/erro/fj5_ordered.cif,未通过几何检查（0/5 个候选通过；原因：radius_ratio<0.75;Li-Li<1.8）
fkj.cif,fkj,Li25.99992 Si2 P2 S20 Br4.0,False,100,53.99992,25,13.49998,ok,,0.00219,True,8,5,84,5,Br;Li;P;S;Si,3,2,0,Li@0.46083[m=48];Li@0.16167[m=24];P@0.5+Si@0.5[m=4];Br@0.18+S@0.82[m=4];Br@0.82+S@0.18[m=4],geometry_ok,5,5,OBELIX/ordered_cifs/fkj_ordered.cif,Li36 Si3 P3 S30 Br6,78,6,0.019942251766298824,0,6,2.12655270,P-S,0.89478178,Li-Li,2.29064137,,0,,成功有序化（5/5 个候选通过几何检查）
fwz.cif,fwz,Li8 Si4 S12,True,24,24,12,12,ok,,2e-06,False,0,0,0,0,,0,0,0,,source_ordered,1,1,OBELIX/ordered_cifs/fwz_ordered.cif,Li4 Si2 S6,12,,0.0,0,0,2.02364372,S-Si,0.87687441,Li-Li,2.24479850,,0,,原始 CIF 已完全有序，并通过几何检查
g5q.cif,g5q,Li52.032 La24 Zr12 Ta4 O96,False,256,188.032,128,94.016,ok,,0.00028,True,4,3,136,3,Li;Ta;Zr,1,2,0,Li@0.302[m=96];Li@0.96[m=24];Ta@0.25+Zr@0.75[m=16],manual_review,5,0,,Li26 La12 Zr6 Ta2 O48,94,1,0.0,0,0,0.65678323,Li-Li,0.25655595,Li-Li,0.65678323,distance<0.8;radius_ratio<0.75;Li-Li<1.8,5,OBELIX/ordered_cifs/erro/g5q_ordered.cif,未通过几何检查（0/5 个候选通过；原因：distance<0.8;radius_ratio<0.75;Li-Li<1.8）
ga9.cif,ga9,Li5.88 Ce8 B24 H96 Cl8,False,148,141.88,74,70.94,ok,,0.000103,True,1,1,12,1,Li,0,1,0,Li@0.49[m=12],geometry_ok,2,2,OBELIX/ordered_cifs/ga9_ordered.cif,Li3 Ce4 B12 H48 Cl4,71,1,0.0,0,0,0.89427908,B-H,0.77763398,B-H,4.14379069,,0,,成功有序化（2/2 个候选通过几何检查）
gas.cif,gas,Li0.31 La0.63 Ti0.9 Co0.1 O3,False,5,4.94,5,4.94,ok,,0.00026,True,4,2,2,4,Co;La;Li;Ti,1,1,0,La@0.63+Li@0.31[m=1];Co@0.1+Ti@0.9[m=1],geometry_ok,5,5,OBELIX/ordered_cifs/gas_ordered.cif,Li3 La6 Ti9 Co1 O30,49,10,0.005081384780632914,0,0,1.94225000,O-Ti,0.85940265,O-Ti,5.49351258,,0,,成功有序化（5/5 个候选通过几何检查）
gcj.cif,gcj,Li48.048 Ca7.992 La16.008 Nb16 O96,False,256,184.048,128,92.024,ok,,1.33e-06,True,4,3,144,3,Ca;La;Li,1,2,0,Li@0.348[m=96];Li@0.61[m=24];Ca@0.333+La@0.667[m=24],manual_review,5,0,,Li24 Ca4 La8 Nb8 O48,92,1,0.0,0,0,0.42583251,Li-Li,0.16634082,Li-Li,0.42583251,distance<0.8;radius_ratio<0.75;Li-Li<1.8,5,OBELIX/ordered_cifs/erro/gcj_ordered.cif,未通过几何检查（0/5 个候选通过；原因：distance<0.8;radius_ratio<0.75;Li-Li<1.8）
gdr.cif,gdr,Li49.632 La24 Zr9.6 Ta6.4 O96,False,256,185.632,128,92.816,ok,,0.00032,True,4,3,136,3,Li;Ta;Zr,1,2,0,Li@0.96[m=24];Li@0.277[m=96];Ta@0.4+Zr@0.6[m=16],manual_review,5,0,,Li25 La12 Zr5 Ta3 O48,93,1,0.0022187498262257327,0,0,0.78632139,Li-Li,0.30715679,Li-Li,0.78632139,distance<0.8;radius_ratio<0.75;Li-Li<1.8,5,OBELIX/ordered_cifs/erro/gdr_ordered.cif,未通过几何检查（0/5 个候选通过；原因：distance<0.8;radius_ratio<0.75;Li-Li<1.8）
gkl.cif,gkl,Li39.936 La24 Nb16 O96,False,304,175.936,152,87.968,ok,,5.08e-06,True,3,3,168,1,Li,0,3,0,Li@0.152[m=96];Li@0.836[m=24];Li@0.11[m=48],manual_review,5,0,,Li20 La12 Nb8 O48,88,1,0.0,0,0,0.49850740,Li-Li,0.19472945,Li-Li,0.49850740,distance<0.8;radius_ratio<0.75;Li-Li<1.8,5,OBELIX/ordered_cifs/erro/gkl_ordered.cif,未通过几何检查（0/5 个候选通过；原因：distance<0.8;radius_ratio<0.75;Li-Li<1.8）
goi.cif,goi,Li4 H28 C12 N4 Cl4 O4,True,56,56,56,56,ok,,0.00016,False,0,0,0,0,,0,0,0,,source_ordered,1,1,OBELIX/ordered_cifs/goi_ordered.cif,Li4 H28 C12 N4 Cl4 O4,56,,0.0,0,0,0.95024401,C-H,0.90287349,C-O,2.81540320,,0,,原始 CIF 已完全有序，并通过几何检查
gvd.cif,gvd,Li3 N1,True,4,4,4,4,ok,,0.0005767,False,0,0,0,0,,0,0,0,,source_ordered,1,1,OBELIX/ordered_cifs/gvd_ordered.cif,Li3 N1,4,,0.0,0,0,1.93750000,Li-N,0.82272413,Li-Li,2.10617378,,0,,原始 CIF 已完全有序，并通过几何检查
gw2.cif,gw2,Li8.364 Al2.376 Ge9.624 P18 O72,False,144,110.364,48,36.788,ok,,0.000188,True,4,3,54,3,Al;Ge;Li,1,2,0,Li@0.124[m=36];Li@0.65[m=6];Al@0.198+Ge@0.802[m=12],geometry_ok,5,4,OBELIX/ordered_cifs/gw2_ordered.cif,Li8 Al2 Ge10 P18 O72,110,3,0.0037067423171587427,0,0,1.40137106,O-P,0.81004108,O-P,2.22903249,,1,OBELIX/ordered_cifs/erro/gw2_ordered.cif,成功有序化（4/5 个候选通过几何检查）
gwu.cif,gwu,Li0.292 La0.708 Ti0.60639361 Al0.39360639 O3,False,5,5,5,5,ok,,1.04e-07,True,4,2,2,4,Al;La;Li;Ti,2,0,0,La@0.708+Li@0.292[m=1];Al@0.39360639+Ti@0.60639361[m=1],geometry_ok,5,5,OBELIX/ordered_cifs/gwu_ordered.cif,Li2 La5 Ti4 Al3 O21,35,7,0.004435564435564449,0,0,1.92359996,O-Ti,0.85115043,O-Ti,11.54160004,,0,,成功有序化（5/5 个候选通过几何检查）
gxz.cif,gxz,Li8 Zn2 P4 O16,False,32,30,32,30,ok,,<1E-10,True,3,2,12,2,Li;Zn,1,1,0,Li@0.5[m=4];Li@0.75+Zn@0.25[m=8],geometry_ok,5,5,OBELIX/ordered_cifs/gxz_ordered.cif,Li8 Zn2 P4 O16,30,1,0.0,0,0,1.50003082,O-P,0.86706984,O-P,2.72023728,,0,,成功有序化（5/5 个候选通过几何检查）
gz8.cif,gz8,Li40.0752 La24 Ta16 O96,False,304,176.0752,152,88.0376,ok,,1.59e-05,True,3,3,168,1,Li,0,3,0,Li@0.147[m=96];Li@0.1399[m=48];Li@0.802[m=24],manual_review,5,0,,Li20 La12 Ta8 O48,88,1,0.0,0,0,0.65453238,Li-Li,0.25567671,Li-Li,0.65453238,distance<0.8;radius_ratio<0.75;Li-Li<1.8,5,OBELIX/ordered_cifs/erro/gz8_ordered.cif,未通过几何检查（0/5 个候选通过；原因：distance<0.8;radius_ratio<0.75;Li-Li<1.8）
h5i.cif,h5i,Na0.4 Li0.1 La0.5 Nb2 O6,False,9,9,9,9,ok,,1.21e-05,True,3,1,1,3,La;Li;Na,1,0,0,La@0.5+Li@0.1+Na@0.4[m=1],geometry_ok,5,5,OBELIX/ordered_cifs/h5i_ordered.cif,Na3 Li1 La4 Nb16 O48,72,8,0.002777777777777782,0,0,1.87794180,Nb-O,0.81649644,Nb-O,,,0,,成功有序化（5/5 个候选通过几何检查）
h6c.cif,h6c,Li6 V2 O8,True,16,16,16,16,ok,,9.2e-14,False,0,0,0,0,,0,0,0,,source_ordered,1,1,OBELIX/ordered_cifs/h6c_ordered.cif,Li6 V2 O8,16,,0.0,0,0,1.68477889,O-V,0.76930543,O-V,3.00585393,,0,,原始 CIF 已完全有序，并通过几何检查
h7r.cif,h7r,Li6 Ti8.4 Sn3.6 P18 O72,False,108,108,36,36,ok,,2.28e-05,True,2,1,12,2,Sn;Ti,1,0,0,Sn@0.3+Ti@0.7[m=12],manual_review,1,0,,Li2 Ti3 Sn1 P6 O24,36,1,0.005555555555555557,0,0,1.15884478,O-P,0.66985247,O-P,6.05537908,radius_ratio<0.75,1,OBELIX/ordered_cifs/erro/h7r_ordered.cif,未通过几何检查（0/1 个候选通过；原因：radius_ratio<0.75）
h82.cif,h82,Li23.976 P4 S19.99606394 I2.99996404 Br0.99997203,False,100,51.972,25,12.993,ok,,4.72e-06,True,8,4,80,4,Br;I;Li;S,1,3,0,Li@0.185[m=24];Li@0.407[m=48];Br@0.006993007+I@0.008991009+S@0.98401598[m=4];Br@0.243+I@0.741+S@0.015[m=4],geometry_ok,5,5,OBELIX/ordered_cifs/h82_ordered.cif,Li24 P4 S20 I3 Br1,52,4,0.0,0,6,1.98315855,P-S,0.93545215,P-S,2.54481091,,0,,成功有序化（5/5 个候选通过几何检查）
h89.cif,h89,Ba7.9992 Li48.0 La16.0008 Ta16 O96,False,208,184,104,92,ok,,1.5e-05,True,4,3,96,3,Ba;La;Li,1,2,0,Li@0.705[m=48];Li@0.59[m=24];Ba@0.3333+La@0.6667[m=24],geometry_ok,5,5,OBELIX/ordered_cifs/h89_ordered.cif,Ba4 Li24 La8 Ta8 O48,92,1,0.0,0,0,1.91089325,Li-O,0.77761884,Li-Li,1.99070422,,0,,成功有序化（5/5 个候选通过几何检查）
hai.cif,hai,Li1.956 Ca1.896 P6 Pb6.12 O24,False,40,39.972,40,39.972,ok,,<1E-10,True,5,2,10,3,Ca;Li;Pb,1,1,0,Ca@0.219+Li@0.489+Pb@0.285[m=4];Ca@0.17+Pb@0.83[m=6],manual_review,5,0,,Li2 Ca2 P6 Pb6 O24,40,1,0.003045901515753374,0,0,1.25411598,O-P,0.72492253,O-P,6.62392426,radius_ratio<0.75,5,OBELIX/ordered_cifs/erro/hai_ordered.cif,未通过几何检查（0/5 个候选通过；原因：radius_ratio<0.75）
hbz.cif,hbz,Li24.024 P4 Se0.8 S19.196 Br3.996,False,104,52.016,26,13.004,ok,,0.00392,True,7,5,84,4,Br;Li;S;Se,0,5,0,Li@0.441[m=48];Li@0.119[m=24];Se@0.2[m=4];Br@0.102+S@0.697[m=4];Br@0.897+S@0.102[m=4],geometry_ok,5,5,OBELIX/ordered_cifs/hbz_ordered.cif,Li54 P9 Se2 S43 Br9,117,9,0.001704669437674668,0,6,1.94423365,P-S,0.90170656,Li-Li,2.30836879,,0,,成功有序化（5/5 个候选通过几何检查）
hcm.cif,hcm,Li40 La24 Ta16 O96,True,176,176,88,88,ok,,3.4e-05,False,0,0,0,0,,0,0,0,,manual_review,1,0,,Li20 La12 Ta8 O48,88,,0.0,0,0,1.84489356,O-Ta,0.67665897,La-Li,3.92622587,radius_ratio<0.75,1,OBELIX/ordered_cifs/erro/hcm_ordered.cif,原始 CIF 已有序，但未通过几何检查（0/1 个候选通过；原因：radius_ratio<0.75）
hja.cif,hja,Li2 Ce1 Pr1 Mo4 O16,False,24,24,12,12,ok,,1e-09,True,3,1,4,3,Ce;Li;Pr,1,0,0,Ce@0.25+Li@0.5+Pr@0.25[m=4],geometry_ok,3,3,OBELIX/ordered_cifs/hja_ordered.cif,Li2 Ce1 Pr1 Mo4 O16,24,2,0.0,0,0,1.80768092,Mo-O,0.82167314,Mo-O,5.28400000,,0,,成功有序化（3/3 个候选通过几何检查）
hta.cif,hta,La1.13 Ti2 O6,False,10,9.13,10,9.13,ok,,0.000957,True,2,2,2,1,La,0,2,0,La@0.75[m=1];La@0.38[m=1],geometry_ok,5,5,OBELIX/ordered_cifs/hta_ordered.cif,La6 Ti10 O30,46,5,0.006666984142101998,0,0,1.88230748,O-Ti,0.83287942,O-Ti,,,0,,成功有序化（5/5 个候选通过几何检查）
hud.cif,hud,Ba7.9992 Li47.52 La16.0008 Ta16 O96,False,256,183.52,128,91.76,ok,,1.3e-05,True,4,3,144,3,Ba;La;Li,1,2,0,Li@0.42[m=96];Li@0.3[m=24];Ba@0.3333+La@0.6667[m=24],manual_review,5,0,,Ba4 Li24 La8 Ta8 O48,92,1,0.0,0,0,0.44087316,Li-Li,0.17221608,Li-Li,0.44087316,distance<0.8;radius_ratio<0.75;Li-Li<1.8,5,OBELIX/ordered_cifs/erro/hud_ordered.cif,未通过几何检查（0/5 个候选通过；原因：distance<0.8;radius_ratio<0.75;Li-Li<1.8）
hx7.cif,hx7,Li2.001 Br1 O1,False,5,4.001,5,4.001,ok,,1.2e-06,True,1,1,3,1,Li,0,1,0,Li@0.667[m=3],geometry_ok,1,1,OBELIX/ordered_cifs/hx7_ordered.cif,Li2 Br1 O1,4,1,6.248437890529757e-05,0,0,2.02800000,Li-O,1.04536082,Li-O,2.86802510,,0,,成功有序化（1/1 个候选通过几何检查）
i12.cif,i12,Li8.0 Ti12 Co4 O32,False,56,56,56,56,ok,,<1E-10,True,4,2,12,2,Co;Li,2,0,0,Co@0.1+Li@0.9[m=4];Co@0.45+Li@0.55[m=8],geometry_ok,5,5,OBELIX/ordered_cifs/i12_ordered.cif,Li16 Ti24 Co8 O64,112,2,0.0,0,0,1.69841658,Li-O,0.78202255,O-Ti,3.53887185,,0,,成功有序化（5/5 个候选通过几何检查）
i47.cif,i47,Li2 Zn2 P2 S8,True,14,14,7,7,ok,,5.4e-08,False,0,0,0,0,,0,0,0,,source_ordered,1,1,OBELIX/ordered_cifs/i47_ordered.cif,Li1 Zn1 P1 S4,7,,0.0,0,0,2.05310628,P-S,0.96844636,P-S,,,0,,原始 CIF 已完全有序，并通过几何检查
i4l.cif,i4l,Li16.0 Ge4 Se11.876 S4.124,False,48,36,48,36,ok,,1.5e-05,True,9,6,40,3,Li;S;Se,3,3,0,Li@0.5[m=8];Li@0.46[m=8];Li@0.54[m=8];S@0.212+Se@0.788[m=8];S@0.255+Se@0.745[m=4];S@0.352+Se@0.648[m=4],geometry_ok,5,5,OBELIX/ordered_cifs/i4l_ordered.cif,Li32 Ge8 Se24 S8,72,2,0.0,12,0,2.24488784,Li-Se,0.90519671,Li-Se,2.40205556,,0,,成功有序化（5/5 个候选通过几何检查）
ia5.cif,ia5,Li2 La2 Nb4 O14,False,24,22,12,11,ok,,<1E-8,True,1,1,4,1,Li,0,1,0,Li@0.5[m=4],geometry_ok,1,1,OBELIX/ordered_cifs/ia5_ordered.cif,Li1 La1 Nb2 O7,11,1,0.0,0,0,1.94933721,Nb-O,0.84753792,Nb-O,,,0,,成功有序化（1/1 个候选通过几何检查）
iiy.cif,iiy,Li24.79992 Si0.8 P3.2 S20 Br4.0,False,100,52.79992,25,13.19998,ok,,0.00169,True,8,5,84,5,Br;Li;P;S;Si,3,2,0,Li@0.44833[m=48];Li@0.13667[m=24];P@0.8+Si@0.2[m=4];Br@0.16+S@0.84[m=4];Br@0.84+S@0.16[m=4],geometry_ok,5,5,OBELIX/ordered_cifs/iiy_ordered.cif,Li30 Si1 P4 S25 Br5,65,5,0.008157704667850929,0,6,2.15240074,P-S,0.95583901,Li-S,2.52146546,,0,,成功有序化（5/5 个候选通过几何检查）
ij5.cif,ij5,Li24 P4 S20 Br2 Cl2.0,False,76,52,19,13,ok,,0.00333,True,7,3,56,4,Br;Cl;Li;S,2,1,0,Li@0.5[m=48];Br@0.297+Cl@0.211+S@0.492[m=4];Br@0.203+Cl@0.289+S@0.508[m=4],geometry_ok,5,5,OBELIX/ordered_cifs/ij5_ordered.cif,Li24 P4 S20 Br2 Cl2,52,4,0.0,0,0,2.01951276,P-S,0.81884561,Li-Li,2.09624477,,0,,成功有序化（5/5 个候选通过几何检查）
ik8.cif,ik8,Li20 Sn1.168 Ge0.832 P4 S24,False,66,50,66,50,ok,,0.00743,True,7,5,40,4,Ge;Li;P;Sn,1,4,0,Li@0.68[m=4];Li@0.5[m=16];Li@0.54[m=8];Li@0.62[m=8];Ge@0.208+P@0.5+Sn@0.292[m=4],manual_review,5,0,,Li59 Sn4 Ge2 P12 S72,149,3,0.004026845637583931,4,0,1.36882783,Li-Li,0.53469837,Li-Li,1.36882783,radius_ratio<0.75;Li-Li<1.8,5,OBELIX/ordered_cifs/erro/ik8_ordered.cif,未通过几何检查（0/5 个候选通过；原因：radius_ratio<0.75;Li-Li<1.8）
ipo.cif,ipo,Li56 La24 Hf16 O96,True,192,192,96,96,ok,,9.85e-07,False,0,0,0,0,,0,0,0,,source_ordered,1,1,OBELIX/ordered_cifs/ipo_ordered.cif,Li28 La12 Hf8 O48,96,,0.0,0,0,1.77483054,Li-O,0.81977030,La-O,2.43236512,,0,,原始 CIF 已完全有序，并通过几何检查
iqt.cif,iqt,Li8.40012 Ti9.6 Al2.4 P18 O72,False,144,110.40012,48,36.80004,ok,,0.000388,True,3,2,48,3,Al;Li;Ti,1,1,0,Li@0.06667[m=36];Al@0.2+Ti@0.8[m=12],geometry_ok,2,2,OBELIX/ordered_cifs/iqt_ordered.cif,Li3 Ti3 Al1 P6 O24,37,1,0.0058753461401936935,0,0,1.50585696,O-P,0.83241145,O-Ti,3.04987735,,0,,成功有序化（2/2 个候选通过几何检查）
ish.cif,ish,Li24.69984 Si0.7 P3.3 S20 Br4,False,100,52.69984,25,13.17496,ok,,0.000931,True,8,5,84,5,Br;Li;P;S;Si,3,2,0,Li@0.13458[m=24];Li@0.44729[m=48];P@0.825+Si@0.175[m=4];Br@0.21+S@0.79[m=4];Br@0.79+S@0.21[m=4],geometry_ok,5,5,OBELIX/ordered_cifs/ish_ordered.cif,Li30 Si1 P4 S25 Br5,65,5,0.007150627460670134,0,6,1.97591055,P-S,0.87924720,Li-Li,2.25087282,,0,,成功有序化（5/5 个候选通过几何检查）
ix1.cif,ix1,Li5.22 Hf12.192 P18 O72,False,144,107.412,48,35.804,ok,,3.2e-07,True,2,2,42,2,Hf;Li,0,2,0,Li@0.145[m=36];Hf@0.032[m=6],geometry_ok,5,4,OBELIX/ordered_cifs/ix1_ordered.cif,Li2 Hf4 P6 O24,36,1,0.0026570559749211145,0,0,1.60292701,O-P,0.78479423,Hf-O,5.69042532,,1,OBELIX/ordered_cifs/erro/ix1_ordered.cif,成功有序化（4/5 个候选通过几何检查）
j5g.cif,j5g,Li47.664 La24 Y4 Nb12 O96,False,304,183.664,152,91.832,ok,,0.000188,True,5,4,184,3,Li;Nb;Y,1,3,0,Li@0.218[m=96];Li@0.22[m=48];Li@0.674[m=24];Nb@0.75+Y@0.25[m=16],manual_review,5,0,,Li23 La12 Y2 Nb6 O48,91,1,0.006770126815427047,0,0,1.17061617,Li-Li,0.45727194,Li-Li,1.17061617,radius_ratio<0.75;Li-Li<1.8,5,OBELIX/ordered_cifs/erro/j5g_ordered.cif,未通过几何检查（0/5 个候选通过；原因：radius_ratio<0.75;Li-Li<1.8）
j8q.cif,j8q,Li20.056 Ge2 P4 S24,False,62,50.056,62,50.056,ok,,0.0121,True,6,5,36,3,Ge;Li;P,1,4,0,Li@0.466[m=16];Li@0.74[m=8];Li@0.81[m=4];Li@0.86[m=4];Ge@0.5+P@0.5[m=4],manual_review,5,0,,Li60 Ge6 P12 S72,150,3,0.0,0,0,1.60142082,Li-Li,0.62555501,Li-Li,1.60142082,radius_ratio<0.75;Li-Li<1.8,5,OBELIX/ordered_cifs/erro/j8q_ordered.cif,未通过几何检查（0/5 个候选通过；原因：radius_ratio<0.75;Li-Li<1.8）
jej.cif,jej,Li47.76 Ca7.9992 La16.0008 Ta16 O96,False,256,183.76,128,91.88,ok,,2.2e-06,True,4,3,144,3,Ca;La;Li,1,2,0,Li@0.32[m=96];Li@0.71[m=24];Ca@0.3333+La@0.6667[m=24],manual_review,5,0,,Li24 Ca4 La8 Ta8 O48,92,1,0.0,0,0,0.49355911,Li-Li,0.19279653,Li-Li,0.49355911,distance<0.8;radius_ratio<0.75;Li-Li<1.8,5,OBELIX/ordered_cifs/erro/jej_ordered.cif,未通过几何检查（0/5 个候选通过；原因：distance<0.8;radius_ratio<0.75;Li-Li<1.8）
jkq.cif,jkq,Li7.96 Mg4.04 Ti12 O32,False,56,56,56,56,ok,,1.53e-11,True,4,2,12,2,Li;Mg,2,0,0,Li@0.89+Mg@0.11[m=4];Li@0.55+Mg@0.45[m=8],geometry_ok,5,5,OBELIX/ordered_cifs/jkq_ordered.cif,Li16 Mg8 Ti24 O64,112,2,0.000714285714285709,0,0,1.78608097,O-Ti,0.79030131,O-Ti,3.51322697,,0,,成功有序化（5/5 个候选通过几何检查）
jl4.cif,jl4,Li8.56 Mg3.16 Ti12.28 O32,False,56,56,56,56,ok,,6.56e-10,True,5,2,12,3,Li;Mg;Ti,2,0,0,Li@0.92+Mg@0.01+Ti@0.07[m=4];Li@0.61+Mg@0.39[m=8],geometry_ok,5,5,OBELIX/ordered_cifs/jl4_ordered.cif,Li26 Mg9 Ti37 O96,168,3,0.0028571428571428567,0,0,1.83554905,Li-O,0.85949305,O-Ti,3.25641781,,0,,成功有序化（5/5 个候选通过几何检查）
joc.cif,joc,Li6 P2 S7.82,False,16,15.82,16,15.82,ok,,2.6e-07,True,3,3,8,1,S,0,3,0,S@0.97[m=4];S@0.98[m=2];S@0.99[m=2],geometry_ok,1,1,OBELIX/ordered_cifs/joc_ordered.cif,Li6 P2 S8,16,1,0.0,0,0,1.94169303,P-S,0.91589294,P-S,3.50590419,,0,,成功有序化（1/1 个候选通过几何检查）
jqc.cif,jqc,Li7 Bi1 O6,False,15,14,15,14,ok,,1.58489e-06,True,4,4,8,1,Li,0,4,0,Li@0.875[m=2];Li@0.875[m=2];Li@0.875[m=2];Li@0.875[m=2],manual_review,5,0,,Li20 Bi3 O18,41,3,0.012195121951219523,0,0,1.75113391,Li-O,0.74526890,Li-Li,1.90788839,radius_ratio<0.75,5,OBELIX/ordered_cifs/erro/jqc_ordered.cif,未通过几何检查（0/5 个候选通过；原因：radius_ratio<0.75）
jy6.cif,jy6,Li24 P4 Cl4 O20,True,52,52,13,13,ok,,1e-09,False,0,0,0,0,,0,0,0,,source_ordered,1,1,OBELIX/ordered_cifs/jy6_ordered.cif,Li6 P1 Cl1 O5,13,,0.0,0,0,1.50237481,O-P,0.86842475,O-P,2.54893765,,0,,原始 CIF 已完全有序，并通过几何检查
k4x.cif,k4x,Li20.708 Si2.7 P3.3 S24,False,62,50.708,62,50.708,ok,,0.0065,True,6,5,36,3,Li;P;Si,1,4,0,Li@0.458[m=16];Li@0.8[m=8];Li@0.829[m=4];Li@0.916[m=4];P@0.325+Si@0.675[m=4],manual_review,5,0,,Li42 Si5 P7 S48,102,2,0.004226428285284287,0,0,1.55411423,Li-Li,0.60707587,Li-Li,1.55411423,radius_ratio<0.75;Li-Li<1.8,5,OBELIX/ordered_cifs/erro/k4x_ordered.cif,未通过几何检查（0/5 个候选通过；原因：radius_ratio<0.75;Li-Li<1.8）
ka6.cif,ka6,Li40.032 La24 Ta16 O96,False,304,176.032,152,88.016,ok,,6.61e-06,True,3,3,168,1,Li,0,3,0,Li@0.147[m=96];Li@0.139[m=48];Li@0.802[m=24],manual_review,5,0,,Li20 La12 Ta8 O48,88,1,0.0,0,0,1.58541651,Li-Li,0.61930332,Li-Li,1.58541651,radius_ratio<0.75;Li-Li<1.8,5,OBELIX/ordered_cifs/erro/ka6_ordered.cif,未通过几何检查（0/5 个候选通过；原因：radius_ratio<0.75;Li-Li<1.8）
kab.cif,kab,Li7.8 Ti10.2 Al1.8 P18 O72,False,144,109.8,48,36.6,ok,,3.75e-05,True,3,2,48,3,Al;Li;Ti,1,1,0,Li@0.05[m=36];Al@0.15+Ti@0.85[m=12],geometry_ok,5,5,OBELIX/ordered_cifs/kab_ordered.cif,Li5 Ti7 Al1 P12 O48,73,2,0.00299423609551612,0,0,1.40401636,O-P,0.79282619,O-Ti,3.14234931,,0,,成功有序化（5/5 个候选通过几何检查）
kbo.cif,kbo,Sr8 Li8 Al4 P12 O48,True,80,80,80,80,ok,,<1E-10,False,0,0,0,0,,0,0,0,,source_ordered,1,1,OBELIX/ordered_cifs/kbo_ordered.cif,Sr8 Li8 Al4 P12 O48,80,,0.0,0,0,1.50462657,O-P,0.86972634,O-P,4.17432404,,0,,原始 CIF 已完全有序，并通过几何检查
kbq.cif,kbq,Li39.96 La24 Bi16 O96,False,256,175.96,128,87.98,ok,,1.9e-05,True,2,2,120,1,Li,0,2,0,Li@0.218[m=96];Li@0.793[m=24],manual_review,5,0,,Li20 La12 Bi8 O48,88,1,0.0,0,0,1.24109821,Li-O,0.63974135,Li-O,1.65339374,radius_ratio<0.75;Li-Li<1.8,5,OBELIX/ordered_cifs/erro/kbq_ordered.cif,未通过几何检查（0/5 个候选通过；原因：radius_ratio<0.75;Li-Li<1.8）
kbu.cif,kbu,Li45.696 La24 Sm2.8 Ta13.2 O96,False,304,181.696,152,90.848,ok,,2.15e-05,True,5,4,184,3,Li;Sm;Ta,1,3,0,Li@0.193[m=96];Li@0.227[m=48];Li@0.678[m=24];Sm@0.175+Ta@0.825[m=16],manual_review,5,0,,Li22 La12 Sm1 Ta7 O48,90,1,0.0062611927393377564,0,0,0.63365819,Li-Li,0.24752273,Li-Li,0.63365819,distance<0.8;radius_ratio<0.75;Li-Li<1.8,5,OBELIX/ordered_cifs/erro/kbu_ordered.cif,未通过几何检查（0/5 个候选通过；原因：distance<0.8;radius_ratio<0.75;Li-Li<1.8）
kfp.cif,kfp,Ba8 Li16 P16 O56,True,96,96,48,48,ok,,1.59881e-17,False,0,0,0,0,,0,0,0,,manual_review,1,0,,Ba4 Li8 P8 O28,48,,0.0,0,0,1.23962469,O-P,0.71654607,O-P,3.05953571,radius_ratio<0.75,1,OBELIX/ordered_cifs/erro/kfp_ordered.cif,原始 CIF 已有序，但未通过几何检查（0/1 个候选通过；原因：radius_ratio<0.75）
kgl.cif,kgl,Li24 P4 S19.99832967 Br0.99940859 Cl2.99826174,False,76,51.996,19,12.999,ok,,0.00226,True,7,3,56,4,Br;Cl;Li;S,1,2,0,Li@0.5[m=48];Br@0.102+Cl@0.315+S@0.582[m=4];Br@0.14785215+Cl@0.43456543+S@0.41758242[m=4],geometry_ok,5,5,OBELIX/ordered_cifs/kgl_ordered.cif,Li42 P7 S35 Br2 Cl5,91,7,0.0027373580339193106,0,0,1.95294674,P-S,0.78392076,Li-Li,2.00683714,,0,,成功有序化（5/5 个候选通过几何检查）
kh3.cif,kh3,Li50.496 La24 Zr12 Ta4 O96,False,328,186.496,164,93.248,ok,,0.00092,True,4,3,208,3,Li;Ta;Zr,1,2,0,Li@0.104[m=96];Li@0.422[m=96];Ta@0.25+Zr@0.75[m=16],manual_review,5,0,,Li25 La12 Zr6 Ta2 O48,93,1,0.0019446350949441915,0,0,1.01367495,Li-Li,0.39596678,Li-Li,1.01367495,radius_ratio<0.75;Li-Li<1.8,5,OBELIX/ordered_cifs/erro/kh3_ordered.cif,未通过几何检查（0/5 个候选通过；原因：radius_ratio<0.75;Li-Li<1.8）
kji.cif,kji,Li51.168 La24 Zr11.2 Ta4.8 O96,False,256,187.168,128,93.584,ok,,0.001,True,4,3,136,3,Li;Ta;Zr,1,2,0,Li@0.293[m=96];Li@0.96[m=24];Ta@0.3+Zr@0.7[m=16],manual_review,5,0,,Li26 La12 Zr6 Ta2 O48,94,1,0.004360046065665868,0,0,0.60385997,Li-Li,0.23588280,Li-Li,0.60385997,distance<0.8;radius_ratio<0.75;Li-Li<1.8,5,OBELIX/ordered_cifs/erro/kji_ordered.cif,未通过几何检查（0/5 个候选通过；原因：distance<0.8;radius_ratio<0.75;Li-Li<1.8）
kkn.cif,kkn,Li24 Br12 N4,False,112,40,28,10,ok,,1e-08,True,1,1,96,1,Li,0,1,0,Li@0.25[m=96],manual_review,5,0,,Li6 Br3 N1,10,1,0.0,0,0,1.34830159,Li-Li,0.52668031,Li-Li,1.34830159,radius_ratio<0.75;Li-Li<1.8,5,OBELIX/ordered_cifs/erro/kkn_ordered.cif,未通过几何检查（0/5 个候选通过；原因：radius_ratio<0.75;Li-Li<1.8）
kko.cif,kko,Li20.08 Sn2 P4 S24,False,70,50.08,70,50.08,ok,,0.0038,True,6,5,44,3,Li;P;Sn,1,4,0,Li@0.5[m=16];Li@0.35[m=16];Li@0.74[m=4];Li@0.88[m=4];P@0.5+Sn@0.5[m=4],manual_review,5,0,,Li40 Sn4 P8 S48,100,2,0.0,8,0,1.78051369,Li-Li,0.69551316,Li-Li,1.78051369,radius_ratio<0.75;Li-Li<1.8,5,OBELIX/ordered_cifs/erro/kko_ordered.cif,未通过几何检查（0/5 个候选通过；原因：radius_ratio<0.75;Li-Li<1.8）
klr.cif,klr,Li16 Sn4 Se8.092 S7.908,False,40,36,40,36,ok,,3.6e-05,True,7,4,24,3,Li;S;Se,3,1,0,Li@0.5[m=8];S@0.417+Se@0.583[m=8];S@0.511+Se@0.489[m=4];S@0.632+Se@0.368[m=4],geometry_ok,5,5,OBELIX/ordered_cifs/klr_ordered.cif,Li32 Sn8 Se16 S16,72,2,0.0,4,0,2.37105605,Li-S,0.92762290,Se-Sn,2.89984141,,0,,成功有序化（5/5 个候选通过几何检查）
kmv.cif,kmv,Li16 Sn4 S16,False,48,36,48,36,ok,,7e-05,True,2,2,16,1,Li,0,2,0,Li@0.25[m=8];Li@0.25[m=8],geometry_ok,5,4,OBELIX/ordered_cifs/kmv_ordered.cif,Li16 Sn4 S16,36,1,0.0,0,0,2.02664850,Li-Li,0.79165957,Li-Li,2.02664850,,1,OBELIX/ordered_cifs/erro/kmv_ordered.cif,成功有序化（4/5 个候选通过几何检查）
kop.cif,kop,Li20.064 Sn0.64372 Ge1.35628 P4 S24,False,70,50.064,70,50.064,ok,,0.0064,True,6,4,40,4,Ge;Li;P;Sn,1,3,0,Li@0.419[m=16];Li@0.42[m=16];Li@0.66[m=4];Ge@0.33907+P@0.5+Sn@0.16093[m=4],manual_review,5,0,,Li39 Sn1 Ge3 P8 S48,99,2,0.005613715895143867,0,0,1.45765705,Li-Li,0.56939728,Li-Li,1.45765705,radius_ratio<0.75;Li-Li<1.8,5,OBELIX/ordered_cifs/erro/kop_ordered.cif,未通过几何检查（0/5 个候选通过；原因：radius_ratio<0.75;Li-Li<1.8）
ku9.cif,ku9,Na0.1 Li0.4 La0.5 Nb2 O6,False,9,9,9,9,ok,,9.92e-06,True,3,1,1,3,La;Li;Na,1,0,0,La@0.5+Li@0.4+Na@0.1[m=1],geometry_ok,5,5,OBELIX/ordered_cifs/ku9_ordered.cif,Na1 Li3 La4 Nb16 O48,72,8,0.002777777777777782,0,0,1.87604665,Nb-O,0.81567246,Nb-O,5.52038269,,0,,成功有序化（5/5 个候选通过几何检查）
kxw.cif,kxw,Li18 Al18 Ge18 O72,True,126,126,42,42,ok,,<1E-10,False,0,0,0,0,,0,0,0,,manual_review,1,0,,Li6 Al6 Ge6 O24,42,,0.0,0,0,1.38491198,Ge-O,0.74457633,Ge-O,4.03894084,radius_ratio<0.75,1,OBELIX/ordered_cifs/erro/kxw_ordered.cif,原始 CIF 已有序，但未通过几何检查（0/1 个候选通过；原因：radius_ratio<0.75）
l2w.cif,l2w,Li3.3332 Mg0.3334 P2 S6,False,14,11.6666,14,11.6666,ok,,8.2e-08,True,5,4,8,3,Li;Mg;P,1,3,0,Li@0.8333[m=2];Li@0.8333+Mg@0.1667[m=2];P@0.199[m=2];P@0.801[m=2],geometry_ok,5,5,OBELIX/ordered_cifs/l2w_ordered.cif,Li10 Mg1 P6 S18,35,3,9.795974344306568e-06,2,0,2.05781386,P-S,0.97066691,P-S,3.29770000,,0,,成功有序化（5/5 个候选通过几何检查）
l6h.cif,l6h,Li51.168 La24 Zr14.4 Ta1.6 Al1.632 O96,False,256,188.8,128,94.4,ok,,0.000614,True,6,3,136,4,Al;Li;Ta;Zr,1,2,0,Al@0.004+Li@0.692[m=24];Al@0.016+Li@0.36[m=96];Ta@0.1+Zr@0.9[m=16],manual_review,5,0,,Li25 La12 Zr7 Ta1 Al1 O48,94,1,0.00201885704950977,0,0,1.08172832,Li-Li,0.42255013,Li-Li,1.08172832,radius_ratio<0.75;Li-Li<1.8,5,OBELIX/ordered_cifs/erro/l6h_ordered.cif,未通过几何检查（0/5 个候选通过；原因：radius_ratio<0.75;Li-Li<1.8）
l9r.cif,l9r,Li48.0 Ca7.9992 La16.0008 Ta16 O96,False,208,184,104,92,ok,,2.2e-06,True,4,3,96,3,Ca;La;Li,1,2,0,Li@0.727[m=48];Li@0.546[m=24];Ca@0.3333+La@0.6667[m=24],geometry_ok,5,5,OBELIX/ordered_cifs/l9r_ordered.cif,Li24 Ca4 La8 Ta8 O48,92,1,0.0,0,0,1.82360741,Li-O,0.76054920,Li-Li,1.94700595,,0,,成功有序化（5/5 个候选通过几何检查）
l9v.cif,l9v,Li36 Al12 F72,True,120,120,60,60,ok,,5e-07,False,0,0,0,0,,0,0,0,,source_ordered,1,1,OBELIX/ordered_cifs/l9v_ordered.cif,Li18 Al6 F36,60,,0.0,0,0,1.69922450,Al-F,0.87159802,Li-Li,2.23129094,,0,,原始 CIF 已完全有序，并通过几何检查
lap.cif,lap,Li7.8 Ti10.2 Al1.8 P18 O72,False,144,109.8,48,36.6,ok,,0.00113,True,3,2,48,3,Al;Li;Ti,1,1,0,Li@0.05[m=36];Al@0.15+Ti@0.85[m=12],manual_review,5,0,,Li5 Ti7 Al1 P12 O48,73,2,0.00299423609551612,0,0,1.58625047,O-P,0.70584296,O-Ti,2.99603320,radius_ratio<0.75,5,OBELIX/ordered_cifs/erro/lap_ordered.cif,未通过几何检查（0/5 个候选通过；原因：radius_ratio<0.75）
ldx.cif,ldx,Li6 Ge12 P18 O72,True,108,108,36,36,ok,,4.83e-09,False,0,0,0,0,,0,0,0,,source_ordered,1,1,OBELIX/ordered_cifs/ldx_ordered.cif,Li2 Ge4 P6 O24,36,,0.0,0,0,1.45975509,O-P,0.82431260,Ge-O,5.86812557,,0,,原始 CIF 已完全有序，并通过几何检查
lk8.cif,lk8,Li0.442 La0.558 Ti0.909 Al0.09 O3,False,5,4.999,5,4.999,ok,,0.00151,True,4,2,2,4,Al;La;Li;Ti,1,1,0,La@0.558+Li@0.442[m=1];Al@0.09+Ti@0.909[m=1],geometry_ok,5,5,OBELIX/ordered_cifs/lk8_ordered.cif,Li4 La5 Ti8 Al1 O27,45,9,0.0003858549487675278,0,0,1.93484996,O-Ti,0.85612830,O-Ti,3.86969996,,0,,成功有序化（5/5 个候选通过几何检查）
lkm.cif,lkm,Li24 Ge8 O28,True,60,60,60,60,ok,,8.5e-07,False,0,0,0,0,,0,0,0,,source_ordered,1,1,OBELIX/ordered_cifs/lkm_ordered.cif,Li24 Ge8 O28,60,,0.0,0,0,1.51417669,Li-O,0.78050345,Li-O,2.21184572,,0,,原始 CIF 已完全有序，并通过几何检查
lol.cif,lol,Li8.23396 P2 S8 I2,False,36,20.23396,36,20.23396,ok,,0.00012,True,5,5,24,1,Li,0,5,0,Li@0.0753[m=8];Li@0.37662[m=8];Li@0.67861[m=2];Li@0.52716[m=4];Li@0.57637[m=2],manual_review,5,0,,Li42 P10 S40 I10,102,5,0.004827062435395435,0,0,1.39770327,Li-Li,0.54597784,Li-Li,1.39770327,radius_ratio<0.75;Li-Li<1.8,5,OBELIX/ordered_cifs/erro/lol_ordered.cif,未通过几何检查（0/5 个候选通过；原因：radius_ratio<0.75;Li-Li<1.8）
lpt.cif,lpt,Li32.04 Nd24 Sb8 Te8 O96,False,256,168.04,128,84.02,ok,,8.7e-09,True,4,3,136,3,Li;Sb;Te,1,2,0,Li@0.087[m=96];Li@0.987[m=24];Sb@0.5+Te@0.5[m=16],manual_review,5,0,,Li16 Nd12 Sb4 Te4 O48,84,1,0.0,0,0,1.50725854,Li-O,0.73793838,Li-Li,1.88912225,radius_ratio<0.75,5,OBELIX/ordered_cifs/erro/lpt_ordered.cif,未通过几何检查（0/5 个候选通过；原因：radius_ratio<0.75）
lpx.cif,lpx,Li6.831 Y0.9 Zr11.088 P18 O72,False,156,108.819,52,36.273,ok,,7.1e-05,True,4,3,66,3,Li;Y;Zr,0,3,0,Li@0.0805[m=18];Li@0.1495[m=36];Y@0.075+Zr@0.924[m=12],manual_review,5,0,,Li5 Y1 Zr7 P12 O48,73,2,0.006003559763120558,0,0,1.48578626,O-P,0.66739890,Li-P,1.80752586,radius_ratio<0.75,5,OBELIX/ordered_cifs/erro/lpx_ordered.cif,未通过几何检查（0/5 个候选通过；原因：radius_ratio<0.75）
lrh.cif,lrh,Li10 V8 P12 O48,False,80,78,80,78,ok,,1.9e-07,True,2,2,8,1,Li,0,2,0,Li@0.96[m=4];Li@0.54[m=4],manual_review,3,0,,Li10 V8 P12 O48,78,1,0.0,0,0,1.21401538,O-P,0.70174299,O-P,2.78435810,radius_ratio<0.75,3,OBELIX/ordered_cifs/erro/lrh_ordered.cif,未通过几何检查（0/3 个候选通过；原因：radius_ratio<0.75）
lud.cif,lud,Li0.358 La0.642 Ti0.87 Al0.129 O3,False,5,4.999,5,4.999,ok,,0.000568,True,4,2,2,4,Al;La;Li;Ti,1,1,0,La@0.642+Li@0.358[m=1];Al@0.129+Ti@0.87[m=1],geometry_ok,5,5,OBELIX/ordered_cifs/lud_ordered.cif,Li2 La4 Ti5 Al1 O18,30,6,0.004947656197906242,0,0,1.93084996,O-Ti,0.85435839,O-Ti,5.46126857,,0,,成功有序化（5/5 个候选通过几何检查）
lxk.cif,lxk,Li26.688 Ge3.092 P0.908 S20 I4,False,100,54.688,25,13.672,ok,,0.00554,True,8,5,84,5,Ge;I;Li;P;S,3,2,0,Li@0.351[m=48];Li@0.41[m=24];Ge@0.773+P@0.227[m=4];I@0.056+S@0.944[m=4];I@0.944+S@0.056[m=4],manual_review,5,0,,Li67 Ge8 P2 S50 I10,137,10,0.0020047366240555572,0,0,0.72198985,Li-Li,0.28202728,Li-Li,0.72198985,distance<0.8;radius_ratio<0.75;Li-Li<1.8,5,OBELIX/ordered_cifs/erro/lxk_ordered.cif,未通过几何检查（0/5 个候选通过；原因：distance<0.8;radius_ratio<0.75;Li-Li<1.8）
m0v.cif,m0v,Li10.72 Ti13.28 O32,False,56,56,14,14,ok,,6.03e-08,True,2,1,16,2,Li;Ti,1,0,0,Li@0.17+Ti@0.83[m=16],geometry_ok,2,2,OBELIX/ordered_cifs/m0v_ordered.cif,Li5 Ti7 O16,28,2,0.012857142857142873,0,0,1.90017864,O-Ti,0.84078701,O-Ti,3.46670206,,0,,成功有序化（2/2 个候选通过几何检查）
mde.cif,mde,Li4 B24 O36 F4,True,68,68,68,68,ok,,<1E-10,False,0,0,0,0,,0,0,0,,manual_review,1,0,,Li4 B24 O36 F4,68,,0.0,0,0,1.11425336,B-O,0.74283558,B-O,3.86158697,radius_ratio<0.75,1,OBELIX/ordered_cifs/erro/mde_ordered.cif,原始 CIF 已有序，但未通过几何检查（0/1 个候选通过；原因：radius_ratio<0.75）
mdp.cif,mdp,Li14 P6 S22,True,42,42,42,42,ok,,0.0032,False,0,0,0,0,,0,0,0,,source_ordered,1,1,OBELIX/ordered_cifs/mdp_ordered.cif,Li14 P6 S22,42,,0.0,0,0,1.86397807,P-S,0.85398856,Li-S,2.34529125,,0,,原始 CIF 已完全有序，并通过几何检查
me3.cif,me3,Sr0.4008 Li4 La3.5992 O8,False,16,16,16,16,ok,,6.29e-10,True,2,1,4,2,La;Sr,1,0,0,La@0.8998+Sr@0.1002[m=4],geometry_ok,1,1,OBELIX/ordered_cifs/me3_ordered.cif,Sr1 Li8 La7 O16,32,2,0.006200000000000011,0,0,1.82532381,Li-O,0.84253206,La-O,2.97099545,,0,,成功有序化（1/1 个候选通过几何检查）
mfs.cif,mfs,Li8 Zn4 Ge12 O32,False,56,56,56,56,ok,,<1E-10,True,2,1,8,2,Li;Zn,1,0,0,Li@0.5+Zn@0.5[m=8],geometry_ok,5,5,OBELIX/ordered_cifs/mfs_ordered.cif,Li8 Zn4 Ge12 O32,56,1,0.0,0,0,1.77731428,Ge-O,0.95554531,Ge-O,3.33581034,,0,,成功有序化（5/5 个候选通过几何检查）
mfu.cif,mfu,Li12.0004 Fe3.9996 Mo12 O48,False,76,76,76,76,ok,,5.89e-10,True,4,2,12,2,Fe;Li,2,0,0,Fe@0.3333+Li@0.6667[m=8];Fe@0.3333+Li@0.6667[m=4],manual_review,5,0,,Li24 Fe8 Mo24 O96,152,2,0.0,0,0,1.51919289,Mo-O,0.69054222,Mo-O,2.57310168,radius_ratio<0.75,5,OBELIX/ordered_cifs/erro/mfu_ordered.cif,未通过几何检查（0/5 个候选通过；原因：radius_ratio<0.75）
mg4.cif,mg4,Li6 Ti10.2 Al1.8 P18 O72,False,108,108,36,36,ok,,0.0062,True,2,1,12,2,Al;Ti,1,0,0,Al@0.15+Ti@0.85[m=12],geometry_ok,1,1,OBELIX/ordered_cifs/mg4_ordered.cif,Li4 Ti7 Al1 P12 O48,72,2,0.002777777777777782,0,0,1.58360176,O-P,0.82780350,O-Ti,6.01061980,,0,,成功有序化（1/1 个候选通过几何检查）
mn3.cif,mn3,Li16 Sn4 Se16,False,40,36,40,36,ok,,4.5e-08,True,1,1,8,1,Li,0,1,0,Li@0.5[m=8],geometry_ok,1,1,OBELIX/ordered_cifs/mn3_ordered.cif,Li16 Sn4 Se16,36,1,0.0,4,0,2.20475936,Li-Se,0.88901587,Li-Se,3.04708752,,0,,成功有序化（1/1 个候选通过几何检查）
mq1.cif,mq1,Li6 Sb2 S8,True,16,16,16,16,ok,,4.8e-09,False,0,0,0,0,,0,0,0,,source_ordered,1,1,OBELIX/ordered_cifs/mq1_ordered.cif,Li6 Sb2 S8,16,,0.0,0,0,2.09789594,Li-S,0.90038453,Li-S,3.54882303,,0,,原始 CIF 已完全有序，并通过几何检查
mtn.cif,mtn,Li20 Ge2 P4 S24,False,66,50,66,50,ok,,0.0246,True,6,5,40,3,Ge;Li;P,1,4,0,Li@0.68[m=4];Li@0.5[m=16];Li@0.54[m=8];Li@0.62[m=8];Ge@0.5+P@0.5[m=4],manual_review,5,0,,Li59 Ge6 P12 S72,149,3,0.004026845637583931,4,0,1.35841645,Li-Li,0.53063143,Li-Li,1.35841645,radius_ratio<0.75;Li-Li<1.8,5,OBELIX/ordered_cifs/erro/mtn_ordered.cif,未通过几何检查（0/5 个候选通过；原因：radius_ratio<0.75;Li-Li<1.8）
mtr.cif,mtr,Li45.3768 La23.568 Zr16 Fe1.284 O96,False,208,182.2288,104,91.1144,ok,,0.000935,True,6,4,96,3,Fe;La;Li,0,4,0,Li@0.5971[m=48];Fe@0.014+Li@0.736[m=12];Fe@0.093+Li@0.657[m=12];La@0.982[m=24],manual_review,5,0,,Li46 La24 Zr16 Fe1 O96,183,2,0.0019119172526899375,0,0,1.60624804,Li-Li,0.59490668,Fe-Li,1.60624804,radius_ratio<0.75;Li-Li<1.8,5,OBELIX/ordered_cifs/erro/mtr_ordered.cif,未通过几何检查（0/5 个候选通过；原因：radius_ratio<0.75;Li-Li<1.8）
my9.cif,my9,Li7.332 Ti10.7712 Al1.2276 P18 O72,False,144,109.3308,144,109.3308,ok,,0.000595,True,3,2,48,3,Al;Li;Ti,0,2,0,Li@0.037[m=36];Al@0.1023+Ti@0.8976[m=12],geometry_ok,5,5,OBELIX/ordered_cifs/my9_ordered.cif,Li7 Ti11 Al1 P18 O72,109,1,0.0016345893267588202,0,0,1.50509348,O-P,0.80160639,O-Ti,3.11858318,,0,,成功有序化（5/5 个候选通过几何检查）
n27.cif,n27,Li4 B4 O8,True,16,16,16,16,ok,,1e-08,False,0,0,0,0,,0,0,0,,source_ordered,1,1,OBELIX/ordered_cifs/n27_ordered.cif,Li4 B4 O8,16,,0.0,0,0,1.26395713,B-O,0.84263809,B-O,2.58385494,,0,,原始 CIF 已完全有序，并通过几何检查
na5.cif,na5,Li6 Mo16 H94 W2 S16 O79.96,False,322,213.96,161,106.98,ok,,3.8e-07,True,23,23,168,3,H;O;W,0,23,0,H@0.35[m=8];H@0.5[m=8];H@0.5[m=8];H@0.25[m=8];H@0.5[m=8];H@0.21[m=8];H@0.21[m=8];H@0.25[m=8];H@0.22[m=8];H@0.21[m=8];H@0.25[m=8];H@0.7[m=8];H@0.45[m=8];H@0.25[m=8];H@0.7[m=8];H@0.65[m=8];H@0.4[m=8];H@0.15[m=4];H@0.15[m=4];W@0.5[m=4];O@0.21[m=8];O@0.21[m=8];O@0.15[m=4],manual_review,5,0,,Li9 Mo24 H142 W3 S24 O121,323,3,0.0006641647245790305,15,0,0.65571333,H-O,0.65163439,O-W,2.86577903,distance<0.8;radius_ratio<0.75,5,OBELIX/ordered_cifs/erro/na5_ordered.cif,未通过几何检查（0/5 个候选通过；原因：distance<0.8;radius_ratio<0.75）
ner.cif,ner,Ba7.9992 Li48.0 La16.0008 Ta16 O96,False,256,184,128,92,ok,,1.69e-05,True,4,3,144,3,Ba;La;Li,1,2,0,Li@0.4[m=96];Li@0.4[m=24];Ba@0.3333+La@0.6667[m=24],manual_review,5,0,,Ba4 Li24 La8 Ta8 O48,92,1,0.0,0,0,0.50616249,Li-Li,0.19771972,Li-Li,0.50616249,distance<0.8;radius_ratio<0.75;Li-Li<1.8,5,OBELIX/ordered_cifs/erro/ner_ordered.cif,未通过几何检查（0/5 个候选通过；原因：distance<0.8;radius_ratio<0.75;Li-Li<1.8）
nhq.cif,nhq,Li12 P4 S16,False,36,32,36,32,ok,,8.93e-07,True,2,2,8,1,Li,0,2,0,Li@0.7[m=4];Li@0.3[m=4],manual_review,2,0,,Li12 P4 S16,32,1,0.0,0,0,1.49254411,Li-S,0.64057687,Li-S,2.87683043,radius_ratio<0.75,2,OBELIX/ordered_cifs/erro/nhq_ordered.cif,未通过几何检查（0/2 个候选通过；原因：radius_ratio<0.75）
nig.cif,nig,Li24.024 P4 S20 Br4.0,False,100,52.024,25,13.006,ok,,0.00277,True,6,4,80,3,Br;Li;S,2,2,0,Li@0.441[m=48];Li@0.119[m=24];Br@0.249+S@0.751[m=4];Br@0.751+S@0.249[m=4],geometry_ok,5,5,OBELIX/ordered_cifs/nig_ordered.cif,Li24 P4 S20 Br4,52,4,0.0,0,6,2.18606996,Li-S,0.87436904,Li-Li,2.23838475,,0,,成功有序化（5/5 个候选通过几何检查）
nip.cif,nip,Li19.616 Sn1.62 P4.38 S24,False,62,49.616,62,49.616,ok,,0.0055,True,6,5,36,3,Li;P;Sn,1,4,0,Li@0.473[m=16];Li@0.75[m=8];Li@0.709[m=4];Li@0.803[m=4];P@0.595+Sn@0.405[m=4],manual_review,5,0,,Li60 Sn5 P13 S72,150,3,0.004546179470912237,0,0,1.80830213,Li-Li,0.70636802,Li-Li,1.80830213,radius_ratio<0.75,5,OBELIX/ordered_cifs/erro/nip_ordered.cif,未通过几何检查（0/5 个候选通过；原因：radius_ratio<0.75）
nua.cif,nua,Li2 La2 Ti2 O8,True,14,14,14,14,ok,,<1E-10,False,0,0,0,0,,0,0,0,,manual_review,1,0,,Li2 La2 Ti2 O8,14,,0.0,0,0,1.49035036,O-Ti,0.65944706,O-Ti,2.66579257,radius_ratio<0.75,1,OBELIX/ordered_cifs/erro/nua_ordered.cif,原始 CIF 已有序，但未通过几何检查（0/1 个候选通过；原因：radius_ratio<0.75）
o0a.cif,o0a,Li16 Sn0.968 Ge3.032 Se16,False,48,36,48,36,ok,,6e-06,True,5,4,28,3,Ge;Li;Sn,1,3,0,Li@0.209[m=8];Li@0.5[m=8];Li@0.791[m=8];Ge@0.758+Sn@0.242[m=4],geometry_ok,5,5,OBELIX/ordered_cifs/o0a_ordered.cif,Li16 Sn1 Ge3 Se16,36,1,0.0,12,0,2.11446492,Li-Se,0.85260682,Li-Se,2.44191959,,0,,成功有序化（5/5 个候选通过几何检查）
o5q.cif,o5q,Li54.432 La24 Zr14.4 Ta1.6 O96,False,256,190.432,128,95.216,ok,,0.00028,True,4,3,136,3,Li;Ta;Zr,1,2,0,Li@0.327[m=96];Li@0.96[m=24];Ta@0.1+Zr@0.9[m=16],manual_review,5,0,,Li28 La12 Zr7 Ta1 O48,96,1,0.005832353105920507,0,0,0.42439908,Li-Li,0.16578089,Li-Li,0.42439908,distance<0.8;radius_ratio<0.75;Li-Li<1.8,5,OBELIX/ordered_cifs/erro/o5q_ordered.cif,未通过几何检查（0/5 个候选通过；原因：distance<0.8;radius_ratio<0.75;Li-Li<1.8）
o9h.cif,o9h,Na0.43 Li0.07 La0.5 Nb2 O6,False,9,9,9,9,ok,,1.23e-05,True,3,1,1,3,La;Li;Na,1,0,0,La@0.5+Li@0.07+Na@0.43[m=1],geometry_ok,5,5,OBELIX/ordered_cifs/o9h_ordered.cif,Na4 Li1 La5 Nb20 O60,90,10,0.003333333333333334,0,0,1.92894431,Nb-O,0.83867144,Nb-O,,,0,,成功有序化（5/5 个候选通过几何检查）
ob9.cif,ob9,Li2.6668 Mg0.6666 P2 S6,False,14,11.3334,14,11.3334,ok,,4e-06,True,5,4,8,3,Li;Mg;P,1,3,0,Li@0.6667[m=2];Li@0.6667+Mg@0.3333[m=2];P@0.025[m=2];P@0.975[m=2],geometry_ok,5,5,OBELIX/ordered_cifs/ob9_ordered.cif,Li8 Mg2 P6 S18,34,3,1.0380561775241715e-05,2,0,2.01662358,P-S,0.95123754,P-S,3.29315000,,0,,成功有序化（5/5 个候选通过几何检查）
oi6.cif,oi6,Li7 Sb1 O6,False,15,14,15,14,ok,,6.7e-08,True,4,4,8,1,Li,0,4,0,Li@0.875[m=2];Li@0.875[m=2];Li@0.875[m=2];Li@0.875[m=2],geometry_ok,5,5,OBELIX/ordered_cifs/oi6_ordered.cif,Li20 Sb3 O18,41,3,0.012195121951219523,0,0,1.80962584,Li-O,0.85171672,Li-Li,2.18039481,,0,,成功有序化（5/5 个候选通过几何检查）
opo.cif,opo,Li5.046 Sn4.738 S12,False,28,21.784,14,10.892,ok,,0.00012,True,7,5,16,2,Li;Sn,2,3,0,Li@0.58[m=4];Li@0.3[m=2];Li@0.216[m=4];Li@0.375+Sn@0.625[m=2];Li@0.128+Sn@0.872[m=4],geometry_ok,5,5,OBELIX/ordered_cifs/opo_ordered.cif,Li16 Sn14 S36,66,6,0.010786343048553831,0,0,2.09838032,Li-Li,0.78591023,Li-Sn,2.09838032,,0,,成功有序化（5/5 个候选通过几何检查）
ozo.cif,ozo,Na0.3 Li0.2 La0.5 Nb2 O6,False,9,9,9,9,ok,,1.18e-05,True,3,1,1,3,La;Li;Na,1,0,0,La@0.5+Li@0.2+Na@0.3[m=1],geometry_ok,2,2,OBELIX/ordered_cifs/ozo_ordered.cif,Na1 Li1 La2 Nb8 O24,36,4,0.005555555555555557,0,0,1.90346906,Nb-O,0.82759525,Nb-O,,,0,,成功有序化（2/2 个候选通过几何检查）
p81.cif,p81,Li4 Al4 Cl16,True,24,24,24,24,ok,,1e-06,False,0,0,0,0,,0,0,0,,source_ordered,1,1,OBELIX/ordered_cifs/p81_ordered.cif,Li4 Al4 Cl16,24,,0.0,0,0,1.96695494,Al-Cl,0.88204257,Al-Cl,4.43736943,,0,,原始 CIF 已完全有序，并通过几何检查
p9u.cif,p9u,Li24.024 P4 S20 I4,False,100,52.024,25,13.006,ok,,0.00022,True,2,2,72,1,Li,0,2,0,Li@0.391[m=48];Li@0.219[m=24],geometry_ok,5,5,OBELIX/ordered_cifs/p9u_ordered.cif,Li12 P2 S10 I2,26,2,0.0,0,6,2.05368832,P-S,0.96872090,P-S,2.57798551,,0,,成功有序化（5/5 个候选通过几何检查）
pa1.cif,pa1,Li26.4592 Ge2.4584 P1.5416 S20 I4,False,164,54.4592,41,13.6148,ok,,0.00521,True,10,7,148,5,Ge;I;Li;P;S,3,4,0,Li@0.3178[m=48];Li@0.3578[m=24];Li@0.0422[m=48];Li@0.037[m=16];Ge@0.6146+P@0.3854[m=4];I@0.0771+S@0.9229[m=4];I@0.9229+S@0.0771[m=4],manual_review,5,0,,Li53 Ge5 P3 S40 I8,109,8,0.0007844943697266245,0,6,1.61390188,Li-Li,0.63043042,Li-Li,1.61390188,radius_ratio<0.75;Li-Li<1.8,5,OBELIX/ordered_cifs/erro/pa1_ordered.cif,未通过几何检查（0/5 个候选通过；原因：radius_ratio<0.75;Li-Li<1.8）
pbz.cif,pbz,Li15.0 V1 Ge3 O16,False,56,35,56,35,ok,,5.66e-06,True,8,7,40,3,Ge;Li;V,1,6,0,Li@0.63[m=8];Li@0.25[m=8];Li@0.37[m=8];Li@0.75[m=4];Li@0.25[m=4];Li@0.25[m=4];Ge@0.75+V@0.25[m=4],manual_review,5,0,,Li15 V1 Ge3 O16,35,1,0.0,4,0,1.24481019,Li-Li,0.48625398,Li-Li,1.24481019,radius_ratio<0.75;Li-Li<1.8,5,OBELIX/ordered_cifs/erro/pbz_ordered.cif,未通过几何检查（0/5 个候选通过；原因：radius_ratio<0.75;Li-Li<1.8）
pe2.cif,pe2,Li17 Sb13.0 S28,False,66,58,33,29,ok,,1.05e-09,True,4,3,20,2,Li;Sb,1,2,0,Li@0.75+Sb@0.25[m=4];Sb@0.345[m=8];Sb@0.655[m=8],geometry_ok,1,1,OBELIX/ordered_cifs/pe2_ordered.cif,Li17 Sb13 S28,58,2,0.0,4,0,2.22687984,S-Sb,0.91265567,S-Sb,3.12574839,,0,,成功有序化（1/1 个候选通过几何检查）
pg8.cif,pg8,Li9.0 Ti9 Fe3 P18 O72,False,180,111,60,37,ok,,0.000174,True,5,4,90,3,Fe;Li;Ti,1,3,0,Li@0.069[m=36];Li@0.127[m=36];Li@0.324[m=6];Fe@0.25+Ti@0.75[m=12],manual_review,5,0,,Li9 Ti9 Fe3 P18 O72,111,3,0.0,0,0,1.26412651,O-P,0.73070897,O-P,2.47019017,radius_ratio<0.75,5,OBELIX/ordered_cifs/erro/pg8_ordered.cif,未通过几何检查（0/5 个候选通过；原因：radius_ratio<0.75）
pql.cif,pql,Li64.00008 Si8 P32,False,124,104.00008,124,104.00008,ok,,4.5e-05,True,1,1,24,1,Li,0,1,0,Li@0.16667[m=24],geometry_ok,5,5,OBELIX/ordered_cifs/pql_ordered.cif,Li64 Si8 P32,104,1,0.0,0,0,1.94498715,P-Si,0.86246822,Li-Li,2.20791865,,0,,成功有序化（5/5 个候选通过几何检查）
pwr.cif,pwr,Li7.222 Si1.5 P0.5 O8,False,28,17.222,28,17.222,ok,,1.64e-07,True,8,7,20,3,Li;P;Si,1,6,0,Li@0.702[m=4];Li@0.189[m=4];Li@0.239[m=2];Li@0.5[m=2];Li@0.285[m=4];Li@0.52[m=2];P@0.25+Si@0.75[m=2],manual_review,5,0,,Li29 Si6 P2 O32,69,4,0.000942508655090657,6,0,1.55996507,O-Si,0.67008708,Li-Li,1.71542293,radius_ratio<0.75;Li-Li<1.8,5,OBELIX/ordered_cifs/erro/pwr_ordered.cif,未通过几何检查（0/5 个候选通过；原因：radius_ratio<0.75;Li-Li<1.8）
qa9.cif,qa9,Li6 B2 N4,True,12,12,12,12,ok,,1.6e-10,False,0,0,0,0,,0,0,0,,source_ordered,1,1,OBELIX/ordered_cifs/qa9_ordered.cif,Li6 B2 N4,12,,0.0,0,0,1.36757315,B-N,0.88230526,B-N,2.62960000,,0,,原始 CIF 已完全有序，并通过几何检查
qbb.cif,qbb,Li3 Br1 O1,True,5,5,5,5,ok,,1.1e-06,False,0,0,0,0,,0,0,0,,source_ordered,1,1,OBELIX/ordered_cifs/qbb_ordered.cif,Li3 Br1 O1,5,,0.0,0,0,2.02800000,Li-O,1.04536082,Li-O,2.86802510,,0,,原始 CIF 已完全有序，并通过几何检查
qer.cif,qer,Li16 Sn2.044 Ge1.956 Se16,False,48,36,48,36,ok,,1.8e-06,True,5,4,28,3,Ge;Li;Sn,1,3,0,Li@0.17[m=8];Li@0.5[m=8];Li@0.83[m=8];Ge@0.489+Sn@0.511[m=4],geometry_ok,5,5,OBELIX/ordered_cifs/qer_ordered.cif,Li16 Sn2 Ge2 Se16,36,1,0.0,12,0,2.37427666,Li-Se,0.95736962,Li-Se,2.78880908,,0,,成功有序化（5/5 个候选通过几何检查）
qno.cif,qno,Li6 Ti12 P18 O72,False,144,108,48,36,ok,,3.83e-07,True,2,2,42,1,Li,0,2,0,Li@0.025[m=36];Li@0.85[m=6],geometry_ok,3,3,OBELIX/ordered_cifs/qno_ordered.cif,Li6 Ti12 P18 O72,108,3,0.0,0,0,1.35227170,O-P,0.78165994,O-P,3.06330715,,0,,成功有序化（3/3 个候选通过几何检查）
qy4.cif,qy4,Na20 Li12 Ti8 S32,True,72,72,36,36,ok,,8.8e-06,False,0,0,0,0,,0,0,0,,source_ordered,1,1,OBELIX/ordered_cifs/qy4_ordered.cif,Na10 Li6 Ti4 S16,36,,0.0,0,0,2.08462717,S-Ti,0.78665176,S-Ti,3.32197595,,0,,原始 CIF 已完全有序，并通过几何检查
r99.cif,r99,Li0.56 La2.48 Mg2 W2 O12,False,20,19.04,20,19.04,ok,,1.2e-05,True,3,2,4,2,La;Li,0,2,0,La@0.308+Li@0.28[m=2];La@0.932[m=2],geometry_ok,5,5,OBELIX/ordered_cifs/r99_ordered.cif,Li3 La12 Mg10 W10 O60,95,5,0.003936311366651929,0,0,1.80985886,O-W,0.79379775,O-W,8.74844115,,0,,成功有序化（5/5 个候选通过几何检查）
ro9.cif,ro9,Li6 B2 P4 O16,True,28,28,28,28,ok,,9.6e-12,False,0,0,0,0,,0,0,0,,source_ordered,1,1,OBELIX/ordered_cifs/ro9_ordered.cif,Li6 B2 P4 O16,28,,0.0,0,0,1.32102313,O-P,0.76359719,O-P,2.41352914,,0,,原始 CIF 已完全有序，并通过几何检查
rr5.cif,rr5,Li6 Ti12 P18 O72,True,108,108,36,36,ok,,7.2e-05,False,0,0,0,0,,0,0,0,,source_ordered,1,1,OBELIX/ordered_cifs/rr5_ordered.cif,Li2 Ti4 P6 O24,36,,0.0,0,0,1.41541144,O-P,0.78461075,O-Ti,6.02134585,,0,,原始 CIF 已完全有序，并通过几何检查
rty.cif,rty,Li19.944 Sn1.31648 Ge0.68352 P4 S24,False,70,49.944,70,49.944,ok,,0.0048,True,6,4,40,4,Ge;Li;P;Sn,1,3,0,Li@0.424[m=16];Li@0.41[m=16];Li@0.65[m=4];Ge@0.17088+P@0.5+Sn@0.32912[m=4],manual_review,5,0,,Li40 Sn3 Ge1 P8 S48,100,2,0.0035379937655023626,0,0,1.25280473,Li-Li,0.48937685,Li-Li,1.25280473,radius_ratio<0.75;Li-Li<1.8,5,OBELIX/ordered_cifs/erro/rty_ordered.cif,未通过几何检查（0/5 个候选通过；原因：radius_ratio<0.75;Li-Li<1.8）
rwr.cif,rwr,Li64 Ge8 P32,True,104,104,104,104,ok,,1.8e-05,False,0,0,0,0,,0,0,0,,source_ordered,1,1,OBELIX/ordered_cifs/rwr_ordered.cif,Li64 Ge8 P32,104,,0.0,0,0,2.06709389,Li-P,0.87961442,Li-P,2.33661953,,0,,原始 CIF 已完全有序，并通过几何检查
s2v.cif,s2v,Li44.568 La23.616 Zr16 Fe1.512 O96,False,208,181.696,104,90.848,ok,,0.00138,True,6,4,96,3,Fe;La;Li,0,4,0,Li@0.6[m=48];Fe@0.017+Li@0.703[m=12];La@0.984[m=24];Fe@0.109+Li@0.611[m=12],manual_review,5,0,,Li67 La35 Zr24 Fe2 O144,272,3,0.0011456320399840791,0,0,1.65016896,Li-Li,0.61117371,Fe-Li,1.65016896,radius_ratio<0.75;Li-Li<1.8,5,OBELIX/ordered_cifs/erro/s2v_ordered.cif,未通过几何检查（0/5 个候选通过；原因：radius_ratio<0.75;Li-Li<1.8）
s3h.cif,s3h,La1 Ti2 O6,False,10,9,10,9,ok,,0.000925,True,2,2,2,1,La,0,2,0,La@0.53[m=1];La@0.47[m=1],geometry_ok,2,2,OBELIX/ordered_cifs/s3h_ordered.cif,La2 Ti4 O12,18,2,0.0,0,0,1.76231408,O-Ti,0.77978499,O-Ti,,,0,,成功有序化（2/2 个候选通过几何检查）
sg0.cif,sg0,Li4 Sc4 O8,True,16,16,8,8,ok,,<1E-10,False,0,0,0,0,,0,0,0,,source_ordered,1,1,OBELIX/ordered_cifs/sg0_ordered.cif,Li2 Sc2 O4,8,,0.0,0,0,2.09199390,Li-O,0.88643809,O-Sc,3.13735386,,0,,原始 CIF 已完全有序，并通过几何检查
sib.cif,sib,Li0.44 La2.52 Mg2 W2 O12,False,20,18.96,20,18.96,ok,,6.8e-06,True,3,2,4,2,La;Li,0,2,0,La@0.314+Li@0.22[m=2];La@0.946[m=2],geometry_ok,5,5,OBELIX/ordered_cifs/sib_ordered.cif,Li2 La12 Mg10 W10 O60,94,5,0.005386479935362343,0,0,1.84896858,O-W,0.81095113,O-W,11.06800000,,0,,成功有序化（5/5 个候选通过几何检查）
skm.cif,skm,Li10 Bi2 O10,True,22,22,11,11,ok,,3.9e-09,False,0,0,0,0,,0,0,0,,source_ordered,1,1,OBELIX/ordered_cifs/skm_ordered.cif,Li5 Bi1 O5,11,,0.0,0,0,1.70418072,Li-O,0.87844367,Li-O,2.43386760,,0,,原始 CIF 已完全有序，并通过几何检查
sqm.cif,sqm,Ba3.996 Sr4.0008 Li48.0 La16.0008 Ta16 O96,False,208,183.9976,104,91.9988,ok,,7.1e-06,True,5,3,96,4,Ba;La;Li;Sr,0,3,0,Li@0.73[m=48];Li@0.54[m=24];Ba@0.1665+La@0.6667+Sr@0.1667[m=24],geometry_ok,5,5,OBELIX/ordered_cifs/sqm_ordered.cif,Ba2 Sr2 Li24 La8 Ta8 O48,92,1,0.0,0,0,1.87281084,O-Ta,0.79013653,Li-Li,2.02274951,,0,,成功有序化（5/5 个候选通过几何检查）
t0h.cif,t0h,Li8 Zr4 O12,True,24,24,12,12,ok,,6.1e-10,False,0,0,0,0,,0,0,0,,source_ordered,1,1,OBELIX/ordered_cifs/t0h_ordered.cif,Li4 Zr2 O6,12,,0.0,0,0,2.10838631,O-Zr,0.87484909,O-Zr,2.91261104,,0,,原始 CIF 已完全有序，并通过几何检查
t2c.cif,t2c,Li24.024 P4 Se3.6 S16.4 Br4,False,100,52.024,25,13.006,ok,,0.00382,True,6,4,92,3,Li;S;Se,2,2,0,Li@0.441[m=48];Li@0.119[m=24];S@0.515+Se@0.485[m=4];S@0.89625+Se@0.10375[m=16],geometry_ok,5,5,OBELIX/ordered_cifs/t2c_ordered.cif,Li12 P2 Se2 S8 Br2,26,2,0.007660369770165251,0,6,2.11553254,P-S,0.93195266,P-Se,2.50520571,,0,,成功有序化（5/5 个候选通过几何检查）
t3k.cif,t3k,Li15.2 Mn7.2 Ga0.8 Cl32,False,56,55.2,14,13.8,ok,,2.37e-07,True,4,2,24,3,Ga;Li;Mn,1,1,0,Li@0.9[m=8];Ga@0.05+Li@0.5+Mn@0.45[m=16],geometry_ok,5,5,OBELIX/ordered_cifs/t3k_ordered.cif,Li15 Mn7 Ga1 Cl32,55,4,0.003689064558629775,0,0,2.49243320,Cl-Li,0.98906079,Cl-Mn,3.70810331,,0,,成功有序化（5/5 个候选通过几何检查）
tbj.cif,tbj,Li39.888 La24 Sb16 O96,False,256,175.888,128,87.944,ok,,3.33e-06,True,2,2,120,1,Li,0,2,0,Li@0.73[m=24];Li@0.233[m=96],manual_review,5,0,,Li20 La12 Sb8 O48,88,1,0.0,0,0,1.64901264,Li-O,0.69979379,Li-Li,1.79147211,radius_ratio<0.75;Li-Li<1.8,5,OBELIX/ordered_cifs/erro/tbj_ordered.cif,未通过几何检查（0/5 个候选通过；原因：radius_ratio<0.75;Li-Li<1.8）
tbu.cif,tbu,Li7 Zn1 Ga1 P4 O16,False,32,29,32,29,ok,,<1E-10,True,4,2,12,3,Ga;Li;Zn,1,1,0,Li@0.25[m=4];Ga@0.125+Li@0.75+Zn@0.125[m=8],geometry_ok,5,5,OBELIX/ordered_cifs/tbu_ordered.cif,Li7 Zn1 Ga1 P4 O16,29,1,0.0,0,0,1.52182847,O-P,0.84520433,Li-O,2.37363254,,0,,成功有序化（5/5 个候选通过几何检查）
tjh.cif,tjh,Li8.82 Al2.844 Ge9.156 P18 O72,False,144,110.82,48,36.94,ok,,0.000264,True,4,3,54,3,Al;Ge;Li,1,2,0,Li@0.165[m=36];Li@0.48[m=6];Al@0.237+Ge@0.763[m=12],geometry_ok,5,5,OBELIX/ordered_cifs/tjh_ordered.cif,Li3 Al1 Ge3 P6 O24,37,1,0.0,0,0,1.35926357,O-P,0.78570149,O-P,2.62841760,,0,,成功有序化（5/5 个候选通过几何检查）
tka.cif,tka,Li4 Si8 N12,True,24,24,12,12,ok,,6.17e-08,False,0,0,0,0,,0,0,0,,source_ordered,1,1,OBELIX/ordered_cifs/tka_ordered.cif,Li2 Si4 N6,12,,0.0,0,0,1.52208799,N-Si,0.83631208,N-Si,3.02353534,,0,,原始 CIF 已完全有序，并通过几何检查
tvf.cif,tvf,Li12 H16.002 I4 N8,False,42,40.002,42,40.002,ok,,1e-05,True,1,1,6,1,H,0,1,0,H@0.667[m=6],geometry_ok,3,3,OBELIX/ordered_cifs/tvf_ordered.cif,Li12 H16 I4 N8,40,1,0.0,0,0,0.88521560,H-N,0.86785843,H-N,2.27836722,,0,,成功有序化（3/3 个候选通过几何检查）
tws.cif,tws,Li24 Zr8 O28,True,60,60,30,30,ok,,5.2e-10,False,0,0,0,0,,0,0,0,,source_ordered,1,1,OBELIX/ordered_cifs/tws_ordered.cif,Li12 Zr4 O14,30,,0.0,0,0,1.62716191,Li-O,0.77058786,O-Zr,2.18995431,,0,,原始 CIF 已完全有序，并通过几何检查
u0c.cif,u0c,Li9.6 Mg1.6 Ti12.8 O32,False,56,56,14,14,ok,,4.24e-09,True,5,2,24,3,Li;Mg;Ti,2,0,0,Li@0.826+Mg@0.174[m=8];Li@0.187+Mg@0.013+Ti@0.8[m=16],geometry_ok,5,5,OBELIX/ordered_cifs/u0c_ordered.cif,Li7 Mg1 Ti10 O24,42,3,0.00952380952380949,0,0,1.95358529,Mg-O,0.89067321,O-Ti,3.46860908,,0,,成功有序化（5/5 个候选通过几何检查）
u2y.cif,u2y,La1.19 Ti2 O6,False,10,9.19,10,9.19,ok,,0.000853,True,2,2,2,1,La,0,2,0,La@0.9[m=1];La@0.29[m=1],geometry_ok,5,5,OBELIX/ordered_cifs/u2y_ordered.cif,La8 Ti14 O42,64,7,0.0033664309031555817,0,0,1.93773165,O-Ti,0.85740338,O-Ti,,,0,,成功有序化（5/5 个候选通过几何检查）
u8r.cif,u8r,Ba3 Zr1.0002 Ta4.9998 Si4 O26,False,39,39,39,39,ok,,<1E-10,True,2,1,6,2,Ta;Zr,1,0,0,Ta@0.8333+Zr@0.1667[m=6],geometry_ok,1,1,OBELIX/ordered_cifs/u8r_ordered.cif,Ba3 Zr1 Ta5 Si4 O26,39,1,5.128205128185348e-06,0,0,1.51841207,O-Si,0.80181260,O-Zr,,,0,,成功有序化（1/1 个候选通过几何检查）
uaz.cif,uaz,Li48 Ca7.9992 La16.0008 Nb16 O96,False,256,184,128,92,ok,,1.6e-06,True,4,3,144,3,Ca;La;Li,1,2,0,Li@0.66[m=24];Li@0.335[m=96];Ca@0.3333+La@0.6667[m=24],manual_review,5,0,,Li24 Ca4 La8 Nb8 O48,92,1,0.0,0,0,0.73919380,Li-Li,0.28874758,Li-Li,0.73919380,distance<0.8;radius_ratio<0.75;Li-Li<1.8,5,OBELIX/ordered_cifs/erro/uaz_ordered.cif,未通过几何检查（0/5 个候选通过；原因：distance<0.8;radius_ratio<0.75;Li-Li<1.8）
ueu.cif,ueu,Li45.888 La24 Zr11.808 Ta3.952 O96,False,256,181.648,128,90.824,ok,,0.000903,True,4,3,136,3,Li;Ta;Zr,0,3,0,Li@0.375[m=96];Li@0.412[m=24];Ta@0.247+Zr@0.738[m=16],manual_review,5,0,,Li23 La12 Zr6 Ta2 O48,91,1,0.0001268000034846395,0,0,1.05369094,Li-Li,0.41159802,Li-Li,1.05369094,radius_ratio<0.75;Li-Li<1.8,5,OBELIX/ordered_cifs/erro/ueu_ordered.cif,未通过几何检查（0/5 个候选通过；原因：radius_ratio<0.75;Li-Li<1.8）
uex.cif,uex,K2 Na4 Li6 Fe4 Si24 O60,False,104,100,104,100,ok,,<1E-10,True,1,1,8,1,Na,0,1,0,Na@0.5[m=8],geometry_ok,1,1,OBELIX/ordered_cifs/uex_ordered.cif,K2 Na4 Li6 Fe4 Si24 O60,100,1,0.0,4,0,1.49452873,O-Si,0.84436651,O-Si,5.03085000,,0,,成功有序化（1/1 个候选通过几何检查）
ui6.cif,ui6,Li20.648 Si2.16 Sn0.54 P3.3 S24,False,62,50.648,62,50.648,ok,,0.011,True,6,4,32,4,Li;P;Si;Sn,1,3,0,Li@0.473[m=16];Li@0.75[m=8];Li@0.77[m=4];P@0.325+Si@0.54+Sn@0.135[m=4],manual_review,5,0,,Li41 Si4 Sn1 P7 S48,101,2,0.0041513470569928684,0,0,1.70796895,Li-Li,0.66717537,Li-Li,1.70796895,radius_ratio<0.75;Li-Li<1.8,5,OBELIX/ordered_cifs/erro/ui6_ordered.cif,未通过几何检查（0/5 个候选通过；原因：radius_ratio<0.75;Li-Li<1.8）
um1.cif,um1,Li18 Ga18 Ge18 O72,False,126,126,42,42,ok,,<1E-10,True,4,2,36,2,Ga;Ge,2,0,0,Ga@0.5+Ge@0.5[m=18];Ga@0.5+Ge@0.5[m=18],geometry_ok,5,5,OBELIX/ordered_cifs/um1_ordered.cif,Li6 Ga6 Ge6 O24,42,1,0.0,0,0,1.48603417,Ge-O,0.79044371,Ga-O,4.15999733,,0,,成功有序化（5/5 个候选通过几何检查）
uox.cif,uox,Li7.4 Zn1.4 Ga0.6 P4 O16,False,32,29.4,32,29.4,ok,,5.65e-12,True,5,3,12,3,Ga;Li;Zn,2,1,0,Li@0.35[m=4];Ga@0.15+Li@0.85[m=4];Li@0.65+Zn@0.35[m=4],geometry_ok,5,5,OBELIX/ordered_cifs/uox_ordered.cif,Li15 Zn3 Ga1 P8 O32,59,2,0.0034590107229332395,0,0,1.50606369,O-P,0.87055705,O-P,2.62829161,,0,,成功有序化（5/5 个候选通过几何检查）
ur9.cif,ur9,Li6 Zr12 P18 O72,True,108,108,36,36,ok,,1e-09,False,0,0,0,0,,0,0,0,,manual_review,1,0,,Li2 Zr4 P6 O24,36,,0.0,0,0,1.62739486,O-P,0.73732533,O-Zr,6.31103643,radius_ratio<0.75,1,OBELIX/ordered_cifs/erro/ur9_ordered.cif,原始 CIF 已有序，但未通过几何检查（0/1 个候选通过；原因：radius_ratio<0.75）
usu.cif,usu,Li8.8266 Al0.8 Sn1.2 S8,False,28,18.8266,28,18.8266,ok,,4.3e-06,True,5,4,20,3,Al;Li;Sn,1,3,0,Li@0.46[m=6];Li@0.584[m=6];Li@0.4271[m=6];Al@0.4+Sn@0.6[m=2],geometry_ok,5,5,OBELIX/ordered_cifs/usu_ordered.cif,Li36 Al3 Sn5 S32,76,4,0.004847564504198265,9,0,2.31803146,Al-S,0.95001291,S-Sn,2.45105491,,0,,成功有序化（5/5 个候选通过几何检查）
uu4.cif,uu4,Li8 V8 O24,True,40,40,20,20,ok,,2.05e-09,False,0,0,0,0,,0,0,0,,manual_review,1,0,,Li4 V4 O12,20,,0.0,0,0,1.49893070,O-V,0.68444324,O-V,3.22480226,radius_ratio<0.75,1,OBELIX/ordered_cifs/erro/uu4_ordered.cif,原始 CIF 已有序，但未通过几何检查（0/1 个候选通过；原因：radius_ratio<0.75）
uut.cif,uut,Li24.024 P4 Se1.2 S18.8 Br4,False,100,52.024,25,13.006,ok,,0.00362,True,6,4,92,3,Li;S;Se,2,2,0,Li@0.441[m=48];Li@0.119[m=24];S@0.82588+Se@0.17412[m=4];S@0.96853+Se@0.03147[m=16],geometry_ok,5,5,OBELIX/ordered_cifs/uut_ordered.cif,Li30 P5 Se2 S23 Br5,65,5,0.0076816617182602145,0,6,1.94505132,P-S,0.85685088,P-Se,2.44019317,,0,,成功有序化（5/5 个候选通过几何检查）
uw9.cif,uw9,Sr7.992 Li47.9568 La16.008 Bi16 O96,False,256,183.9568,128,91.9784,ok,,2e-05,True,4,3,144,3,La;Li;Sr,1,2,0,Li@0.3013[m=96];Li@0.793[m=24];La@0.667+Sr@0.333[m=24],manual_review,5,0,,Sr4 Li24 La8 Bi8 O48,92,1,0.0,0,0,0.98221424,Li-Li,0.38367744,Li-Li,0.98221424,radius_ratio<0.75;Li-Li<1.8,5,OBELIX/ordered_cifs/erro/uw9_ordered.cif,未通过几何检查（0/5 个候选通过；原因：radius_ratio<0.75;Li-Li<1.8）
uwh.cif,uwh,Li40.656 La24 Zr3.152 Ta12.064 O96,False,256,175.872,128,87.936,ok,,0.000103,True,4,3,136,3,Li;Ta;Zr,0,3,0,Li@0.262[m=96];Li@0.646[m=24];Ta@0.754+Zr@0.197[m=16],manual_review,5,0,,Li41 La24 Zr3 Ta12 O96,176,2,0.001786423183802871,0,0,0.50703039,Li-Li,0.19805875,Li-Li,0.50703039,distance<0.8;radius_ratio<0.75;Li-Li<1.8,5,OBELIX/ordered_cifs/erro/uwh_ordered.cif,未通过几何检查（0/5 个候选通过；原因：distance<0.8;radius_ratio<0.75;Li-Li<1.8）
ux3.cif,ux3,Li0.568 Sm9.024 Si6 O25.82,False,42,41.412,42,41.412,ok,,<1E-10,True,3,2,6,3,Li;O;Sm,0,2,0,Li@0.142+Sm@0.756[m=4];O@0.91[m=2],geometry_ok,5,5,OBELIX/ordered_cifs/ux3_ordered.cif,Li2 Sm36 Si24 O103,165,4,0.0015946190388381049,0,0,1.44301141,O-Si,0.81526068,O-Si,10.03237340,,0,,成功有序化（5/5 个候选通过几何检查）
uxi.cif,uxi,Li13.2 Mn5.2 In2.8 Cl32,False,56,53.2,14,13.3,ok,,9.9e-08,True,4,2,24,3,In;Li;Mn,1,1,0,Li@0.65[m=8];In@0.175+Li@0.5+Mn@0.325[m=16],geometry_ok,5,5,OBELIX/ordered_cifs/uxi_ordered.cif,Li10 Mn4 In2 Cl24,40,3,0.0026315789473684154,0,0,2.43015810,Cl-Li,1.00260852,Cl-Mn,3.70156258,,0,,成功有序化（5/5 个候选通过几何检查）
uxo.cif,uxo,Li11.52 P4 N0.56 O14.92,False,32,31,32,31,ok,,1.4e-13,True,8,5,28,3,Li;N;O,0,5,0,Li@0.96[m=8];Li@0.96[m=4];N@0.035+O@0.9325[m=8];N@0.035+O@0.9325[m=4];N@0.035+O@0.9325[m=4],geometry_ok,5,5,OBELIX/ordered_cifs/uxo_ordered.cif,Li35 P12 N3 O44,94,3,0.013850377487989004,0,0,1.47944150,O-P,0.83114693,N-P,2.56249510,,0,,成功有序化（5/5 个候选通过几何检查）
vg0.cif,vg0,Li6 Al3 Ge9 P18 O72,False,108,108,36,36,ok,,0.00019,True,2,1,12,2,Al;Ge,1,0,0,Al@0.25+Ge@0.75[m=12],geometry_ok,1,1,OBELIX/ordered_cifs/vg0_ordered.cif,Li2 Al1 Ge3 P6 O24,36,1,0.0,0,0,1.32756979,O-P,0.76738138,O-P,5.87473319,,0,,成功有序化（1/1 个候选通过几何检查）
vj7.cif,vj7,Li25.00008 Si1 P3 S20 Br4.0,False,100,53.00008,25,13.25002,ok,,0.00141,True,8,5,84,5,Br;Li;P;S;Si,3,2,0,Li@0.45042[m=48];Li@0.14083[m=24];P@0.75+Si@0.25[m=4];Br@0.16+S@0.84[m=4];Br@0.84+S@0.16[m=4],geometry_ok,5,5,OBELIX/ordered_cifs/vj7_ordered.cif,Li30 Si1 P4 S25 Br5,65,5,0.010158854233479009,0,6,2.00485375,P-S,0.92817303,S-Si,2.46253978,,0,,成功有序化（5/5 个候选通过几何检查）
vlm.cif,vlm,Li0.349 La0.651 Ti0.702 Al0.297 O3,False,5,4.999,5,4.999,ok,,0.000161,True,4,2,2,4,Al;La;Li;Ti,1,1,0,La@0.651+Li@0.349[m=1];Al@0.297+Ti@0.702[m=1],geometry_ok,2,2,OBELIX/ordered_cifs/vlm_ordered.cif,Li1 La2 Ti2 Al1 O9,15,3,0.006238581049543224,0,0,1.92969996,Al-O,0.85384954,O-Ti,,,0,,成功有序化（2/2 个候选通过几何检查）
vqj.cif,vqj,Li23.976 P4 S19.99662338 I0.99972428 Br2.99965235,False,100,51.972,25,12.993,ok,,0.000112,True,8,4,80,4,Br;I;Li;S,1,3,0,Li@0.412[m=48];Li@0.175[m=24];Br@0.086913087+I@0.068931069+S@0.84415584[m=4];Br@0.663+I@0.181+S@0.155[m=4],geometry_ok,5,5,OBELIX/ordered_cifs/vqj_ordered.cif,Li60 P10 S49 I3 Br8,130,10,0.007550065573616704,0,6,2.05183362,P-S,0.91779770,I-Li,2.50595711,,0,,成功有序化（5/5 个候选通过几何检查）
vqu.cif,vqu,Li40.032 Nd24 Sb16 O96,False,256,176.032,128,88.016,ok,,1.3e-07,True,2,2,120,1,Li,0,2,0,Li@0.262[m=96];Li@0.62[m=24],manual_review,5,0,,Li20 Nd12 Sb8 O48,88,1,0.0,0,0,0.52001095,Li-Li,0.20312928,Li-Li,0.52001095,distance<0.8;radius_ratio<0.75;Li-Li<1.8,5,OBELIX/ordered_cifs/erro/vqu_ordered.cif,未通过几何检查（0/5 个候选通过；原因：distance<0.8;radius_ratio<0.75;Li-Li<1.8）
vwy.cif,vwy,Li0.66 La1.104 Ti2 O6,False,10,9.764,10,9.764,ok,,0.000668,True,4,2,2,2,La;Li,0,2,0,La@0.32+Li@0.5[m=1];La@0.784+Li@0.16[m=1],geometry_ok,5,5,OBELIX/ordered_cifs/vwy_ordered.cif,Li5 La10 Ti18 O54,87,9,0.009902812936316022,0,0,1.81798512,O-Ti,0.80441819,O-Ti,3.87410000,,0,,成功有序化（5/5 个候选通过几何检查）
vy5.cif,vy5,K1.2 Li10.8 Sb12 O36,False,60,60,60,60,ok,,1.36e-08,True,2,1,8,2,K;Li,1,0,0,K@0.15+Li@0.85[m=8],geometry_ok,1,1,OBELIX/ordered_cifs/vy5_ordered.cif,K1 Li11 Sb12 O36,60,1,0.003333333333333334,0,0,1.84775709,O-Sb,0.90134492,O-Sb,3.23305073,,0,,成功有序化（1/1 个候选通过几何检查）
w7d.cif,w7d,Li12 P4 O16,True,32,32,32,32,ok,,4.2e-18,False,0,0,0,0,,0,0,0,,source_ordered,1,1,OBELIX/ordered_cifs/w7d_ordered.cif,Li12 P4 O16,32,,0.0,0,0,1.50296119,O-P,0.86876370,O-P,2.75186188,,0,,原始 CIF 已完全有序，并通过几何检查
w87.cif,w87,Li24 P4 S20 Br4.0,False,148,52,37,13,ok,,3.2e-05,True,7,5,128,3,Br;Li;S,2,3,0,Li@0.287[m=48];Li@0.143[m=48];Li@0.14[m=24];Br@0.147+S@0.853[m=4];Br@0.853+S@0.147[m=4],manual_review,5,0,,Li36 P6 S30 Br6,78,6,0.0,0,0,0.76720806,Li-Li,0.29969065,Li-Li,0.76720806,distance<0.8;radius_ratio<0.75;Li-Li<1.8,5,OBELIX/ordered_cifs/erro/w87_ordered.cif,未通过几何检查（0/5 个候选通过；原因：distance<0.8;radius_ratio<0.75;Li-Li<1.8）
wa3.cif,wa3,Li51.168 La24 Zr16 Al1.56 O96,False,352,188.728,176,94.364,ok,,0.000254,True,4,3,216,2,Al;Li,0,3,0,Li@0.36[m=96];Al@0.017+Li@0.692[m=24];Al@0.012[m=96],manual_review,5,0,,Li25 La12 Zr8 Al1 O48,94,1,0.0051628956949864024,0,0,0.79672620,Li-Li,0.31122117,Li-Li,0.79672620,distance<0.8;radius_ratio<0.75;Li-Li<1.8,5,OBELIX/ordered_cifs/erro/wa3_ordered.cif,未通过几何检查（0/5 个候选通过；原因：distance<0.8;radius_ratio<0.75;Li-Li<1.8）
wgw.cif,wgw,Sr3.048 Li4 Nb6 O20,False,38,33.048,19,16.524,ok,,<1E-10,True,2,2,12,2,O;Sr,0,2,0,Sr@0.762[m=4];O@0.5[m=8],geometry_ok,1,1,OBELIX/ordered_cifs/wgw_ordered.cif,Sr3 Li4 Nb6 O20,33,2,0.0,2,0,1.74206269,Nb-O,0.75741856,Nb-O,2.79519311,,0,,成功有序化（1/1 个候选通过几何检查）
wsd.cif,wsd,Li25.2 Si1.2 P2.8 S20 Br4.0,False,100,53.2,25,13.3,ok,,0.00165,True,8,5,84,5,Br;Li;P;S;Si,3,2,0,Li@0.145[m=24];Li@0.4525[m=48];P@0.7+Si@0.3[m=4];Br@0.18+S@0.82[m=4];Br@0.82+S@0.18[m=4],geometry_ok,5,5,OBELIX/ordered_cifs/wsd_ordered.cif,Li36 Si2 P4 S30 Br6,78,6,0.012145748987854199,0,6,2.20094383,Li-S,0.93299491,Li-Li,2.38846697,,0,,成功有序化（5/5 个候选通过几何检查）
wyu.cif,wyu,Li56 La24 Zr16 O96,True,192,192,96,96,ok,,1.63e-06,False,0,0,0,0,,0,0,0,,source_ordered,1,1,OBELIX/ordered_cifs/wyu_ordered.cif,Li28 La12 Zr8 O48,96,,0.0,0,0,1.87152306,Li-O,0.87206564,O-Zr,2.56495835,,0,,原始 CIF 已完全有序，并通过几何检查
x2i.cif,x2i,Li8 Bi8 O16,True,32,32,16,16,ok,,3.8e-08,False,0,0,0,0,,0,0,0,,source_ordered,1,1,OBELIX/ordered_cifs/x2i_ordered.cif,Li4 Bi4 O8,16,,0.0,0,0,1.67404690,Li-O,0.86291077,Li-O,2.49950000,,0,,原始 CIF 已完全有序，并通过几何检查
x2v.cif,x2v,Li24.30024 Si0.3 P3.7 S20 Br4,False,100,52.30024,25,13.07506,ok,,0.000873,True,8,5,84,5,Br;Li;P;S;Si,3,2,0,Li@0.44313[m=48];Li@0.12625[m=24];P@0.925+Si@0.075[m=4];Br@0.23+S@0.77[m=4];Br@0.77+S@0.23[m=4],geometry_ok,5,5,OBELIX/ordered_cifs/x2v_ordered.cif,Li48 Si1 P7 S40 Br8,104,8,0.003879220625581121,0,6,2.11973993,P-S,0.94337840,Br-Li,2.44992195,,0,,成功有序化（5/5 个候选通过几何检查）
x9d.cif,x9d,Li24.50016 Si0.5 P3.5 S20 Br4.0,False,100,52.50016,25,13.12504,ok,,0.000902,True,8,5,84,5,Br;Li;P;S;Si,3,2,0,Li@0.13042[m=24];Li@0.44521[m=48];P@0.875+Si@0.125[m=4];Br@0.18+S@0.82[m=4];Br@0.82+S@0.18[m=4],geometry_ok,5,5,OBELIX/ordered_cifs/x9d_ordered.cif,Li36 Si1 P5 S30 Br6,78,6,0.005126579736333292,0,6,1.97534346,Li-Li,0.77161854,Li-Li,1.97534346,,0,,成功有序化（5/5 个候选通过几何检查）
xa0.cif,xa0,Li9.0006 Ti9 Al3 P18 O72,False,126,111.0006,126,111.0006,ok,,0.000248,True,15,9,30,3,Al;Li;Ti,6,3,0,Li@0.1667[m=6];Li@0.1667[m=6];Li@0.1667[m=6];Al@0.25+Ti@0.75[m=2];Al@0.25+Ti@0.75[m=2];Al@0.25+Ti@0.75[m=2];Al@0.25+Ti@0.75[m=2];Al@0.25+Ti@0.75[m=2];Al@0.25+Ti@0.75[m=2],manual_review,5,0,,Li18 Ti18 Al6 P36 O144,222,2,0.0,0,0,1.39381558,O-P,0.74510566,O-Ti,3.04714615,radius_ratio<0.75,5,OBELIX/ordered_cifs/erro/xa0_ordered.cif,未通过几何检查（0/5 个候选通过；原因：radius_ratio<0.75）
xas.cif,xas,Li16 Sn8 S24,True,48,48,24,24,ok,,1.5e-05,False,0,0,0,0,,0,0,0,,source_ordered,1,1,OBELIX/ordered_cifs/xas_ordered.cif,Li8 Sn4 S12,24,,0.0,0,0,2.31389664,Li-S,0.96952618,S-Sn,3.59300996,,0,,原始 CIF 已完全有序，并通过几何检查
xk3.cif,xk3,Li16 Ge4 Se16,False,48,36,48,36,ok,,5e-06,True,3,3,24,1,Li,0,3,0,Li@0.5[m=8];Li@0.55[m=8];Li@0.45[m=8],geometry_ok,5,5,OBELIX/ordered_cifs/xk3_ordered.cif,Li16 Ge4 Se16,36,1,0.0,12,0,2.21465669,Ge-Se,0.92277362,Ge-Se,2.59817383,,0,,成功有序化（5/5 个候选通过几何检查）
xog.cif,xog,Li39.96 La24 Sb16 O96,False,256,175.96,128,87.98,ok,,7.8e-06,True,2,2,120,1,Li,0,2,0,Li@0.218[m=96];Li@0.793[m=24],manual_review,5,0,,Li20 La12 Sb8 O48,88,1,0.0,0,0,1.49241582,Li-O,0.72235229,La-Li,1.98563892,radius_ratio<0.75,5,OBELIX/ordered_cifs/erro/xog_ordered.cif,未通过几何检查（0/5 个候选通过；原因：radius_ratio<0.75）
xq3.cif,xq3,Sr3.0144 Li4 Nb5.756 Fe0.24 O20,False,38,33.0104,19,16.5052,ok,,<1E-10,True,4,3,14,4,Fe;Nb;O;Sr,0,3,0,Sr@0.7536[m=4];Fe@0.12+Nb@0.878[m=2];O@0.5[m=8],geometry_ok,5,5,OBELIX/ordered_cifs/xq3_ordered.cif,Sr9 Li12 Nb17 Fe1 O60,99,6,0.0028305741171989404,2,0,1.72978945,Nb-O,0.75208237,Nb-O,2.79908214,,0,,成功有序化（5/5 个候选通过几何检查）
xub.cif,xub,Li9.12 Mg2.4 Ti12.48 O32,False,56,56,14,14,ok,,1.51e-09,True,5,2,24,3,Li;Mg;Ti,2,0,0,Li@0.74+Mg@0.26[m=8];Li@0.2+Mg@0.02+Ti@0.78[m=16],geometry_ok,5,5,OBELIX/ordered_cifs/xub_ordered.cif,Li5 Mg1 Ti6 O16,28,2,0.01571428571428571,0,0,1.85621673,Li-O,0.89672306,Mg-O,2.95934795,,0,,成功有序化（5/5 个候选通过几何检查）
xut.cif,xut,Sr7.984 Li7.984 Ta16 O48 F8,False,136,87.968,34,21.992,ok,,<1E-10,True,3,2,112,3,Li;O;Sr,0,2,0,Li@0.499+Sr@0.499[m=16];O@0.5[m=96],manual_review,5,0,,Sr2 Li2 Ta4 O12 F2,22,1,0.0,8,0,0.98816407,O-O,0.74795578,O-Sr,3.69958621,radius_ratio<0.75;O-O<1.2,5,OBELIX/ordered_cifs/erro/xut_ordered.cif,未通过几何检查（0/5 个候选通过；原因：radius_ratio<0.75;O-O<1.2）
xz4.cif,xz4,Li2 Ce2 Mo4 O16,False,24,24,12,12,ok,,1.3e-08,True,2,1,4,2,Ce;Li,1,0,0,Ce@0.5+Li@0.5[m=4],geometry_ok,1,1,OBELIX/ordered_cifs/xz4_ordered.cif,Li1 Ce1 Mo2 O8,12,1,0.0,0,0,1.82128810,Mo-O,0.82785823,Mo-O,,,0,,成功有序化（1/1 个候选通过几何检查）
y2l.cif,y2l,Li10 Al2 S8,True,20,20,20,20,ok,,1.4e-09,False,0,0,0,0,,0,0,0,,source_ordered,1,1,OBELIX/ordered_cifs/y2l_ordered.cif,Li10 Al2 S8,20,,0.0,0,0,2.11033856,Al-S,0.93377812,Al-S,2.87688383,,0,,原始 CIF 已完全有序，并通过几何检查
yab.cif,yab,Sr3.736 Li4 Ta8 O96 F32,False,144,143.736,36,35.934,ok,,<1E-10,True,2,1,8,2,Li;Sr,0,1,0,Li@0.5+Sr@0.467[m=8],manual_review,1,0,,Sr1 Li1 Ta2 O24 F8,36,1,0.00010203892321108965,0,0,0.64068444,F-O,0.52088166,F-O,,distance<0.8;radius_ratio<0.75;O-F<1.2,1,OBELIX/ordered_cifs/erro/yab_ordered.cif,未通过几何检查（0/1 个候选通过；原因：distance<0.8;radius_ratio<0.75;O-F<1.2）
yav.cif,yav,Li16 V8 Cl32,False,56,56,14,14,ok,,6.95e-06,True,2,1,16,2,Li;V,1,0,0,Li@0.5+V@0.5[m=16],geometry_ok,1,1,OBELIX/ordered_cifs/yav_ordered.cif,Li4 V2 Cl8,14,1,0.0,0,0,2.18491590,Cl-Li,0.94996344,Cl-Li,3.48638106,,0,,成功有序化（1/1 个候选通过几何检查）
ym6.cif,ym6,Li7.8 Ti10.1988 Al1.8 P18 O72,False,144,109.7988,48,36.5996,ok,,0.00121,True,3,2,48,3,Al;Li;Ti,0,2,0,Li@0.05[m=36];Al@0.15+Ti@0.8499[m=12],geometry_ok,5,5,OBELIX/ordered_cifs/ym6_ordered.cif,Li5 Ti7 Al1 P12 O48,73,2,0.0029843222841615252,0,0,1.37690484,O-P,0.78597229,O-Ti,2.90042004,,0,,成功有序化（5/5 个候选通过几何检查）
ymc.cif,ymc,Li24.024 P4 S20 I2 Br2,False,100,52.024,25,13.006,ok,,2.62e-05,True,8,4,80,4,Br;I;Li;S,2,2,0,Li@0.409[m=48];Li@0.183[m=24];Br@0.01+I@0.02+S@0.97[m=4];Br@0.49+I@0.48+S@0.03[m=4],geometry_ok,5,5,OBELIX/ordered_cifs/ymc_ordered.cif,Li12 P2 S10 I1 Br1,26,2,0.0,0,6,2.01929278,P-S,0.95249659,P-S,2.44927441,,0,,成功有序化（5/5 个候选通过几何检查）
yq2.cif,yq2,Li6.684 Ti11.3952 Al0.6048 P18 O72,False,144,108.684,48,36.228,ok,,3e-05,True,3,2,48,3,Al;Li;Ti,1,1,0,Li@0.019[m=36];Al@0.0504+Ti@0.9496[m=12],geometry_ok,5,5,OBELIX/ordered_cifs/yq2_ordered.cif,Li7 Ti11 Al1 P18 O72,109,3,0.003929648414273304,0,0,1.31140474,O-P,0.75803742,O-P,3.05108270,,0,,成功有序化（5/5 个候选通过几何检查）
yqu.cif,yqu,Li7.008 Ti10.98 Al1.02 P18 O72,False,144,109.008,48,36.336,ok,,0.00482,True,4,3,54,3,Al;Li;Ti,1,2,0,Li@0.068[m=36];Li@0.76[m=6];Al@0.085+Ti@0.915[m=12],manual_review,5,0,,Li5 Ti7 Al1 P12 O48,73,2,0.0011852346636371663,0,0,1.41782512,O-P,0.72159856,O-Ti,3.45378282,radius_ratio<0.75,5,OBELIX/ordered_cifs/erro/yqu_ordered.cif,未通过几何检查（0/5 个候选通过；原因：radius_ratio<0.75）
ysm.cif,ysm,Sr7.664 Li8.336 Zr0.8 Nb15.2 O48 F8,False,136,88,34,22,ok,,<1E-10,True,5,3,128,5,Li;Nb;O;Sr;Zr,2,1,0,Li@0.521+Sr@0.479[m=16];Nb@0.95+Zr@0.05[m=16];O@0.5[m=96],manual_review,5,0,,Sr6 Li6 Zr1 Nb11 O36 F6,66,3,0.00606060606060606,8,0,0.90109843,O-O,0.68265033,O-O,3.70723355,radius_ratio<0.75;O-O<1.2,5,OBELIX/ordered_cifs/erro/ysm_ordered.cif,未通过几何检查（0/5 个候选通过；原因：radius_ratio<0.75;O-O<1.2）
ywe.cif,ywe,Li24.024 P4 S20 I4,False,100,52.024,25,13.006,ok,,1.3e-06,True,2,2,72,1,Li,0,2,0,Li@0.391[m=48];Li@0.219[m=24],geometry_ok,5,5,OBELIX/ordered_cifs/ywe_ordered.cif,Li12 P2 S10 I2,26,2,0.0,0,6,2.02345918,P-S,0.95446188,P-S,2.45243597,,0,,成功有序化（5/5 个候选通过几何检查）
z16.cif,z16,Li24.024 P4 Se0.4 S19.6 Br4,False,100,52.024,25,13.006,ok,,0.0032,True,7,4,80,4,Br;Li;S;Se,2,2,0,Li@0.441[m=48];Li@0.119[m=24];Br@0.20893+S@0.69107+Se@0.1[m=4];Br@0.79107+S@0.20893[m=4],geometry_ok,5,5,OBELIX/ordered_cifs/z16_ordered.cif,Li54 P9 Se1 S44 Br9,117,9,0.0008511521966850294,0,6,2.09318403,P-S,0.84983251,Li-Li,2.17557122,,0,,成功有序化（5/5 个候选通过几何检查）
z2s.cif,z2s,Li43.728 Nd24 Zr16 Al4.0008 O96,False,256,183.7288,128,91.8644,ok,,3.9e-05,True,3,2,120,2,Al;Li,0,2,0,Li@0.368[m=96];Al@0.1667+Li@0.35[m=24],manual_review,5,0,,Li22 Nd12 Zr8 Al2 O48,92,1,0.0,0,0,0.44299780,Li-Li,0.17304601,Li-Li,0.44299780,distance<0.8;radius_ratio<0.75;Li-Li<1.8,5,OBELIX/ordered_cifs/erro/z2s_ordered.cif,未通过几何检查（0/5 个候选通过；原因：distance<0.8;radius_ratio<0.75;Li-Li<1.8）
z7n.cif,z7n,Li5.22 Hf12.192 P18 O72,False,144,107.412,48,35.804,ok,,9.2e-08,True,2,2,42,2,Hf;Li,0,2,0,Li@0.145[m=36];Hf@0.032[m=6],geometry_ok,5,4,OBELIX/ordered_cifs/z7n_ordered.cif,Li2 Hf4 P6 O24,36,1,0.0069576335356695065,0,0,1.48009894,O-P,0.81995920,Li-O,5.17720582,,1,OBELIX/ordered_cifs/erro/z7n_ordered.cif,成功有序化（4/5 个候选通过几何检查）
z9y.cif,z9y,Li7.1988 Ti10.8 Al1.2 P18 O72,False,144,109.1988,48,36.3996,ok,,0.00338,True,3,2,48,3,Al;Li;Ti,1,1,0,Li@0.0333[m=36];Al@0.1+Ti@0.9[m=12],geometry_ok,5,5,OBELIX/ordered_cifs/z9y_ordered.cif,Li5 Ti7 Al1 P12 O48,73,2,0.003009601104988893,0,0,1.63966034,O-P,0.77360590,O-Ti,2.89888435,,0,,成功有序化（5/5 个候选通过几何检查）
zs0.cif,zs0,Li3.048 La4 Mg0.312 O8,False,16,15.36,16,15.36,ok,,7.27e-10,True,2,1,4,2,Li;Mg,0,1,0,Li@0.762+Mg@0.078[m=4],geometry_ok,5,5,OBELIX/ordered_cifs/zs0_ordered.cif,Li6 La8 Mg1 O16,31,2,0.01090389784946236,0,0,1.86844305,Li-O,0.80524762,La-Mg,2.94629722,,0,,成功有序化（5/5 个候选通过几何检查）
zv5.cif,zv5,Li16 Ge4 Se8.396 S7.604,False,48,36,48,36,ok,,2.8e-05,True,9,6,40,3,Li;S;Se,3,3,0,Li@0.68[m=8];Li@0.5[m=8];Li@0.32[m=8];S@0.403+Se@0.597[m=8];S@0.494+Se@0.506[m=4];S@0.601+Se@0.399[m=4],geometry_ok,5,5,OBELIX/ordered_cifs/zv5_ordered.cif,Li32 Ge8 Se17 S15,72,2,0.0028888888888888575,12,0,2.00298039,Ge-S,0.83457518,Ge-Se,2.36607390,,0,,成功有序化（5/5 个候选通过几何检查）
zxr.cif,zxr,Sr7.992 Li47.28 La16.0008 Ta16 O96,False,208,183.2728,104,91.6364,ok,,5.4e-06,True,4,3,96,3,La;Li;Sr,0,3,0,Li@0.732[m=48];Li@0.506[m=24];La@0.6667+Sr@0.333[m=24],geometry_ok,5,5,OBELIX/ordered_cifs/zxr_ordered.cif,Sr4 Li24 La8 Ta8 O48,92,1,0.0,0,0,1.78824223,Li-O,0.76841435,Li-Li,1.96714074,,0,,成功有序化（5/5 个候选通过几何检查）
zzr.cif,zzr,Li19.944 Ge2 P4 S24,False,70,49.944,70,49.944,ok,,0.0076,True,5,4,40,3,Ge;Li;P,1,3,0,Li@0.374[m=16];Li@0.46[m=16];Li@0.65[m=4];Ge@0.5+P@0.5[m=4],manual_review,5,0,,Li40 Ge4 P8 S48,100,2,0.0,0,0,1.18827221,Li-Li,0.46416883,Li-Li,1.18827221,radius_ratio<0.75;Li-Li<1.8,5,OBELIX/ordered_cifs/erro/zzr_ordered.cif,未通过几何检查（0/5 个候选通过；原因：radius_ratio<0.75;Li-Li<1.8）
