parent_id,source_file,status,message,reference_formula,source_formula,cleaned_formula,source_num_sites,dropped_species_count,dropped_occupancy_sum,grouping_method,split_site_pair_count,split_site_cluster_count,split_site_species,supercell_multiplier,supercell_matrix,occupancy_max_error,occupancy_mean_error,within_error_tolerance,source_composition_max_error,composition_max_error,composition_max_drift,within_composition_tolerance,missing_reference_elements,candidate_index,energy_rank,num_atoms,ordered_formula,ranker,relaxed,total_energy_ev,energy_per_atom_ev,output_file
9yt,OBELIX/cifs/9yt.cif,ok,,Li24 P4 S20 Br3 Cl1,Li11.472 P1 S5 Br0.75 Cl0.25,Li11.472 P1 S5 Br0.75 Cl0.25,37,0,0.0,spacegroup+split_site_pairs,12,0,Li,7,1x7x1,0.04400000000000004,0.034190476190476195,True,0.15950961122030838,0.1807973048848961,0.021287693664587715,True,,0,,137,Li88 P7 S35 Br5 Cl2,none,False,,,OBELIX/ordered_cifs/9yt_ordered.cif
9yt,OBELIX/cifs/9yt.cif,ok,,Li24 P4 S20 Br3 Cl1,Li11.472 P1 S5 Br0.75 Cl0.25,Li11.472 P1 S5 Br0.75 Cl0.25,37,0,0.0,spacegroup+split_site_pairs,12,0,Li,7,1x7x1,0.04400000000000004,0.034190476190476195,True,0.15950961122030838,0.1807973048848961,0.021287693664587715,True,,1,,137,Li88 P7 S35 Br5 Cl2,none,False,,,OBELIX/ordered_cifs/9yt_ordered_01.cif
9yt,OBELIX/cifs/9yt.cif,ok,,Li24 P4 S20 Br3 Cl1,Li11.472 P1 S5 Br0.75 Cl0.25,Li11.472 P1 S5 Br0.75 Cl0.25,37,0,0.0,spacegroup+split_site_pairs,12,0,Li,7,1x7x1,0.04400000000000004,0.034190476190476195,True,0.15950961122030838,0.1807973048848961,0.021287693664587715,True,,2,,137,Li88 P7 S35 Br5 Cl2,none,False,,,OBELIX/ordered_cifs/9yt_ordered_02.cif
9yt,OBELIX/cifs/9yt.cif,ok,,Li24 P4 S20 Br3 Cl1,Li11.472 P1 S5 Br0.75 Cl0.25,Li11.472 P1 S5 Br0.75 Cl0.25,37,0,0.0,spacegroup+split_site_pairs,12,0,Li,7,1x7x1,0.04400000000000004,0.034190476190476195,True,0.15950961122030838,0.1807973048848961,0.021287693664587715,True,,3,,137,Li88 P7 S35 Br5 Cl2,none,False,,,OBELIX/ordered_cifs/9yt_ordered_03.cif
9yt,OBELIX/cifs/9yt.cif,ok,,Li24 P4 S20 Br3 Cl1,Li11.472 P1 S5 Br0.75 Cl0.25,Li11.472 P1 S5 Br0.75 Cl0.25,37,0,0.0,spacegroup+split_site_pairs,12,0,Li,7,1x7x1,0.04400000000000004,0.034190476190476195,True,0.15950961122030838,0.1807973048848961,0.021287693664587715,True,,4,,137,Li88 P7 S35 Br5 Cl2,none,False,,,OBELIX/ordered_cifs/9yt_ordered_04.cif
9zk,OBELIX/cifs/9zk.cif,copied_ordered,,Li40 Ga8 O32,Li40 Ga8 O32,Li40 Ga8 O32,80,0,0.0,,0,0,,,,,,,0.0,0.0,0.0,True,,,,80,Li40 Ga8 O32,none,False,,,OBELIX/ordered_cifs/9zk_ordered.cif
9zr,OBELIX/cifs/9zr.cif,ok,,Li24 P4 S20 Br4,Li6 P1 S5 Br1,Li6 P1 S5 Br1,25,0,0.0,spacegroup+split_site_clusters,0,6,Li,4,1x2x2,0.030000000000000027,0.015937500000000007,True,5.551115123125783e-17,0.0,0.0,True,,0,,52,Li24 P4 S20 Br4,none,False,,,OBELIX/ordered_cifs/9zr_ordered.cif
9zr,OBELIX/cifs/9zr.cif,ok,,Li24 P4 S20 Br4,Li6 P1 S5 Br1,Li6 P1 S5 Br1,25,0,0.0,spacegroup+split_site_clusters,0,6,Li,4,1x2x2,0.030000000000000027,0.015937500000000007,True,5.551115123125783e-17,0.0,0.0,True,,1,,52,Li24 P4 S20 Br4,none,False,,,OBELIX/ordered_cifs/9zr_ordered_01.cif
9zr,OBELIX/cifs/9zr.cif,ok,,Li24 P4 S20 Br4,Li6 P1 S5 Br1,Li6 P1 S5 Br1,25,0,0.0,spacegroup+split_site_clusters,0,6,Li,4,1x2x2,0.030000000000000027,0.015937500000000007,True,5.551115123125783e-17,0.0,0.0,True,,2,,52,Li24 P4 S20 Br4,none,False,,,OBELIX/ordered_cifs/9zr_ordered_02.cif
9zr,OBELIX/cifs/9zr.cif,ok,,Li24 P4 S20 Br4,Li6 P1 S5 Br1,Li6 P1 S5 Br1,25,0,0.0,spacegroup+split_site_clusters,0,6,Li,4,1x2x2,0.030000000000000027,0.015937500000000007,True,5.551115123125783e-17,0.0,0.0,True,,3,,52,Li24 P4 S20 Br4,none,False,,,OBELIX/ordered_cifs/9zr_ordered_03.cif
9zr,OBELIX/cifs/9zr.cif,ok,,Li24 P4 S20 Br4,Li6 P1 S5 Br1,Li6 P1 S5 Br1,25,0,0.0,spacegroup+split_site_clusters,0,6,Li,4,1x2x2,0.030000000000000027,0.015937500000000007,True,5.551115123125783e-17,0.0,0.0,True,,4,,52,Li24 P4 S20 Br4,none,False,,,OBELIX/ordered_cifs/9zr_ordered_04.cif
a8v,OBELIX/cifs/a8v.cif,approximation_warning,Occupancy error 0.075000 exceeds tolerance 0.050000,Li24.1 Si0.1 P3.9 S20 Br4,Li6.02496 Si0.025 P0.975 S5 Br1,Li6.02496 Si0.025 P0.975 S5 Br1,25,0,0.0,spacegroup+split_site_clusters,0,6,Li,10,5x1x2,0.07500000000000001,0.01733777777777777,False,1.6504558110197465e-06,0.005772921895762587,0.005772916001277547,True,,0,,130,Li60 Si1 P9 S50 Br10,none,False,,,OBELIX/ordered_cifs/a8v_ordered.cif
a8v,OBELIX/cifs/a8v.cif,approximation_warning,Occupancy error 0.075000 exceeds tolerance 0.050000,Li24.1 Si0.1 P3.9 S20 Br4,Li6.02496 Si0.025 P0.975 S5 Br1,Li6.02496 Si0.025 P0.975 S5 Br1,25,0,0.0,spacegroup+split_site_clusters,0,6,Li,10,5x1x2,0.07500000000000001,0.01733777777777777,False,1.6504558110197465e-06,0.005772921895762587,0.005772916001277547,True,,1,,130,Li60 Si1 P9 S50 Br10,none,False,,,OBELIX/ordered_cifs/a8v_ordered_01.cif
a8v,OBELIX/cifs/a8v.cif,approximation_warning,Occupancy error 0.075000 exceeds tolerance 0.050000,Li24.1 Si0.1 P3.9 S20 Br4,Li6.02496 Si0.025 P0.975 S5 Br1,Li6.02496 Si0.025 P0.975 S5 Br1,25,0,0.0,spacegroup+split_site_clusters,0,6,Li,10,5x1x2,0.07500000000000001,0.01733777777777777,False,1.6504558110197465e-06,0.005772921895762587,0.005772916001277547,True,,2,,130,Li60 Si1 P9 S50 Br10,none,False,,,OBELIX/ordered_cifs/a8v_ordered_02.cif
a8v,OBELIX/cifs/a8v.cif,approximation_warning,Occupancy error 0.075000 exceeds tolerance 0.050000,Li24.1 Si0.1 P3.9 S20 Br4,Li6.02496 Si0.025 P0.975 S5 Br1,Li6.02496 Si0.025 P0.975 S5 Br1,25,0,0.0,spacegroup+split_site_clusters,0,6,Li,10,5x1x2,0.07500000000000001,0.01733777777777777,False,1.6504558110197465e-06,0.005772921895762587,0.005772916001277547,True,,3,,130,Li60 Si1 P9 S50 Br10,none,False,,,OBELIX/ordered_cifs/a8v_ordered_03.cif
a8v,OBELIX/cifs/a8v.cif,approximation_warning,Occupancy error 0.075000 exceeds tolerance 0.050000,Li24.1 Si0.1 P3.9 S20 Br4,Li6.02496 Si0.025 P0.975 S5 Br1,Li6.02496 Si0.025 P0.975 S5 Br1,25,0,0.0,spacegroup+split_site_clusters,0,6,Li,10,5x1x2,0.07500000000000001,0.01733777777777777,False,1.6504558110197465e-06,0.005772921895762587,0.005772916001277547,True,,4,,130,Li60 Si1 P9 S50 Br10,none,False,,,OBELIX/ordered_cifs/a8v_ordered_04.cif
aab,OBELIX/cifs/aab.cif,ok,,Li16 Sn3 Ge1 Se16,Li16 Sn3.3 Ge0.7 Se16,Li16 Sn3.3 Ge0.7 Se16,40,0,0.0,spacegroup+split_site_pairs,4,0,Li,2,2x1x1,0.050000000000000044,0.006666666666666669,True,0.008333333333333331,0.013888888888888895,0.005555555555555564,True,,0,,72,Li32 Sn7 Ge1 Se32,none,False,,,OBELIX/ordered_cifs/aab_ordered.cif
an2,OBELIX/cifs/an2.cif,copied_ordered,,Li24 Si4 Cl8 O16,Li24 Si4 Cl8 O16,Li24 Si4 Cl8 O16,52,0,0.0,,0,0,,,,,,,0.0,0.0,0.0,True,,,,52,Li24 Si4 Cl8 O16,none,False,,,OBELIX/ordered_cifs/an2_ordered.cif
ar1,OBELIX/cifs/ar1.cif,ok,,Li16 Sn4 Se4 S12,Li16.008 Sn4 Se4.344 S11.656,Li16.008 Sn4 Se4.344 S11.656,48,0,0.0,spacegroup,0,0,,3,3x1x1,0.03600000000000003,0.012708333333333346,True,0.00962749018736564,0.009259259259259259,0.0,True,,0,,108,Li48 Sn12 Se13 S35,none,False,,,OBELIX/ordered_cifs/ar1_ordered.cif
ar1,OBELIX/cifs/ar1.cif,ok,,Li16 Sn4 Se4 S12,Li16.008 Sn4 Se4.344 S11.656,Li16.008 Sn4 Se4.344 S11.656,48,0,0.0,spacegroup,0,0,,3,3x1x1,0.03600000000000003,0.012708333333333346,True,0.00962749018736564,0.009259259259259259,0.0,True,,1,,108,Li48 Sn12 Se13 S35,none,False,,,OBELIX/ordered_cifs/ar1_ordered_01.cif
ar1,OBELIX/cifs/ar1.cif,ok,,Li16 Sn4 Se4 S12,Li16.008 Sn4 Se4.344 S11.656,Li16.008 Sn4 Se4.344 S11.656,48,0,0.0,spacegroup,0,0,,3,3x1x1,0.03600000000000003,0.012708333333333346,True,0.00962749018736564,0.009259259259259259,0.0,True,,2,,108,Li48 Sn12 Se13 S35,none,False,,,OBELIX/ordered_cifs/ar1_ordered_02.cif
ar1,OBELIX/cifs/ar1.cif,ok,,Li16 Sn4 Se4 S12,Li16.008 Sn4 Se4.344 S11.656,Li16.008 Sn4 Se4.344 S11.656,48,0,0.0,spacegroup,0,0,,3,3x1x1,0.03600000000000003,0.012708333333333346,True,0.00962749018736564,0.009259259259259259,0.0,True,,3,,108,Li48 Sn12 Se13 S35,none,False,,,OBELIX/ordered_cifs/ar1_ordered_03.cif
ar1,OBELIX/cifs/ar1.cif,ok,,Li16 Sn4 Se4 S12,Li16.008 Sn4 Se4.344 S11.656,Li16.008 Sn4 Se4.344 S11.656,48,0,0.0,spacegroup,0,0,,3,3x1x1,0.03600000000000003,0.012708333333333346,True,0.00962749018736564,0.009259259259259259,0.0,True,,4,,108,Li48 Sn12 Se13 S35,none,False,,,OBELIX/ordered_cifs/ar1_ordered_04.cif
ard,OBELIX/cifs/ard.cif,ok,,Li8 Ta16 P8 O64,Li4.0 Ta8 P4 O32,Li4.0 Ta8 P4 O32,54,0,0.0,spacegroup,0,0,,3,1x3x1,0.040000000000000036,0.010740740740740742,True,1.3877787807814457e-17,0.0063218390804597735,0.00632183908045976,True,,0,,145,Li13 Ta24 P12 O96,none,False,,,OBELIX/ordered_cifs/ard_ordered.cif
ard,OBELIX/cifs/ard.cif,ok,,Li8 Ta16 P8 O64,Li4.0 Ta8 P4 O32,Li4.0 Ta8 P4 O32,54,0,0.0,spacegroup,0,0,,3,1x3x1,0.040000000000000036,0.010740740740740742,True,1.3877787807814457e-17,0.0063218390804597735,0.00632183908045976,True,,1,,145,Li13 Ta24 P12 O96,none,False,,,OBELIX/ordered_cifs/ard_ordered_01.cif
ard,OBELIX/cifs/ard.cif,ok,,Li8 Ta16 P8 O64,Li4.0 Ta8 P4 O32,Li4.0 Ta8 P4 O32,54,0,0.0,spacegroup,0,0,,3,1x3x1,0.040000000000000036,0.010740740740740742,True,1.3877787807814457e-17,0.0063218390804597735,0.00632183908045976,True,,2,,145,Li13 Ta24 P12 O96,none,False,,,OBELIX/ordered_cifs/ard_ordered_02.cif
ard,OBELIX/cifs/ard.cif,ok,,Li8 Ta16 P8 O64,Li4.0 Ta8 P4 O32,Li4.0 Ta8 P4 O32,54,0,0.0,spacegroup,0,0,,3,1x3x1,0.040000000000000036,0.010740740740740742,True,1.3877787807814457e-17,0.0063218390804597735,0.00632183908045976,True,,3,,145,Li13 Ta24 P12 O96,none,False,,,OBELIX/ordered_cifs/ard_ordered_03.cif
ard,OBELIX/cifs/ard.cif,ok,,Li8 Ta16 P8 O64,Li4.0 Ta8 P4 O32,Li4.0 Ta8 P4 O32,54,0,0.0,spacegroup,0,0,,3,1x3x1,0.040000000000000036,0.010740740740740742,True,1.3877787807814457e-17,0.0063218390804597735,0.00632183908045976,True,,4,,145,Li13 Ta24 P12 O96,none,False,,,OBELIX/ordered_cifs/ard_ordered_04.cif
aui,OBELIX/cifs/aui.cif,ok,,Li8 Co4 Ge12 O32,Li8.0 Co4 Ge12 O32,Li8.0 Co4 Ge12 O32,56,0,0.0,spacegroup,0,0,,2,1x2x1,0.025000000000000022,0.010714285714285713,True,1.3877787807814457e-17,0.0,0.0,True,,0,,112,Li16 Co8 Ge24 O64,none,False,,,OBELIX/ordered_cifs/aui_ordered.cif
aui,OBELIX/cifs/aui.cif,ok,,Li8 Co4 Ge12 O32,Li8.0 Co4 Ge12 O32,Li8.0 Co4 Ge12 O32,56,0,0.0,spacegroup,0,0,,2,1x2x1,0.025000000000000022,0.010714285714285713,True,1.3877787807814457e-17,0.0,0.0,True,,1,,112,Li16 Co8 Ge24 O64,none,False,,,OBELIX/ordered_cifs/aui_ordered_01.cif
aui,OBELIX/cifs/aui.cif,ok,,Li8 Co4 Ge12 O32,Li8.0 Co4 Ge12 O32,Li8.0 Co4 Ge12 O32,56,0,0.0,spacegroup,0,0,,2,1x2x1,0.025000000000000022,0.010714285714285713,True,1.3877787807814457e-17,0.0,0.0,True,,2,,112,Li16 Co8 Ge24 O64,none,False,,,OBELIX/ordered_cifs/aui_ordered_02.cif
aui,OBELIX/cifs/aui.cif,ok,,Li8 Co4 Ge12 O32,Li8.0 Co4 Ge12 O32,Li8.0 Co4 Ge12 O32,56,0,0.0,spacegroup,0,0,,2,1x2x1,0.025000000000000022,0.010714285714285713,True,1.3877787807814457e-17,0.0,0.0,True,,3,,112,Li16 Co8 Ge24 O64,none,False,,,OBELIX/ordered_cifs/aui_ordered_03.cif
aui,OBELIX/cifs/aui.cif,ok,,Li8 Co4 Ge12 O32,Li8.0 Co4 Ge12 O32,Li8.0 Co4 Ge12 O32,56,0,0.0,spacegroup,0,0,,2,1x2x1,0.025000000000000022,0.010714285714285713,True,1.3877787807814457e-17,0.0,0.0,True,,4,,112,Li16 Co8 Ge24 O64,none,False,,,OBELIX/ordered_cifs/aui_ordered_04.cif
b4c,OBELIX/cifs/b4c.cif,copied_ordered,Reference elements absent from source CIF: Li,Li8 Si2 S8,Si2 S8,Si2 S8,10,0,0.0,,0,0,,,,,,,0.4444444444444444,0.4444444444444444,0.0,True,Li,,,10,Si2 S8,none,False,,,OBELIX/ordered_cifs/b4c_ordered.cif
b56,OBELIX/cifs/b56.cif,ok,,Li8 Mg8 Mo12 O48,Li8.004 Mg7.996 Mo12 O48,Li8.004 Mg7.996 Mo12 O48,76,0,0.0,spacegroup,0,0,,1,1x1x1,0.040000000000000036,0.01373333333333334,True,5.263157894738746e-05,0.0,0.0,True,,0,,76,Li8 Mg8 Mo12 O48,none,False,,,OBELIX/ordered_cifs/b56_ordered.cif
b56,OBELIX/cifs/b56.cif,ok,,Li8 Mg8 Mo12 O48,Li8.004 Mg7.996 Mo12 O48,Li8.004 Mg7.996 Mo12 O48,76,0,0.0,spacegroup,0,0,,1,1x1x1,0.040000000000000036,0.01373333333333334,True,5.263157894738746e-05,0.0,0.0,True,,1,,76,Li8 Mg8 Mo12 O48,none,False,,,OBELIX/ordered_cifs/b56_ordered_01.cif
b56,OBELIX/cifs/b56.cif,ok,,Li8 Mg8 Mo12 O48,Li8.004 Mg7.996 Mo12 O48,Li8.004 Mg7.996 Mo12 O48,76,0,0.0,spacegroup,0,0,,1,1x1x1,0.040000000000000036,0.01373333333333334,True,5.263157894738746e-05,0.0,0.0,True,,2,,76,Li8 Mg8 Mo12 O48,none,False,,,OBELIX/ordered_cifs/b56_ordered_02.cif
b56,OBELIX/cifs/b56.cif,ok,,Li8 Mg8 Mo12 O48,Li8.004 Mg7.996 Mo12 O48,Li8.004 Mg7.996 Mo12 O48,76,0,0.0,spacegroup,0,0,,1,1x1x1,0.040000000000000036,0.01373333333333334,True,5.263157894738746e-05,0.0,0.0,True,,3,,76,Li8 Mg8 Mo12 O48,none,False,,,OBELIX/ordered_cifs/b56_ordered_03.cif
b56,OBELIX/cifs/b56.cif,ok,,Li8 Mg8 Mo12 O48,Li8.004 Mg7.996 Mo12 O48,Li8.004 Mg7.996 Mo12 O48,76,0,0.0,spacegroup,0,0,,1,1x1x1,0.040000000000000036,0.01373333333333334,True,5.263157894738746e-05,0.0,0.0,True,,4,,76,Li8 Mg8 Mo12 O48,none,False,,,OBELIX/ordered_cifs/b56_ordered_04.cif
be9,OBELIX/cifs/be9.cif,copied_ordered,,Li4 Ga4 Br16,Li4 Ga4 Br16,Li4 Ga4 Br16,24,0,0.0,,0,0,,,,,,,0.0,0.0,0.0,True,,,,24,Li4 Ga4 Br16,none,False,,,OBELIX/ordered_cifs/be9_ordered.cif
bi3,OBELIX/cifs/bi3.cif,ok,,Sr8 Li48 La16 Sb16 O96,Sr3.996 Li23.9784 La8.004 Sb8 O48,Sr3.996 Li23.9784 La8.004 Sb8 O48,128,0,0.0,spacegroup,0,0,,1,1x1x1,0.04033333333333333,0.012575000000000006,True,0.00017357572420606537,0.0,0.0,True,,0,,92,Sr4 Li24 La8 Sb8 O48,none,False,,,OBELIX/ordered_cifs/bi3_ordered.cif
bi3,OBELIX/cifs/bi3.cif,ok,,Sr8 Li48 La16 Sb16 O96,Sr3.996 Li23.9784 La8.004 Sb8 O48,Sr3.996 Li23.9784 La8.004 Sb8 O48,128,0,0.0,spacegroup,0,0,,1,1x1x1,0.04033333333333333,0.012575000000000006,True,0.00017357572420606537,0.0,0.0,True,,1,,92,Sr4 Li24 La8 Sb8 O48,none,False,,,OBELIX/ordered_cifs/bi3_ordered_01.cif
bi3,OBELIX/cifs/bi3.cif,ok,,Sr8 Li48 La16 Sb16 O96,Sr3.996 Li23.9784 La8.004 Sb8 O48,Sr3.996 Li23.9784 La8.004 Sb8 O48,128,0,0.0,spacegroup,0,0,,1,1x1x1,0.04033333333333333,0.012575000000000006,True,0.00017357572420606537,0.0,0.0,True,,2,,92,Sr4 Li24 La8 Sb8 O48,none,False,,,OBELIX/ordered_cifs/bi3_ordered_02.cif
bi3,OBELIX/cifs/bi3.cif,ok,,Sr8 Li48 La16 Sb16 O96,Sr3.996 Li23.9784 La8.004 Sb8 O48,Sr3.996 Li23.9784 La8.004 Sb8 O48,128,0,0.0,spacegroup,0,0,,1,1x1x1,0.04033333333333333,0.012575000000000006,True,0.00017357572420606537,0.0,0.0,True,,3,,92,Sr4 Li24 La8 Sb8 O48,none,False,,,OBELIX/ordered_cifs/bi3_ordered_03.cif
bi3,OBELIX/cifs/bi3.cif,ok,,Sr8 Li48 La16 Sb16 O96,Sr3.996 Li23.9784 La8.004 Sb8 O48,Sr3.996 Li23.9784 La8.004 Sb8 O48,128,0,0.0,spacegroup,0,0,,1,1x1x1,0.04033333333333333,0.012575000000000006,True,0.00017357572420606537,0.0,0.0,True,,4,,92,Sr4 Li24 La8 Sb8 O48,none,False,,,OBELIX/ordered_cifs/bi3_ordered_04.cif
bjw,OBELIX/cifs/bjw.cif,ok,,Li16 Mn8 Cl32,Li4 Mn2 Cl8,Li4 Mn2 Cl8,14,0,0.0,spacegroup,0,0,,1,1x1x1,0.0,0.0,True,0.0,0.0,0.0,True,,0,,14,Li4 Mn2 Cl8,none,False,,,OBELIX/ordered_cifs/bjw_ordered.cif
bnh,OBELIX/cifs/bnh.cif,ok,,Li24.4 Si0.4 P3.8 S20 Br4,Li6.10002 Si0.1 P0.9 S5 Br1,Li6.10002 Si0.1 P0.9 S5 Br1,25,0,0.0,spacegroup+split_site_clusters,0,6,Li,8,2x2x2,0.040000000000000036,0.024444444444444456,True,0.003541160820101044,0.004935653699912265,0.0029365780181428436,True,,0,,104,Li48 Si1 P7 S40 Br8,none,False,,,OBELIX/ordered_cifs/bnh_ordered.cif
bnh,OBELIX/cifs/bnh.cif,ok,,Li24.4 Si0.4 P3.8 S20 Br4,Li6.10002 Si0.1 P0.9 S5 Br1,Li6.10002 Si0.1 P0.9 S5 Br1,25,0,0.0,spacegroup+split_site_clusters,0,6,Li,8,2x2x2,0.040000000000000036,0.024444444444444456,True,0.003541160820101044,0.004935653699912265,0.0029365780181428436,True,,1,,104,Li48 Si1 P7 S40 Br8,none,False,,,OBELIX/ordered_cifs/bnh_ordered_01.cif
bnh,OBELIX/cifs/bnh.cif,ok,,Li24.4 Si0.4 P3.8 S20 Br4,Li6.10002 Si0.1 P0.9 S5 Br1,Li6.10002 Si0.1 P0.9 S5 Br1,25,0,0.0,spacegroup+split_site_clusters,0,6,Li,8,2x2x2,0.040000000000000036,0.024444444444444456,True,0.003541160820101044,0.004935653699912265,0.0029365780181428436,True,,2,,104,Li48 Si1 P7 S40 Br8,none,False,,,OBELIX/ordered_cifs/bnh_ordered_02.cif
bnh,OBELIX/cifs/bnh.cif,ok,,Li24.4 Si0.4 P3.8 S20 Br4,Li6.10002 Si0.1 P0.9 S5 Br1,Li6.10002 Si0.1 P0.9 S5 Br1,25,0,0.0,spacegroup+split_site_clusters,0,6,Li,8,2x2x2,0.040000000000000036,0.024444444444444456,True,0.003541160820101044,0.004935653699912265,0.0029365780181428436,True,,3,,104,Li48 Si1 P7 S40 Br8,none,False,,,OBELIX/ordered_cifs/bnh_ordered_03.cif
bnh,OBELIX/cifs/bnh.cif,ok,,Li24.4 Si0.4 P3.8 S20 Br4,Li6.10002 Si0.1 P0.9 S5 Br1,Li6.10002 Si0.1 P0.9 S5 Br1,25,0,0.0,spacegroup+split_site_clusters,0,6,Li,8,2x2x2,0.040000000000000036,0.024444444444444456,True,0.003541160820101044,0.004935653699912265,0.0029365780181428436,True,,4,,104,Li48 Si1 P7 S40 Br8,none,False,,,OBELIX/ordered_cifs/bnh_ordered_04.cif
bnu,OBELIX/cifs/bnu.cif,ok,,Li18 Al9 Ga9 Ge18 O72,Li6 Al3 Ga3 Ge6 O24,Li6 Al3 Ga3 Ge6 O24,42,0,0.0,spacegroup,0,0,,2,1x2x1,0.0,0.0,True,0.0,0.0,0.0,True,,0,,84,Li12 Al6 Ga6 Ge12 O48,none,False,,,OBELIX/ordered_cifs/bnu_ordered.cif
bnu,OBELIX/cifs/bnu.cif,ok,,Li18 Al9 Ga9 Ge18 O72,Li6 Al3 Ga3 Ge6 O24,Li6 Al3 Ga3 Ge6 O24,42,0,0.0,spacegroup,0,0,,2,1x2x1,0.0,0.0,True,0.0,0.0,0.0,True,,1,,84,Li12 Al6 Ga6 Ge12 O48,none,False,,,OBELIX/ordered_cifs/bnu_ordered_01.cif
bnu,OBELIX/cifs/bnu.cif,ok,,Li18 Al9 Ga9 Ge18 O72,Li6 Al3 Ga3 Ge6 O24,Li6 Al3 Ga3 Ge6 O24,42,0,0.0,spacegroup,0,0,,2,1x2x1,0.0,0.0,True,0.0,0.0,0.0,True,,2,,84,Li12 Al6 Ga6 Ge12 O48,none,False,,,OBELIX/ordered_cifs/bnu_ordered_02.cif
bnu,OBELIX/cifs/bnu.cif,ok,,Li18 Al9 Ga9 Ge18 O72,Li6 Al3 Ga3 Ge6 O24,Li6 Al3 Ga3 Ge6 O24,42,0,0.0,spacegroup,0,0,,2,1x2x1,0.0,0.0,True,0.0,0.0,0.0,True,,3,,84,Li12 Al6 Ga6 Ge12 O48,none,False,,,OBELIX/ordered_cifs/bnu_ordered_03.cif
bnu,OBELIX/cifs/bnu.cif,ok,,Li18 Al9 Ga9 Ge18 O72,Li6 Al3 Ga3 Ge6 O24,Li6 Al3 Ga3 Ge6 O24,42,0,0.0,spacegroup,0,0,,2,1x2x1,0.0,0.0,True,0.0,0.0,0.0,True,,4,,84,Li12 Al6 Ga6 Ge12 O48,none,False,,,OBELIX/ordered_cifs/bnu_ordered_04.cif
bq9,OBELIX/cifs/bq9.cif,copied_ordered,,Li24 Bi8 O24,Li24 Bi8 O24,Li24 Bi8 O24,56,0,0.0,,0,0,,,,,,,0.0,0.0,0.0,True,,,,56,Li24 Bi8 O24,none,False,,,OBELIX/ordered_cifs/bq9_ordered.cif
br1,OBELIX/cifs/br1.cif,copied_ordered,,Li48 Al16 N32,Li24 Al8 N16,Li24 Al8 N16,48,0,0.0,,0,0,,,,,,,0.0,0.0,0.0,True,,,,48,Li24 Al8 N16,none,False,,,OBELIX/ordered_cifs/br1_ordered.cif
bsa,OBELIX/cifs/bsa.cif,copied_ordered,,Li4 Ga4 O8,Li4 Ga4 O8,Li4 Ga4 O8,16,0,0.0,,0,0,,,,,,,0.0,0.0,0.0,True,,,,16,Li4 Ga4 O8,none,False,,,OBELIX/ordered_cifs/bsa_ordered.cif
bv2,OBELIX/cifs/bv2.cif,copied_ordered,,Li4 Y4 O8,Li4 Y4 O8,Li4 Y4 O8,16,0,0.0,,0,0,,,,,,,0.0,0.0,0.0,True,,,,16,Li4 Y4 O8,none,False,,,OBELIX/ordered_cifs/bv2_ordered.cif
c0g,OBELIX/cifs/c0g.cif,ok,,Li44 La24 Sm2 Ta14 O96,Li22.068 La12 Sm1 Ta7 O48,Li22.068 La12 Sm1 Ta7 O48,152,0,0.0,spacegroup,0,0,,1,1x1x1,0.01433333333333342,0.00530000000000001,True,0.0005704332035549875,0.0,0.0,True,,0,,90,Li22 La12 Sm1 Ta7 O48,none,False,,,OBELIX/ordered_cifs/c0g_ordered.cif
c0g,OBELIX/cifs/c0g.cif,ok,,Li44 La24 Sm2 Ta14 O96,Li22.068 La12 Sm1 Ta7 O48,Li22.068 La12 Sm1 Ta7 O48,152,0,0.0,spacegroup,0,0,,1,1x1x1,0.01433333333333342,0.00530000000000001,True,0.0005704332035549875,0.0,0.0,True,,1,,90,Li22 La12 Sm1 Ta7 O48,none,False,,,OBELIX/ordered_cifs/c0g_ordered_01.cif
c0g,OBELIX/cifs/c0g.cif,ok,,Li44 La24 Sm2 Ta14 O96,Li22.068 La12 Sm1 Ta7 O48,Li22.068 La12 Sm1 Ta7 O48,152,0,0.0,spacegroup,0,0,,1,1x1x1,0.01433333333333342,0.00530000000000001,True,0.0005704332035549875,0.0,0.0,True,,2,,90,Li22 La12 Sm1 Ta7 O48,none,False,,,OBELIX/ordered_cifs/c0g_ordered_02.cif
c0g,OBELIX/cifs/c0g.cif,ok,,Li44 La24 Sm2 Ta14 O96,Li22.068 La12 Sm1 Ta7 O48,Li22.068 La12 Sm1 Ta7 O48,152,0,0.0,spacegroup,0,0,,1,1x1x1,0.01433333333333342,0.00530000000000001,True,0.0005704332035549875,0.0,0.0,True,,3,,90,Li22 La12 Sm1 Ta7 O48,none,False,,,OBELIX/ordered_cifs/c0g_ordered_03.cif
c0g,OBELIX/cifs/c0g.cif,ok,,Li44 La24 Sm2 Ta14 O96,Li22.068 La12 Sm1 Ta7 O48,Li22.068 La12 Sm1 Ta7 O48,152,0,0.0,spacegroup,0,0,,1,1x1x1,0.01433333333333342,0.00530000000000001,True,0.0005704332035549875,0.0,0.0,True,,4,,90,Li22 La12 Sm1 Ta7 O48,none,False,,,OBELIX/ordered_cifs/c0g_ordered_04.cif
c6e,OBELIX/cifs/c6e.cif,ok,,Li24 P4 Se3.2 S16.8 Br4,Li6.006 P1 Se0.8 S4.2 Br1,Li6.006 P1 Se0.8 S4.2 Br1,25,0,0.0,spacegroup+split_site_clusters,0,6,Li,2,1x2x1,0.04548000000000001,0.022514999999999993,True,0.0002484060611077643,0.015384615384615385,0.015356226120488765,True,,0,,26,Li12 P2 Se2 S8 Br2,none,False,,,OBELIX/ordered_cifs/c6e_ordered.cif
c6e,OBELIX/cifs/c6e.cif,ok,,Li24 P4 Se3.2 S16.8 Br4,Li6.006 P1 Se0.8 S4.2 Br1,Li6.006 P1 Se0.8 S4.2 Br1,25,0,0.0,spacegroup+split_site_clusters,0,6,Li,2,1x2x1,0.04548000000000001,0.022514999999999993,True,0.0002484060611077643,0.015384615384615385,0.015356226120488765,True,,1,,26,Li12 P2 Se2 S8 Br2,none,False,,,OBELIX/ordered_cifs/c6e_ordered_01.cif
c6e,OBELIX/cifs/c6e.cif,ok,,Li24 P4 Se3.2 S16.8 Br4,Li6.006 P1 Se0.8 S4.2 Br1,Li6.006 P1 Se0.8 S4.2 Br1,25,0,0.0,spacegroup+split_site_clusters,0,6,Li,2,1x2x1,0.04548000000000001,0.022514999999999993,True,0.0002484060611077643,0.015384615384615385,0.015356226120488765,True,,2,,26,Li12 P2 Se2 S8 Br2,none,False,,,OBELIX/ordered_cifs/c6e_ordered_02.cif
c6e,OBELIX/cifs/c6e.cif,ok,,Li24 P4 Se3.2 S16.8 Br4,Li6.006 P1 Se0.8 S4.2 Br1,Li6.006 P1 Se0.8 S4.2 Br1,25,0,0.0,spacegroup+split_site_clusters,0,6,Li,2,1x2x1,0.04548000000000001,0.022514999999999993,True,0.0002484060611077643,0.015384615384615385,0.015356226120488765,True,,3,,26,Li12 P2 Se2 S8 Br2,none,False,,,OBELIX/ordered_cifs/c6e_ordered_03.cif
c6e,OBELIX/cifs/c6e.cif,ok,,Li24 P4 Se3.2 S16.8 Br4,Li6.006 P1 Se0.8 S4.2 Br1,Li6.006 P1 Se0.8 S4.2 Br1,25,0,0.0,spacegroup+split_site_clusters,0,6,Li,2,1x2x1,0.04548000000000001,0.022514999999999993,True,0.0002484060611077643,0.015384615384615385,0.015356226120488765,True,,4,,26,Li12 P2 Se2 S8 Br2,none,False,,,OBELIX/ordered_cifs/c6e_ordered_04.cif
cdk,OBELIX/cifs/cdk.cif,copied_ordered,,Li8 P4 N4 O8,Li4 P2 N2 O4,Li4 P2 N2 O4,12,0,0.0,,0,0,,,,,,,0.0,0.0,0.0,True,,,,12,Li4 P2 N2 O4,none,False,,,OBELIX/ordered_cifs/cdk_ordered.cif
cfy,OBELIX/cifs/cfy.cif,copied_ordered,,Li4 P4 S12,Li2 P2 S6,Li2 P2 S6,10,0,0.0,,0,0,,,,,,,0.0,0.0,0.0,True,,,,10,Li2 P2 S6,none,False,,,OBELIX/ordered_cifs/cfy_ordered.cif
cju,OBELIX/cifs/cju.cif,ok,,Li24 P4 Se1.6 S18.4 Br4,Li6.006 P1 Se0.399 S4.601 Br1,Li6.006 P1 Se0.399 S4.601 Br1,25,0,0.0,spacegroup+split_site_clusters,0,6,Li,4,1x2x2,0.0305,0.014062500000000002,True,0.0002484060611077643,0.007692307692307693,0.007605957013922582,True,,0,,52,Li24 P4 Se2 S18 Br4,none,False,,,OBELIX/ordered_cifs/cju_ordered.cif
cju,OBELIX/cifs/cju.cif,ok,,Li24 P4 Se1.6 S18.4 Br4,Li6.006 P1 Se0.399 S4.601 Br1,Li6.006 P1 Se0.399 S4.601 Br1,25,0,0.0,spacegroup+split_site_clusters,0,6,Li,4,1x2x2,0.0305,0.014062500000000002,True,0.0002484060611077643,0.007692307692307693,0.007605957013922582,True,,1,,52,Li24 P4 Se2 S18 Br4,none,False,,,OBELIX/ordered_cifs/cju_ordered_01.cif
cju,OBELIX/cifs/cju.cif,ok,,Li24 P4 Se1.6 S18.4 Br4,Li6.006 P1 Se0.399 S4.601 Br1,Li6.006 P1 Se0.399 S4.601 Br1,25,0,0.0,spacegroup+split_site_clusters,0,6,Li,4,1x2x2,0.0305,0.014062500000000002,True,0.0002484060611077643,0.007692307692307693,0.007605957013922582,True,,2,,52,Li24 P4 Se2 S18 Br4,none,False,,,OBELIX/ordered_cifs/cju_ordered_02.cif
cju,OBELIX/cifs/cju.cif,ok,,Li24 P4 Se1.6 S18.4 Br4,Li6.006 P1 Se0.399 S4.601 Br1,Li6.006 P1 Se0.399 S4.601 Br1,25,0,0.0,spacegroup+split_site_clusters,0,6,Li,4,1x2x2,0.0305,0.014062500000000002,True,0.0002484060611077643,0.007692307692307693,0.007605957013922582,True,,3,,52,Li24 P4 Se2 S18 Br4,none,False,,,OBELIX/ordered_cifs/cju_ordered_03.cif
cju,OBELIX/cifs/cju.cif,ok,,Li24 P4 Se1.6 S18.4 Br4,Li6.006 P1 Se0.399 S4.601 Br1,Li6.006 P1 Se0.399 S4.601 Br1,25,0,0.0,spacegroup+split_site_clusters,0,6,Li,4,1x2x2,0.0305,0.014062500000000002,True,0.0002484060611077643,0.007692307692307693,0.007605957013922582,True,,4,,52,Li24 P4 Se2 S18 Br4,none,False,,,OBELIX/ordered_cifs/cju_ordered_04.cif
ckw,OBELIX/cifs/ckw.cif,ok,,Sr7.2 Li8 Nb16 O48 F6.4,Sr0.932 Li1 Nb2 O24 F8,Sr0.932 Li1 Nb2 O24 F8,36,0,0.0,spacegroup,0,0,,1,1x1x1,0.03400000000000003,0.011333333333333334,True,0.14787641453586786,0.14745586708203529,0.00010513686345814399,True,,0,,36,Sr1 Li1 Nb2 O24 F8,none,False,,,OBELIX/ordered_cifs/ckw_ordered.cif
clt,OBELIX/cifs/clt.cif,copied_ordered,,Li6 Cu1 B4 O10,Li6 Cu1 B4 O10,Li6 Cu1 B4 O10,21,0,0.0,,0,0,,,,,,,0.0,0.0,0.0,True,,,,21,Li6 Cu1 B4 O10,none,False,,,OBELIX/ordered_cifs/clt_ordered.cif
cti,OBELIX/cifs/cti.cif,ok,,Li43.2 La24 Y1.6 Nb14.4 O96,Li21.61584 La12 Y0.8 Nb7.2 O48,Li21.61584 La12 Y0.8 Nb7.2 O48,152,0,0.0,spacegroup,0,0,,1,1x1x1,0.031333333333333324,0.015500666666666668,True,0.00013414401484618255,0.0033730158730158333,0.0032388718581696507,True,,0,,90,Li22 La12 Y1 Nb7 O48,none,False,,,OBELIX/ordered_cifs/cti_ordered.cif
cti,OBELIX/cifs/cti.cif,ok,,Li43.2 La24 Y1.6 Nb14.4 O96,Li21.61584 La12 Y0.8 Nb7.2 O48,Li21.61584 La12 Y0.8 Nb7.2 O48,152,0,0.0,spacegroup,0,0,,1,1x1x1,0.031333333333333324,0.015500666666666668,True,0.00013414401484618255,0.0033730158730158333,0.0032388718581696507,True,,1,,90,Li22 La12 Y1 Nb7 O48,none,False,,,OBELIX/ordered_cifs/cti_ordered_01.cif
cti,OBELIX/cifs/cti.cif,ok,,Li43.2 La24 Y1.6 Nb14.4 O96,Li21.61584 La12 Y0.8 Nb7.2 O48,Li21.61584 La12 Y0.8 Nb7.2 O48,152,0,0.0,spacegroup,0,0,,1,1x1x1,0.031333333333333324,0.015500666666666668,True,0.00013414401484618255,0.0033730158730158333,0.0032388718581696507,True,,2,,90,Li22 La12 Y1 Nb7 O48,none,False,,,OBELIX/ordered_cifs/cti_ordered_02.cif
cti,OBELIX/cifs/cti.cif,ok,,Li43.2 La24 Y1.6 Nb14.4 O96,Li21.61584 La12 Y0.8 Nb7.2 O48,Li21.61584 La12 Y0.8 Nb7.2 O48,152,0,0.0,spacegroup,0,0,,1,1x1x1,0.031333333333333324,0.015500666666666668,True,0.00013414401484618255,0.0033730158730158333,0.0032388718581696507,True,,3,,90,Li22 La12 Y1 Nb7 O48,none,False,,,OBELIX/ordered_cifs/cti_ordered_03.cif
cti,OBELIX/cifs/cti.cif,ok,,Li43.2 La24 Y1.6 Nb14.4 O96,Li21.61584 La12 Y0.8 Nb7.2 O48,Li21.61584 La12 Y0.8 Nb7.2 O48,152,0,0.0,spacegroup,0,0,,1,1x1x1,0.031333333333333324,0.015500666666666668,True,0.00013414401484618255,0.0033730158730158333,0.0032388718581696507,True,,4,,90,Li22 La12 Y1 Nb7 O48,none,False,,,OBELIX/ordered_cifs/cti_ordered_04.cif
cy2,OBELIX/cifs/cy2.cif,approximation_warning,Reference elements absent from source CIF: Li,Li0.16 La1.28 Ti2 O6,La1.28 Ti2 O6,La1.28 Ti2 O6,10,0,0.0,spacegroup,0,0,,3,3x1x1,0.040000000000000036,0.011851851851851855,True,0.01694915254237288,0.01694915254237288,0.0049261083743842304,True,Li,0,,28,La4 Ti6 O18,none,False,,,OBELIX/ordered_cifs/cy2_ordered.cif
cz2,OBELIX/cifs/cz2.cif,ok,,Li16 Sn4 Se12 S4,Li16 Sn4 Se12.428 S3.572,Li16 Sn4 Se12.428 S3.572,40,0,0.0,spacegroup+split_site_pairs,4,0,Li,3,3x1x1,0.03033333333333335,0.008470588235294122,True,0.011888888888889004,0.0092592592592593,0.0,True,,0,,108,Li48 Sn12 Se37 S11,none,False,,,OBELIX/ordered_cifs/cz2_ordered.cif
cz2,OBELIX/cifs/cz2.cif,ok,,Li16 Sn4 Se12 S4,Li16 Sn4 Se12.428 S3.572,Li16 Sn4 Se12.428 S3.572,40,0,0.0,spacegroup+split_site_pairs,4,0,Li,3,3x1x1,0.03033333333333335,0.008470588235294122,True,0.011888888888889004,0.0092592592592593,0.0,True,,1,,108,Li48 Sn12 Se37 S11,none,False,,,OBELIX/ordered_cifs/cz2_ordered_01.cif
cz2,OBELIX/cifs/cz2.cif,ok,,Li16 Sn4 Se12 S4,Li16 Sn4 Se12.428 S3.572,Li16 Sn4 Se12.428 S3.572,40,0,0.0,spacegroup+split_site_pairs,4,0,Li,3,3x1x1,0.03033333333333335,0.008470588235294122,True,0.011888888888889004,0.0092592592592593,0.0,True,,2,,108,Li48 Sn12 Se37 S11,none,False,,,OBELIX/ordered_cifs/cz2_ordered_02.cif
cz2,OBELIX/cifs/cz2.cif,ok,,Li16 Sn4 Se12 S4,Li16 Sn4 Se12.428 S3.572,Li16 Sn4 Se12.428 S3.572,40,0,0.0,spacegroup+split_site_pairs,4,0,Li,3,3x1x1,0.03033333333333335,0.008470588235294122,True,0.011888888888889004,0.0092592592592593,0.0,True,,3,,108,Li48 Sn12 Se37 S11,none,False,,,OBELIX/ordered_cifs/cz2_ordered_03.cif
cz2,OBELIX/cifs/cz2.cif,ok,,Li16 Sn4 Se12 S4,Li16 Sn4 Se12.428 S3.572,Li16 Sn4 Se12.428 S3.572,40,0,0.0,spacegroup+split_site_pairs,4,0,Li,3,3x1x1,0.03033333333333335,0.008470588235294122,True,0.011888888888889004,0.0092592592592593,0.0,True,,4,,108,Li48 Sn12 Se37 S11,none,False,,,OBELIX/ordered_cifs/cz2_ordered_04.cif
d7f,OBELIX/cifs/d7f.cif,copied_ordered,,Li12 Bi4 O16,Li12 Bi4 O16,Li12 Bi4 O16,32,0,0.0,,0,0,,,,,,,0.0,0.0,0.0,True,,,,32,Li12 Bi4 O16,none,False,,,OBELIX/ordered_cifs/d7f_ordered.cif
d9l,OBELIX/cifs/d9l.cif,ok,,Li24 P4 Se2 S18 Br4,Li6.006 P1 Se0.5 S4.5 Br1,Li6.006 P1 Se0.5 S4.5 Br1,25,0,0.0,spacegroup+split_site_clusters,0,6,Li,3,1x1x3,0.03392,0.017643333333333316,True,0.0002484060611078198,0.01282051282051283,0.012802769530433689,True,,0,,39,Li18 P3 Se1 S14 Br3,none,False,,,OBELIX/ordered_cifs/d9l_ordered.cif
d9l,OBELIX/cifs/d9l.cif,ok,,Li24 P4 Se2 S18 Br4,Li6.006 P1 Se0.5 S4.5 Br1,Li6.006 P1 Se0.5 S4.5 Br1,25,0,0.0,spacegroup+split_site_clusters,0,6,Li,3,1x1x3,0.03392,0.017643333333333316,True,0.0002484060611078198,0.01282051282051283,0.012802769530433689,True,,1,,39,Li18 P3 Se1 S14 Br3,none,False,,,OBELIX/ordered_cifs/d9l_ordered_01.cif
d9l,OBELIX/cifs/d9l.cif,ok,,Li24 P4 Se2 S18 Br4,Li6.006 P1 Se0.5 S4.5 Br1,Li6.006 P1 Se0.5 S4.5 Br1,25,0,0.0,spacegroup+split_site_clusters,0,6,Li,3,1x1x3,0.03392,0.017643333333333316,True,0.0002484060611078198,0.01282051282051283,0.012802769530433689,True,,2,,39,Li18 P3 Se1 S14 Br3,none,False,,,OBELIX/ordered_cifs/d9l_ordered_02.cif
d9l,OBELIX/cifs/d9l.cif,ok,,Li24 P4 Se2 S18 Br4,Li6.006 P1 Se0.5 S4.5 Br1,Li6.006 P1 Se0.5 S4.5 Br1,25,0,0.0,spacegroup+split_site_clusters,0,6,Li,3,1x1x3,0.03392,0.017643333333333316,True,0.0002484060611078198,0.01282051282051283,0.012802769530433689,True,,3,,39,Li18 P3 Se1 S14 Br3,none,False,,,OBELIX/ordered_cifs/d9l_ordered_03.cif
d9l,OBELIX/cifs/d9l.cif,ok,,Li24 P4 Se2 S18 Br4,Li6.006 P1 Se0.5 S4.5 Br1,Li6.006 P1 Se0.5 S4.5 Br1,25,0,0.0,spacegroup+split_site_clusters,0,6,Li,3,1x1x3,0.03392,0.017643333333333316,True,0.0002484060611078198,0.01282051282051283,0.012802769530433689,True,,4,,39,Li18 P3 Se1 S14 Br3,none,False,,,OBELIX/ordered_cifs/d9l_ordered_04.cif
dae,OBELIX/cifs/dae.cif,ok,,Li48.8 La24 Sm4.4 Ta11.6 O96,Li24.3 La12 Sm2.2 Ta5.8 O48,Li24.3 La12 Sm2.2 Ta5.8 O48,152,0,0.0,spacegroup,0,0,,1,1x1x1,0.025000000000000022,0.01103333333333334,True,0.0007973247409868711,0.0031996988518727676,0.0024023741108858965,True,,0,,92,Li24 La12 Sm2 Ta6 O48,none,False,,,OBELIX/ordered_cifs/dae_ordered.cif
dae,OBELIX/cifs/dae.cif,ok,,Li48.8 La24 Sm4.4 Ta11.6 O96,Li24.3 La12 Sm2.2 Ta5.8 O48,Li24.3 La12 Sm2.2 Ta5.8 O48,152,0,0.0,spacegroup,0,0,,1,1x1x1,0.025000000000000022,0.01103333333333334,True,0.0007973247409868711,0.0031996988518727676,0.0024023741108858965,True,,1,,92,Li24 La12 Sm2 Ta6 O48,none,False,,,OBELIX/ordered_cifs/dae_ordered_01.cif
dae,OBELIX/cifs/dae.cif,ok,,Li48.8 La24 Sm4.4 Ta11.6 O96,Li24.3 La12 Sm2.2 Ta5.8 O48,Li24.3 La12 Sm2.2 Ta5.8 O48,152,0,0.0,spacegroup,0,0,,1,1x1x1,0.025000000000000022,0.01103333333333334,True,0.0007973247409868711,0.0031996988518727676,0.0024023741108858965,True,,2,,92,Li24 La12 Sm2 Ta6 O48,none,False,,,OBELIX/ordered_cifs/dae_ordered_02.cif
dae,OBELIX/cifs/dae.cif,ok,,Li48.8 La24 Sm4.4 Ta11.6 O96,Li24.3 La12 Sm2.2 Ta5.8 O48,Li24.3 La12 Sm2.2 Ta5.8 O48,152,0,0.0,spacegroup,0,0,,1,1x1x1,0.025000000000000022,0.01103333333333334,True,0.0007973247409868711,0.0031996988518727676,0.0024023741108858965,True,,3,,92,Li24 La12 Sm2 Ta6 O48,none,False,,,OBELIX/ordered_cifs/dae_ordered_03.cif
dae,OBELIX/cifs/dae.cif,ok,,Li48.8 La24 Sm4.4 Ta11.6 O96,Li24.3 La12 Sm2.2 Ta5.8 O48,Li24.3 La12 Sm2.2 Ta5.8 O48,152,0,0.0,spacegroup,0,0,,1,1x1x1,0.025000000000000022,0.01103333333333334,True,0.0007973247409868711,0.0031996988518727676,0.0024023741108858965,True,,4,,92,Li24 La12 Sm2 Ta6 O48,none,False,,,OBELIX/ordered_cifs/dae_ordered_04.cif
dc8,OBELIX/cifs/dc8.cif,copied_ordered,,Li18 Mg6 P8 O32 F6,Li18 Mg6 P8 O32 F6,Li18 Mg6 P8 O32 F6,70,0,0.0,,0,0,,,,,,,0.0,0.0,0.0,True,,,,70,Li18 Mg6 P8 O32 F6,none,False,,,OBELIX/ordered_cifs/dc8_ordered.cif
de5,OBELIX/cifs/de5.cif,ok,,Li6 In2 Cl12,Li3 In1.015 Cl6,Li3 In1.015 Cl6,12,0,0.0,spacegroup,0,0,,6,3x1x2,0.04166666666666666,0.01374999999999999,True,0.0013479780329505725,0.0,0.0,True,,0,,60,Li18 In6 Cl36,none,False,,,OBELIX/ordered_cifs/de5_ordered.cif
de5,OBELIX/cifs/de5.cif,ok,,Li6 In2 Cl12,Li3 In1.015 Cl6,Li3 In1.015 Cl6,12,0,0.0,spacegroup,0,0,,6,3x1x2,0.04166666666666666,0.01374999999999999,True,0.0013479780329505725,0.0,0.0,True,,1,,60,Li18 In6 Cl36,none,False,,,OBELIX/ordered_cifs/de5_ordered_01.cif
de5,OBELIX/cifs/de5.cif,ok,,Li6 In2 Cl12,Li3 In1.015 Cl6,Li3 In1.015 Cl6,12,0,0.0,spacegroup,0,0,,6,3x1x2,0.04166666666666666,0.01374999999999999,True,0.0013479780329505725,0.0,0.0,True,,2,,60,Li18 In6 Cl36,none,False,,,OBELIX/ordered_cifs/de5_ordered_02.cif
de5,OBELIX/cifs/de5.cif,ok,,Li6 In2 Cl12,Li3 In1.015 Cl6,Li3 In1.015 Cl6,12,0,0.0,spacegroup,0,0,,6,3x1x2,0.04166666666666666,0.01374999999999999,True,0.0013479780329505725,0.0,0.0,True,,3,,60,Li18 In6 Cl36,none,False,,,OBELIX/ordered_cifs/de5_ordered_03.cif
de5,OBELIX/cifs/de5.cif,ok,,Li6 In2 Cl12,Li3 In1.015 Cl6,Li3 In1.015 Cl6,12,0,0.0,spacegroup,0,0,,6,3x1x2,0.04166666666666666,0.01374999999999999,True,0.0013479780329505725,0.0,0.0,True,,4,,60,Li18 In6 Cl36,none,False,,,OBELIX/ordered_cifs/de5_ordered_04.cif
deu,OBELIX/cifs/deu.cif,ok,,Li8.8 Al0.8 Ge1.2 S8,Li8.694 Al0.81 Ge1.19 S8,Li8.694 Al0.81 Ge1.19 S8,28,0,0.0,spacegroup+split_site_pairs,9,0,Li,4,2x1x2,0.03899999999999998,0.01663636363636363,True,0.0030161002847653995,0.00559910414333703,0.002583003858571631,True,,0,,76,Li36 Al3 Ge5 S32,none,False,,,OBELIX/ordered_cifs/deu_ordered.cif
deu,OBELIX/cifs/deu.cif,ok,,Li8.8 Al0.8 Ge1.2 S8,Li8.694 Al0.81 Ge1.19 S8,Li8.694 Al0.81 Ge1.19 S8,28,0,0.0,spacegroup+split_site_pairs,9,0,Li,4,2x1x2,0.03899999999999998,0.01663636363636363,True,0.0030161002847653995,0.00559910414333703,0.002583003858571631,True,,1,,76,Li36 Al3 Ge5 S32,none,False,,,OBELIX/ordered_cifs/deu_ordered_01.cif
deu,OBELIX/cifs/deu.cif,ok,,Li8.8 Al0.8 Ge1.2 S8,Li8.694 Al0.81 Ge1.19 S8,Li8.694 Al0.81 Ge1.19 S8,28,0,0.0,spacegroup+split_site_pairs,9,0,Li,4,2x1x2,0.03899999999999998,0.01663636363636363,True,0.0030161002847653995,0.00559910414333703,0.002583003858571631,True,,2,,76,Li36 Al3 Ge5 S32,none,False,,,OBELIX/ordered_cifs/deu_ordered_02.cif
deu,OBELIX/cifs/deu.cif,ok,,Li8.8 Al0.8 Ge1.2 S8,Li8.694 Al0.81 Ge1.19 S8,Li8.694 Al0.81 Ge1.19 S8,28,0,0.0,spacegroup+split_site_pairs,9,0,Li,4,2x1x2,0.03899999999999998,0.01663636363636363,True,0.0030161002847653995,0.00559910414333703,0.002583003858571631,True,,3,,76,Li36 Al3 Ge5 S32,none,False,,,OBELIX/ordered_cifs/deu_ordered_03.cif
deu,OBELIX/cifs/deu.cif,ok,,Li8.8 Al0.8 Ge1.2 S8,Li8.694 Al0.81 Ge1.19 S8,Li8.694 Al0.81 Ge1.19 S8,28,0,0.0,spacegroup+split_site_pairs,9,0,Li,4,2x1x2,0.03899999999999998,0.01663636363636363,True,0.0030161002847653995,0.00559910414333703,0.002583003858571631,True,,4,,76,Li36 Al3 Ge5 S32,none,False,,,OBELIX/ordered_cifs/deu_ordered_04.cif
dl7,OBELIX/cifs/dl7.cif,ok,,Li8 Mg4 Ti12 O32,Li8.0 Mg4 Ti12 O32,Li8.0 Mg4 Ti12 O32,56,0,0.0,spacegroup,0,0,,2,1x2x1,0.025000000000000022,0.010714285714285713,True,1.3877787807814457e-17,0.0,0.0,True,,0,,112,Li16 Mg8 Ti24 O64,none,False,,,OBELIX/ordered_cifs/dl7_ordered.cif
dl7,OBELIX/cifs/dl7.cif,ok,,Li8 Mg4 Ti12 O32,Li8.0 Mg4 Ti12 O32,Li8.0 Mg4 Ti12 O32,56,0,0.0,spacegroup,0,0,,2,1x2x1,0.025000000000000022,0.010714285714285713,True,1.3877787807814457e-17,0.0,0.0,True,,1,,112,Li16 Mg8 Ti24 O64,none,False,,,OBELIX/ordered_cifs/dl7_ordered_01.cif
dl7,OBELIX/cifs/dl7.cif,ok,,Li8 Mg4 Ti12 O32,Li8.0 Mg4 Ti12 O32,Li8.0 Mg4 Ti12 O32,56,0,0.0,spacegroup,0,0,,2,1x2x1,0.025000000000000022,0.010714285714285713,True,1.3877787807814457e-17,0.0,0.0,True,,2,,112,Li16 Mg8 Ti24 O64,none,False,,,OBELIX/ordered_cifs/dl7_ordered_02.cif
dl7,OBELIX/cifs/dl7.cif,ok,,Li8 Mg4 Ti12 O32,Li8.0 Mg4 Ti12 O32,Li8.0 Mg4 Ti12 O32,56,0,0.0,spacegroup,0,0,,2,1x2x1,0.025000000000000022,0.010714285714285713,True,1.3877787807814457e-17,0.0,0.0,True,,3,,112,Li16 Mg8 Ti24 O64,none,False,,,OBELIX/ordered_cifs/dl7_ordered_03.cif
dl7,OBELIX/cifs/dl7.cif,ok,,Li8 Mg4 Ti12 O32,Li8.0 Mg4 Ti12 O32,Li8.0 Mg4 Ti12 O32,56,0,0.0,spacegroup,0,0,,2,1x2x1,0.025000000000000022,0.010714285714285713,True,1.3877787807814457e-17,0.0,0.0,True,,4,,112,Li16 Mg8 Ti24 O64,none,False,,,OBELIX/ordered_cifs/dl7_ordered_04.cif
dlj,OBELIX/cifs/dlj.cif,ok,,Li24 P4 Se4 S16 Br4,Li6.006 P1 Se1 S3.65484 Br1,Li6.006 P1 Se1 S3.65484 Br1,25,0,0.0,spacegroup+split_site_clusters,0,6,Li,3,1x1x3,0.011826666666666708,0.005112499999999994,True,0.019019518209145436,0.018218623481781382,0.0,True,,0,,38,Li18 P3 Se3 S11 Br3,none,False,,,OBELIX/ordered_cifs/dlj_ordered.cif
dlj,OBELIX/cifs/dlj.cif,ok,,Li24 P4 Se4 S16 Br4,Li6.006 P1 Se1 S3.65484 Br1,Li6.006 P1 Se1 S3.65484 Br1,25,0,0.0,spacegroup+split_site_clusters,0,6,Li,3,1x1x3,0.011826666666666708,0.005112499999999994,True,0.019019518209145436,0.018218623481781382,0.0,True,,1,,38,Li18 P3 Se3 S11 Br3,none,False,,,OBELIX/ordered_cifs/dlj_ordered_01.cif
dlj,OBELIX/cifs/dlj.cif,ok,,Li24 P4 Se4 S16 Br4,Li6.006 P1 Se1 S3.65484 Br1,Li6.006 P1 Se1 S3.65484 Br1,25,0,0.0,spacegroup+split_site_clusters,0,6,Li,3,1x1x3,0.011826666666666708,0.005112499999999994,True,0.019019518209145436,0.018218623481781382,0.0,True,,2,,38,Li18 P3 Se3 S11 Br3,none,False,,,OBELIX/ordered_cifs/dlj_ordered_02.cif
dlj,OBELIX/cifs/dlj.cif,ok,,Li24 P4 Se4 S16 Br4,Li6.006 P1 Se1 S3.65484 Br1,Li6.006 P1 Se1 S3.65484 Br1,25,0,0.0,spacegroup+split_site_clusters,0,6,Li,3,1x1x3,0.011826666666666708,0.005112499999999994,True,0.019019518209145436,0.018218623481781382,0.0,True,,3,,38,Li18 P3 Se3 S11 Br3,none,False,,,OBELIX/ordered_cifs/dlj_ordered_03.cif
dlj,OBELIX/cifs/dlj.cif,ok,,Li24 P4 Se4 S16 Br4,Li6.006 P1 Se1 S3.65484 Br1,Li6.006 P1 Se1 S3.65484 Br1,25,0,0.0,spacegroup+split_site_clusters,0,6,Li,3,1x1x3,0.011826666666666708,0.005112499999999994,True,0.019019518209145436,0.018218623481781382,0.0,True,,4,,38,Li18 P3 Se3 S11 Br3,none,False,,,OBELIX/ordered_cifs/dlj_ordered_04.cif
dmq,OBELIX/cifs/dmq.cif,ok,,Li24 Al8 S24,Li12.188 Al3.732 S11.696,Li12.188 Al3.732 S11.696,36,0,0.0,spacegroup+split_site_pairs,2,0,Li,3,3x1x1,0.031333333333333324,0.013888888888888888,True,0.012766926005628343,0.017211703958691926,0.004444777953063583,True,,0,,83,Li37 Al11 S35,none,False,,,OBELIX/ordered_cifs/dmq_ordered.cif
dmq,OBELIX/cifs/dmq.cif,ok,,Li24 Al8 S24,Li12.188 Al3.732 S11.696,Li12.188 Al3.732 S11.696,36,0,0.0,spacegroup+split_site_pairs,2,0,Li,3,3x1x1,0.031333333333333324,0.013888888888888888,True,0.012766926005628343,0.017211703958691926,0.004444777953063583,True,,1,,83,Li37 Al11 S35,none,False,,,OBELIX/ordered_cifs/dmq_ordered_01.cif
dmq,OBELIX/cifs/dmq.cif,ok,,Li24 Al8 S24,Li12.188 Al3.732 S11.696,Li12.188 Al3.732 S11.696,36,0,0.0,spacegroup+split_site_pairs,2,0,Li,3,3x1x1,0.031333333333333324,0.013888888888888888,True,0.012766926005628343,0.017211703958691926,0.004444777953063583,True,,2,,83,Li37 Al11 S35,none,False,,,OBELIX/ordered_cifs/dmq_ordered_02.cif
dmq,OBELIX/cifs/dmq.cif,ok,,Li24 Al8 S24,Li12.188 Al3.732 S11.696,Li12.188 Al3.732 S11.696,36,0,0.0,spacegroup+split_site_pairs,2,0,Li,3,3x1x1,0.031333333333333324,0.013888888888888888,True,0.012766926005628343,0.017211703958691926,0.004444777953063583,True,,3,,83,Li37 Al11 S35,none,False,,,OBELIX/ordered_cifs/dmq_ordered_03.cif
dmq,OBELIX/cifs/dmq.cif,ok,,Li24 Al8 S24,Li12.188 Al3.732 S11.696,Li12.188 Al3.732 S11.696,36,0,0.0,spacegroup+split_site_pairs,2,0,Li,3,3x1x1,0.031333333333333324,0.013888888888888888,True,0.012766926005628343,0.017211703958691926,0.004444777953063583,True,,4,,83,Li37 Al11 S35,none,False,,,OBELIX/ordered_cifs/dmq_ordered_04.cif
dth,OBELIX/cifs/dth.cif,copied_ordered,,Li16 Ge4 O16,Li8 Ge2 O8,Li8 Ge2 O8,18,0,0.0,,0,0,,,,,,,0.0,0.0,0.0,True,,,,18,Li8 Ge2 O8,none,False,,,OBELIX/ordered_cifs/dth_ordered.cif
duf,OBELIX/cifs/duf.cif,ok,,Li52.8 La24 Zr12.8 Sb3.2 O96,Li35.268 La2.988 Zr1.336 Sb0.056 O48,Li35.268 La2.988 Zr1.336 Sb0.056 O48,116,0,0.0,spacegroup,0,0,,3,1x1x3,0.034666666666666665,0.008839506172839516,True,0.12272123934876683,0.12185413456599897,9.12741876597234e-05,True,,0,,264,Li106 La9 Zr4 Sb1 O144,none,False,,,OBELIX/ordered_cifs/duf_ordered.cif
duf,OBELIX/cifs/duf.cif,ok,,Li52.8 La24 Zr12.8 Sb3.2 O96,Li35.268 La2.988 Zr1.336 Sb0.056 O48,Li35.268 La2.988 Zr1.336 Sb0.056 O48,116,0,0.0,spacegroup,0,0,,3,1x1x3,0.034666666666666665,0.008839506172839516,True,0.12272123934876683,0.12185413456599897,9.12741876597234e-05,True,,1,,264,Li106 La9 Zr4 Sb1 O144,none,False,,,OBELIX/ordered_cifs/duf_ordered_01.cif
duf,OBELIX/cifs/duf.cif,ok,,Li52.8 La24 Zr12.8 Sb3.2 O96,Li35.268 La2.988 Zr1.336 Sb0.056 O48,Li35.268 La2.988 Zr1.336 Sb0.056 O48,116,0,0.0,spacegroup,0,0,,3,1x1x3,0.034666666666666665,0.008839506172839516,True,0.12272123934876683,0.12185413456599897,9.12741876597234e-05,True,,2,,264,Li106 La9 Zr4 Sb1 O144,none,False,,,OBELIX/ordered_cifs/duf_ordered_02.cif
duf,OBELIX/cifs/duf.cif,ok,,Li52.8 La24 Zr12.8 Sb3.2 O96,Li35.268 La2.988 Zr1.336 Sb0.056 O48,Li35.268 La2.988 Zr1.336 Sb0.056 O48,116,0,0.0,spacegroup,0,0,,3,1x1x3,0.034666666666666665,0.008839506172839516,True,0.12272123934876683,0.12185413456599897,9.12741876597234e-05,True,,3,,264,Li106 La9 Zr4 Sb1 O144,none,False,,,OBELIX/ordered_cifs/duf_ordered_03.cif
duf,OBELIX/cifs/duf.cif,ok,,Li52.8 La24 Zr12.8 Sb3.2 O96,Li35.268 La2.988 Zr1.336 Sb0.056 O48,Li35.268 La2.988 Zr1.336 Sb0.056 O48,116,0,0.0,spacegroup,0,0,,3,1x1x3,0.034666666666666665,0.008839506172839516,True,0.12272123934876683,0.12185413456599897,9.12741876597234e-05,True,,4,,264,Li106 La9 Zr4 Sb1 O144,none,False,,,OBELIX/ordered_cifs/duf_ordered_04.cif
dvb,OBELIX/cifs/dvb.cif,ok,,Li41.6 La24 Y0.8 Nb15.2 O96,Li20.81616 La12 Y0.4 Nb7.6 O48,Li20.81616 La12 Y0.4 Nb7.6 O48,152,0,0.0,spacegroup,0,0,,2,1x2x1,0.012499999999999997,0.0065326666666666745,True,0.00013933021619896846,0.0017208219455410179,0.0015814917293420494,True,,0,,178,Li42 La24 Y1 Nb15 O96,none,False,,,OBELIX/ordered_cifs/dvb_ordered.cif
dvb,OBELIX/cifs/dvb.cif,ok,,Li41.6 La24 Y0.8 Nb15.2 O96,Li20.81616 La12 Y0.4 Nb7.6 O48,Li20.81616 La12 Y0.4 Nb7.6 O48,152,0,0.0,spacegroup,0,0,,2,1x2x1,0.012499999999999997,0.0065326666666666745,True,0.00013933021619896846,0.0017208219455410179,0.0015814917293420494,True,,1,,178,Li42 La24 Y1 Nb15 O96,none,False,,,OBELIX/ordered_cifs/dvb_ordered_01.cif
dvb,OBELIX/cifs/dvb.cif,ok,,Li41.6 La24 Y0.8 Nb15.2 O96,Li20.81616 La12 Y0.4 Nb7.6 O48,Li20.81616 La12 Y0.4 Nb7.6 O48,152,0,0.0,spacegroup,0,0,,2,1x2x1,0.012499999999999997,0.0065326666666666745,True,0.00013933021619896846,0.0017208219455410179,0.0015814917293420494,True,,2,,178,Li42 La24 Y1 Nb15 O96,none,False,,,OBELIX/ordered_cifs/dvb_ordered_02.cif
dvb,OBELIX/cifs/dvb.cif,ok,,Li41.6 La24 Y0.8 Nb15.2 O96,Li20.81616 La12 Y0.4 Nb7.6 O48,Li20.81616 La12 Y0.4 Nb7.6 O48,152,0,0.0,spacegroup,0,0,,2,1x2x1,0.012499999999999997,0.0065326666666666745,True,0.00013933021619896846,0.0017208219455410179,0.0015814917293420494,True,,3,,178,Li42 La24 Y1 Nb15 O96,none,False,,,OBELIX/ordered_cifs/dvb_ordered_03.cif
dvb,OBELIX/cifs/dvb.cif,ok,,Li41.6 La24 Y0.8 Nb15.2 O96,Li20.81616 La12 Y0.4 Nb7.6 O48,Li20.81616 La12 Y0.4 Nb7.6 O48,152,0,0.0,spacegroup,0,0,,2,1x2x1,0.012499999999999997,0.0065326666666666745,True,0.00013933021619896846,0.0017208219455410179,0.0015814917293420494,True,,4,,178,Li42 La24 Y1 Nb15 O96,none,False,,,OBELIX/ordered_cifs/dvb_ordered_04.cif
dvn,OBELIX/cifs/dvn.cif,ok,,Li16 Mg8 Cl32,Li4 Mg2 Cl8,Li4 Mg2 Cl8,14,0,0.0,spacegroup,0,0,,1,1x1x1,0.0,0.0,True,0.0,0.0,0.0,True,,0,,14,Li4 Mg2 Cl8,none,False,,,OBELIX/ordered_cifs/dvn_ordered.cif
e6a,OBELIX/cifs/e6a.cif,ok,,Li53.6 La24 Zr13.6 Ta2.4 O96,Li25.656 La12 Zr6.8 Ta1.2 O48,Li25.656 La12 Zr6.8 Ta1.2 O48,128,0,0.0,spacegroup,0,0,,1,1x1x1,0.033333333333333326,0.014875000000000003,True,0.008761752768638331,0.006104677260077185,0.001865310809255458,True,,0,,94,Li26 La12 Zr7 Ta1 O48,none,False,,,OBELIX/ordered_cifs/e6a_ordered.cif
e6a,OBELIX/cifs/e6a.cif,ok,,Li53.6 La24 Zr13.6 Ta2.4 O96,Li25.656 La12 Zr6.8 Ta1.2 O48,Li25.656 La12 Zr6.8 Ta1.2 O48,128,0,0.0,spacegroup,0,0,,1,1x1x1,0.033333333333333326,0.014875000000000003,True,0.008761752768638331,0.006104677260077185,0.001865310809255458,True,,1,,94,Li26 La12 Zr7 Ta1 O48,none,False,,,OBELIX/ordered_cifs/e6a_ordered_01.cif
e6a,OBELIX/cifs/e6a.cif,ok,,Li53.6 La24 Zr13.6 Ta2.4 O96,Li25.656 La12 Zr6.8 Ta1.2 O48,Li25.656 La12 Zr6.8 Ta1.2 O48,128,0,0.0,spacegroup,0,0,,1,1x1x1,0.033333333333333326,0.014875000000000003,True,0.008761752768638331,0.006104677260077185,0.001865310809255458,True,,2,,94,Li26 La12 Zr7 Ta1 O48,none,False,,,OBELIX/ordered_cifs/e6a_ordered_02.cif
e6a,OBELIX/cifs/e6a.cif,ok,,Li53.6 La24 Zr13.6 Ta2.4 O96,Li25.656 La12 Zr6.8 Ta1.2 O48,Li25.656 La12 Zr6.8 Ta1.2 O48,128,0,0.0,spacegroup,0,0,,1,1x1x1,0.033333333333333326,0.014875000000000003,True,0.008761752768638331,0.006104677260077185,0.001865310809255458,True,,3,,94,Li26 La12 Zr7 Ta1 O48,none,False,,,OBELIX/ordered_cifs/e6a_ordered_03.cif
e6a,OBELIX/cifs/e6a.cif,ok,,Li53.6 La24 Zr13.6 Ta2.4 O96,Li25.656 La12 Zr6.8 Ta1.2 O48,Li25.656 La12 Zr6.8 Ta1.2 O48,128,0,0.0,spacegroup,0,0,,1,1x1x1,0.033333333333333326,0.014875000000000003,True,0.008761752768638331,0.006104677260077185,0.001865310809255458,True,,4,,94,Li26 La12 Zr7 Ta1 O48,none,False,,,OBELIX/ordered_cifs/e6a_ordered_04.cif
e6b,OBELIX/cifs/e6b.cif,ok,,Li16 Ge4 S16,Li16 Ge4 S16,Li16 Ge4 S16,40,0,0.0,spacegroup+split_site_pairs,4,0,Li,1,1x1x1,0.0,0.0,True,0.0,0.0,0.0,True,,0,,36,Li16 Ge4 S16,none,False,,,OBELIX/ordered_cifs/e6b_ordered.cif
e81,OBELIX/cifs/e81.cif,ok,,Sr8 Li8.8 Zr0.8 Ta15.2 O48 F8,Sr1.932 Li2.068 Zr0.2 Ta3.8 O12 F2,Sr1.932 Li2.068 Zr0.2 Ta3.8 O12 F2,34,0,0.0,spacegroup+split_site_pairs,8,0,O,3,1x1x3,0.033333333333333326,0.004376811594202899,True,0.005099099099099114,0.008190008190008202,0.00606060606060606,True,,0,,66,Sr6 Li6 Zr1 Ta11 O36 F6,none,False,,,OBELIX/ordered_cifs/e81_ordered.cif
e81,OBELIX/cifs/e81.cif,ok,,Sr8 Li8.8 Zr0.8 Ta15.2 O48 F8,Sr1.932 Li2.068 Zr0.2 Ta3.8 O12 F2,Sr1.932 Li2.068 Zr0.2 Ta3.8 O12 F2,34,0,0.0,spacegroup+split_site_pairs,8,0,O,3,1x1x3,0.033333333333333326,0.004376811594202899,True,0.005099099099099114,0.008190008190008202,0.00606060606060606,True,,1,,66,Sr6 Li6 Zr1 Ta11 O36 F6,none,False,,,OBELIX/ordered_cifs/e81_ordered_01.cif
e81,OBELIX/cifs/e81.cif,ok,,Sr8 Li8.8 Zr0.8 Ta15.2 O48 F8,Sr1.932 Li2.068 Zr0.2 Ta3.8 O12 F2,Sr1.932 Li2.068 Zr0.2 Ta3.8 O12 F2,34,0,0.0,spacegroup+split_site_pairs,8,0,O,3,1x1x3,0.033333333333333326,0.004376811594202899,True,0.005099099099099114,0.008190008190008202,0.00606060606060606,True,,2,,66,Sr6 Li6 Zr1 Ta11 O36 F6,none,False,,,OBELIX/ordered_cifs/e81_ordered_02.cif
e81,OBELIX/cifs/e81.cif,ok,,Sr8 Li8.8 Zr0.8 Ta15.2 O48 F8,Sr1.932 Li2.068 Zr0.2 Ta3.8 O12 F2,Sr1.932 Li2.068 Zr0.2 Ta3.8 O12 F2,34,0,0.0,spacegroup+split_site_pairs,8,0,O,3,1x1x3,0.033333333333333326,0.004376811594202899,True,0.005099099099099114,0.008190008190008202,0.00606060606060606,True,,3,,66,Sr6 Li6 Zr1 Ta11 O36 F6,none,False,,,OBELIX/ordered_cifs/e81_ordered_03.cif
e81,OBELIX/cifs/e81.cif,ok,,Sr8 Li8.8 Zr0.8 Ta15.2 O48 F8,Sr1.932 Li2.068 Zr0.2 Ta3.8 O12 F2,Sr1.932 Li2.068 Zr0.2 Ta3.8 O12 F2,34,0,0.0,spacegroup+split_site_pairs,8,0,O,3,1x1x3,0.033333333333333326,0.004376811594202899,True,0.005099099099099114,0.008190008190008202,0.00606060606060606,True,,4,,66,Sr6 Li6 Zr1 Ta11 O36 F6,none,False,,,OBELIX/ordered_cifs/e81_ordered_04.cif
ecp,OBELIX/cifs/ecp.cif,copied_ordered,,Li4 La4 O8,Li4 La4 O8,Li4 La4 O8,16,0,0.0,,0,0,,,,,,,0.0,0.0,0.0,True,,,,16,Li4 La4 O8,none,False,,,OBELIX/ordered_cifs/ecp_ordered.cif
ei3,OBELIX/cifs/ei3.cif,ok,,Li9 Y3 Cl18,Li9 Y3 Cl18,Li9 Y3 Cl18,35,0,0.0,spacegroup,0,0,,5,5x1x1,0.03408,0.014264444444444456,True,0.0,0.0,0.0,True,,0,,150,Li45 Y15 Cl90,none,False,,,OBELIX/ordered_cifs/ei3_ordered.cif
ei3,OBELIX/cifs/ei3.cif,ok,,Li9 Y3 Cl18,Li9 Y3 Cl18,Li9 Y3 Cl18,35,0,0.0,spacegroup,0,0,,5,5x1x1,0.03408,0.014264444444444456,True,0.0,0.0,0.0,True,,1,,150,Li45 Y15 Cl90,none,False,,,OBELIX/ordered_cifs/ei3_ordered_01.cif
ei3,OBELIX/cifs/ei3.cif,ok,,Li9 Y3 Cl18,Li9 Y3 Cl18,Li9 Y3 Cl18,35,0,0.0,spacegroup,0,0,,5,5x1x1,0.03408,0.014264444444444456,True,0.0,0.0,0.0,True,,2,,150,Li45 Y15 Cl90,none,False,,,OBELIX/ordered_cifs/ei3_ordered_02.cif
ei3,OBELIX/cifs/ei3.cif,ok,,Li9 Y3 Cl18,Li9 Y3 Cl18,Li9 Y3 Cl18,35,0,0.0,spacegroup,0,0,,5,5x1x1,0.03408,0.014264444444444456,True,0.0,0.0,0.0,True,,3,,150,Li45 Y15 Cl90,none,False,,,OBELIX/ordered_cifs/ei3_ordered_03.cif
ei3,OBELIX/cifs/ei3.cif,ok,,Li9 Y3 Cl18,Li9 Y3 Cl18,Li9 Y3 Cl18,35,0,0.0,spacegroup,0,0,,5,5x1x1,0.03408,0.014264444444444456,True,0.0,0.0,0.0,True,,4,,150,Li45 Y15 Cl90,none,False,,,OBELIX/ordered_cifs/ei3_ordered_04.cif
ek5,OBELIX/cifs/ek5.cif,ok,,Sr8 Li8 Nb16 O48 F8,Sr1.9856 Li2.0144 Nb4 O12 F2,Sr1.9856 Li2.0144 Nb4 O12 F2,22,0,0.0,spacegroup,0,0,,1,1x1x1,0.0036000000000000476,0.001440000000000008,True,0.0006545454545454771,0.0,0.0,True,,0,,22,Sr2 Li2 Nb4 O12 F2,none,False,,,OBELIX/ordered_cifs/ek5_ordered.cif
elz,OBELIX/cifs/elz.cif,ok,,Li6 Y2 Br12,Li3 Y0.99999 Br6,Li3 Y0.99999 Br6,15,0,0.0,spacegroup,0,0,,5,5x1x1,0.04622000000000004,0.02174666666666668,True,9.000009000142972e-07,0.0,0.0,True,,0,,50,Li15 Y5 Br30,none,False,,,OBELIX/ordered_cifs/elz_ordered.cif
elz,OBELIX/cifs/elz.cif,ok,,Li6 Y2 Br12,Li3 Y0.99999 Br6,Li3 Y0.99999 Br6,15,0,0.0,spacegroup,0,0,,5,5x1x1,0.04622000000000004,0.02174666666666668,True,9.000009000142972e-07,0.0,0.0,True,,1,,50,Li15 Y5 Br30,none,False,,,OBELIX/ordered_cifs/elz_ordered_01.cif
elz,OBELIX/cifs/elz.cif,ok,,Li6 Y2 Br12,Li3 Y0.99999 Br6,Li3 Y0.99999 Br6,15,0,0.0,spacegroup,0,0,,5,5x1x1,0.04622000000000004,0.02174666666666668,True,9.000009000142972e-07,0.0,0.0,True,,2,,50,Li15 Y5 Br30,none,False,,,OBELIX/ordered_cifs/elz_ordered_02.cif
elz,OBELIX/cifs/elz.cif,ok,,Li6 Y2 Br12,Li3 Y0.99999 Br6,Li3 Y0.99999 Br6,15,0,0.0,spacegroup,0,0,,5,5x1x1,0.04622000000000004,0.02174666666666668,True,9.000009000142972e-07,0.0,0.0,True,,3,,50,Li15 Y5 Br30,none,False,,,OBELIX/ordered_cifs/elz_ordered_03.cif
elz,OBELIX/cifs/elz.cif,ok,,Li6 Y2 Br12,Li3 Y0.99999 Br6,Li3 Y0.99999 Br6,15,0,0.0,spacegroup,0,0,,5,5x1x1,0.04622000000000004,0.02174666666666668,True,9.000009000142972e-07,0.0,0.0,True,,4,,50,Li15 Y5 Br30,none,False,,,OBELIX/ordered_cifs/elz_ordered_04.cif
etz,OBELIX/cifs/etz.cif,ok,,Li56 La24 Zr16 O96,Li17.88 La12 Zr8 O48,Li17.88 La12 Zr8 O48,128,0,0.0,spacegroup,0,0,,1,1x1x1,0.03666666666666668,0.013095238095238096,True,0.08346918180406779,0.09166666666666667,0.008197484862598886,True,,0,,85,Li17 La12 Zr8 O48,none,False,,,OBELIX/ordered_cifs/etz_ordered.cif
etz,OBELIX/cifs/etz.cif,ok,,Li56 La24 Zr16 O96,Li17.88 La12 Zr8 O48,Li17.88 La12 Zr8 O48,128,0,0.0,spacegroup,0,0,,1,1x1x1,0.03666666666666668,0.013095238095238096,True,0.08346918180406779,0.09166666666666667,0.008197484862598886,True,,1,,85,Li17 La12 Zr8 O48,none,False,,,OBELIX/ordered_cifs/etz_ordered_01.cif
etz,OBELIX/cifs/etz.cif,ok,,Li56 La24 Zr16 O96,Li17.88 La12 Zr8 O48,Li17.88 La12 Zr8 O48,128,0,0.0,spacegroup,0,0,,1,1x1x1,0.03666666666666668,0.013095238095238096,True,0.08346918180406779,0.09166666666666667,0.008197484862598886,True,,2,,85,Li17 La12 Zr8 O48,none,False,,,OBELIX/ordered_cifs/etz_ordered_02.cif
etz,OBELIX/cifs/etz.cif,ok,,Li56 La24 Zr16 O96,Li17.88 La12 Zr8 O48,Li17.88 La12 Zr8 O48,128,0,0.0,spacegroup,0,0,,1,1x1x1,0.03666666666666668,0.013095238095238096,True,0.08346918180406779,0.09166666666666667,0.008197484862598886,True,,3,,85,Li17 La12 Zr8 O48,none,False,,,OBELIX/ordered_cifs/etz_ordered_03.cif
etz,OBELIX/cifs/etz.cif,ok,,Li56 La24 Zr16 O96,Li17.88 La12 Zr8 O48,Li17.88 La12 Zr8 O48,128,0,0.0,spacegroup,0,0,,1,1x1x1,0.03666666666666668,0.013095238095238096,True,0.08346918180406779,0.09166666666666667,0.008197484862598886,True,,4,,85,Li17 La12 Zr8 O48,none,False,,,OBELIX/ordered_cifs/etz_ordered_04.cif
fam,OBELIX/cifs/fam.cif,ok,,Li47.2 La24 Sm3.6 Ta12.4 O96,Li23.664 La12 Sm1.8 Ta6.2 O48,Li23.664 La12 Sm1.8 Ta6.2 O48,152,0,0.0,spacegroup,0,0,,1,1x1x1,0.025000000000000022,0.011133333333333332,True,0.0005183159913439428,0.004894668650127221,0.004376352658783278,True,,0,,91,Li23 La12 Sm2 Ta6 O48,none,False,,,OBELIX/ordered_cifs/fam_ordered.cif
fam,OBELIX/cifs/fam.cif,ok,,Li47.2 La24 Sm3.6 Ta12.4 O96,Li23.664 La12 Sm1.8 Ta6.2 O48,Li23.664 La12 Sm1.8 Ta6.2 O48,152,0,0.0,spacegroup,0,0,,1,1x1x1,0.025000000000000022,0.011133333333333332,True,0.0005183159913439428,0.004894668650127221,0.004376352658783278,True,,1,,91,Li23 La12 Sm2 Ta6 O48,none,False,,,OBELIX/ordered_cifs/fam_ordered_01.cif
fam,OBELIX/cifs/fam.cif,ok,,Li47.2 La24 Sm3.6 Ta12.4 O96,Li23.664 La12 Sm1.8 Ta6.2 O48,Li23.664 La12 Sm1.8 Ta6.2 O48,152,0,0.0,spacegroup,0,0,,1,1x1x1,0.025000000000000022,0.011133333333333332,True,0.0005183159913439428,0.004894668650127221,0.004376352658783278,True,,2,,91,Li23 La12 Sm2 Ta6 O48,none,False,,,OBELIX/ordered_cifs/fam_ordered_02.cif
fam,OBELIX/cifs/fam.cif,ok,,Li47.2 La24 Sm3.6 Ta12.4 O96,Li23.664 La12 Sm1.8 Ta6.2 O48,Li23.664 La12 Sm1.8 Ta6.2 O48,152,0,0.0,spacegroup,0,0,,1,1x1x1,0.025000000000000022,0.011133333333333332,True,0.0005183159913439428,0.004894668650127221,0.004376352658783278,True,,3,,91,Li23 La12 Sm2 Ta6 O48,none,False,,,OBELIX/ordered_cifs/fam_ordered_03.cif
fam,OBELIX/cifs/fam.cif,ok,,Li47.2 La24 Sm3.6 Ta12.4 O96,Li23.664 La12 Sm1.8 Ta6.2 O48,Li23.664 La12 Sm1.8 Ta6.2 O48,152,0,0.0,spacegroup,0,0,,1,1x1x1,0.025000000000000022,0.011133333333333332,True,0.0005183159913439428,0.004894668650127221,0.004376352658783278,True,,4,,91,Li23 La12 Sm2 Ta6 O48,none,False,,,OBELIX/ordered_cifs/fam_ordered_04.cif
fft,OBELIX/cifs/fft.cif,copied_ordered,,Li6 N2,Li6 N2,Li6 N2,8,0,0.0,,0,0,,,,,,,0.0,0.0,0.0,True,,,,8,Li6 N2,none,False,,,OBELIX/ordered_cifs/fft_ordered.cif
fj5,OBELIX/cifs/fj5.cif,ok,,Li13 Si1 P3 O16,Li12.964 Si1 P3 O16,Li12.964 Si1 P3 O16,56,0,0.0,spacegroup+split_site_pairs,12,0,Li,3,3x1x1,0.019333333333333327,0.007737373737373738,True,0.0006618790746929504,0.0,0.0,True,,0,,99,Li39 Si3 P9 O48,none,False,,,OBELIX/ordered_cifs/fj5_ordered.cif
fj5,OBELIX/cifs/fj5.cif,ok,,Li13 Si1 P3 O16,Li12.964 Si1 P3 O16,Li12.964 Si1 P3 O16,56,0,0.0,spacegroup+split_site_pairs,12,0,Li,3,3x1x1,0.019333333333333327,0.007737373737373738,True,0.0006618790746929504,0.0,0.0,True,,1,,99,Li39 Si3 P9 O48,none,False,,,OBELIX/ordered_cifs/fj5_ordered_01.cif
fj5,OBELIX/cifs/fj5.cif,ok,,Li13 Si1 P3 O16,Li12.964 Si1 P3 O16,Li12.964 Si1 P3 O16,56,0,0.0,spacegroup+split_site_pairs,12,0,Li,3,3x1x1,0.019333333333333327,0.007737373737373738,True,0.0006618790746929504,0.0,0.0,True,,2,,99,Li39 Si3 P9 O48,none,False,,,OBELIX/ordered_cifs/fj5_ordered_02.cif
fj5,OBELIX/cifs/fj5.cif,ok,,Li13 Si1 P3 O16,Li12.964 Si1 P3 O16,Li12.964 Si1 P3 O16,56,0,0.0,spacegroup+split_site_pairs,12,0,Li,3,3x1x1,0.019333333333333327,0.007737373737373738,True,0.0006618790746929504,0.0,0.0,True,,3,,99,Li39 Si3 P9 O48,none,False,,,OBELIX/ordered_cifs/fj5_ordered_03.cif
fj5,OBELIX/cifs/fj5.cif,ok,,Li13 Si1 P3 O16,Li12.964 Si1 P3 O16,Li12.964 Si1 P3 O16,56,0,0.0,spacegroup+split_site_pairs,12,0,Li,3,3x1x1,0.019333333333333327,0.007737373737373738,True,0.0006618790746929504,0.0,0.0,True,,4,,99,Li39 Si3 P9 O48,none,False,,,OBELIX/ordered_cifs/fj5_ordered_04.cif
fkj,OBELIX/cifs/fkj.cif,ok,,Li26 Si2 P2 S20 Br4,Li6.49998 Si0.5 P0.5 S5 Br1,Li6.49998 Si0.5 P0.5 S5 Br1,25,0,0.0,spacegroup+split_site_clusters,0,6,Li,6,1x3x2,0.030274444444444437,0.011820987654321007,True,7.681767210665491e-07,0.01994301994301989,0.019942251766298824,True,,0,,78,Li36 Si3 P3 S30 Br6,none,False,,,OBELIX/ordered_cifs/fkj_ordered.cif
fkj,OBELIX/cifs/fkj.cif,ok,,Li26 Si2 P2 S20 Br4,Li6.49998 Si0.5 P0.5 S5 Br1,Li6.49998 Si0.5 P0.5 S5 Br1,25,0,0.0,spacegroup+split_site_clusters,0,6,Li,6,1x3x2,0.030274444444444437,0.011820987654321007,True,7.681767210665491e-07,0.01994301994301989,0.019942251766298824,True,,1,,78,Li36 Si3 P3 S30 Br6,none,False,,,OBELIX/ordered_cifs/fkj_ordered_01.cif
fkj,OBELIX/cifs/fkj.cif,ok,,Li26 Si2 P2 S20 Br4,Li6.49998 Si0.5 P0.5 S5 Br1,Li6.49998 Si0.5 P0.5 S5 Br1,25,0,0.0,spacegroup+split_site_clusters,0,6,Li,6,1x3x2,0.030274444444444437,0.011820987654321007,True,7.681767210665491e-07,0.01994301994301989,0.019942251766298824,True,,2,,78,Li36 Si3 P3 S30 Br6,none,False,,,OBELIX/ordered_cifs/fkj_ordered_02.cif
fkj,OBELIX/cifs/fkj.cif,ok,,Li26 Si2 P2 S20 Br4,Li6.49998 Si0.5 P0.5 S5 Br1,Li6.49998 Si0.5 P0.5 S5 Br1,25,0,0.0,spacegroup+split_site_clusters,0,6,Li,6,1x3x2,0.030274444444444437,0.011820987654321007,True,7.681767210665491e-07,0.01994301994301989,0.019942251766298824,True,,3,,78,Li36 Si3 P3 S30 Br6,none,False,,,OBELIX/ordered_cifs/fkj_ordered_03.cif
fkj,OBELIX/cifs/fkj.cif,ok,,Li26 Si2 P2 S20 Br4,Li6.49998 Si0.5 P0.5 S5 Br1,Li6.49998 Si0.5 P0.5 S5 Br1,25,0,0.0,spacegroup+split_site_clusters,0,6,Li,6,1x3x2,0.030274444444444437,0.011820987654321007,True,7.681767210665491e-07,0.01994301994301989,0.019942251766298824,True,,4,,78,Li36 Si3 P3 S30 Br6,none,False,,,OBELIX/ordered_cifs/fkj_ordered_04.cif
fwz,OBELIX/cifs/fwz.cif,copied_ordered,,Li8 Si4 S12,Li4 Si2 S6,Li4 Si2 S6,12,0,0.0,,0,0,,,,,,,0.0,0.0,0.0,True,,,,12,Li4 Si2 S6,none,False,,,OBELIX/ordered_cifs/fwz_ordered.cif
g5q,OBELIX/cifs/g5q.cif,ok,,Li52 La24 Zr12 Ta4 O96,Li26.016 La12 Zr6 Ta2 O48,Li26.016 La12 Zr6 Ta2 O48,128,0,0.0,spacegroup,0,0,,1,1x1x1,0.040000000000000036,0.01258333333333335,True,0.00012311168402295847,0.0,0.0,True,,0,,94,Li26 La12 Zr6 Ta2 O48,none,False,,,OBELIX/ordered_cifs/g5q_ordered.cif
g5q,OBELIX/cifs/g5q.cif,ok,,Li52 La24 Zr12 Ta4 O96,Li26.016 La12 Zr6 Ta2 O48,Li26.016 La12 Zr6 Ta2 O48,128,0,0.0,spacegroup,0,0,,1,1x1x1,0.040000000000000036,0.01258333333333335,True,0.00012311168402295847,0.0,0.0,True,,1,,94,Li26 La12 Zr6 Ta2 O48,none,False,,,OBELIX/ordered_cifs/g5q_ordered_01.cif
g5q,OBELIX/cifs/g5q.cif,ok,,Li52 La24 Zr12 Ta4 O96,Li26.016 La12 Zr6 Ta2 O48,Li26.016 La12 Zr6 Ta2 O48,128,0,0.0,spacegroup,0,0,,1,1x1x1,0.040000000000000036,0.01258333333333335,True,0.00012311168402295847,0.0,0.0,True,,2,,94,Li26 La12 Zr6 Ta2 O48,none,False,,,OBELIX/ordered_cifs/g5q_ordered_02.cif
g5q,OBELIX/cifs/g5q.cif,ok,,Li52 La24 Zr12 Ta4 O96,Li26.016 La12 Zr6 Ta2 O48,Li26.016 La12 Zr6 Ta2 O48,128,0,0.0,spacegroup,0,0,,1,1x1x1,0.040000000000000036,0.01258333333333335,True,0.00012311168402295847,0.0,0.0,True,,3,,94,Li26 La12 Zr6 Ta2 O48,none,False,,,OBELIX/ordered_cifs/g5q_ordered_03.cif
g5q,OBELIX/cifs/g5q.cif,ok,,Li52 La24 Zr12 Ta4 O96,Li26.016 La12 Zr6 Ta2 O48,Li26.016 La12 Zr6 Ta2 O48,128,0,0.0,spacegroup,0,0,,1,1x1x1,0.040000000000000036,0.01258333333333335,True,0.00012311168402295847,0.0,0.0,True,,4,,94,Li26 La12 Zr6 Ta2 O48,none,False,,,OBELIX/ordered_cifs/g5q_ordered_04.cif
ga9,OBELIX/cifs/ga9.cif,ok,,Li8 Ce8 B24 H96 Cl8,Li2.94 Ce4 B12 H48 Cl4,Li2.94 Ce4 B12 H48 Cl4,74,0,0.0,spacegroup,0,0,,1,1x1x1,0.010000000000000009,0.0025000000000000022,True,0.014112082197788416,0.01330203442879499,0.0,True,,0,,71,Li3 Ce4 B12 H48 Cl4,none,False,,,OBELIX/ordered_cifs/ga9_ordered.cif
ga9,OBELIX/cifs/ga9.cif,ok,,Li8 Ce8 B24 H96 Cl8,Li2.94 Ce4 B12 H48 Cl4,Li2.94 Ce4 B12 H48 Cl4,74,0,0.0,spacegroup,0,0,,1,1x1x1,0.010000000000000009,0.0025000000000000022,True,0.014112082197788416,0.01330203442879499,0.0,True,,1,,71,Li3 Ce4 B12 H48 Cl4,none,False,,,OBELIX/ordered_cifs/ga9_ordered_01.cif
gas,OBELIX/cifs/gas.cif,ok,,Li0.31 La0.63 Ti0.9 Co0.1 O3,Li0.31 La0.63 Ti0.9 Co0.1 O3,Li0.31 La0.63 Ti0.9 Co0.1 O3,5,0,0.0,spacegroup,0,0,,10,5x1x2,0.03999999999999995,0.01333333333333333,True,0.0,0.005081384780632914,0.005081384780632914,True,,0,,49,Li3 La6 Ti9 Co1 O30,none,False,,,OBELIX/ordered_cifs/gas_ordered.cif
gas,OBELIX/cifs/gas.cif,ok,,Li0.31 La0.63 Ti0.9 Co0.1 O3,Li0.31 La0.63 Ti0.9 Co0.1 O3,Li0.31 La0.63 Ti0.9 Co0.1 O3,5,0,0.0,spacegroup,0,0,,10,5x1x2,0.03999999999999995,0.01333333333333333,True,0.0,0.005081384780632914,0.005081384780632914,True,,1,,49,Li3 La6 Ti9 Co1 O30,none,False,,,OBELIX/ordered_cifs/gas_ordered_01.cif
gas,OBELIX/cifs/gas.cif,ok,,Li0.31 La0.63 Ti0.9 Co0.1 O3,Li0.31 La0.63 Ti0.9 Co0.1 O3,Li0.31 La0.63 Ti0.9 Co0.1 O3,5,0,0.0,spacegroup,0,0,,10,5x1x2,0.03999999999999995,0.01333333333333333,True,0.0,0.005081384780632914,0.005081384780632914,True,,2,,49,Li3 La6 Ti9 Co1 O30,none,False,,,OBELIX/ordered_cifs/gas_ordered_02.cif
gas,OBELIX/cifs/gas.cif,ok,,Li0.31 La0.63 Ti0.9 Co0.1 O3,Li0.31 La0.63 Ti0.9 Co0.1 O3,Li0.31 La0.63 Ti0.9 Co0.1 O3,5,0,0.0,spacegroup,0,0,,10,5x1x2,0.03999999999999995,0.01333333333333333,True,0.0,0.005081384780632914,0.005081384780632914,True,,3,,49,Li3 La6 Ti9 Co1 O30,none,False,,,OBELIX/ordered_cifs/gas_ordered_03.cif
gas,OBELIX/cifs/gas.cif,ok,,Li0.31 La0.63 Ti0.9 Co0.1 O3,Li0.31 La0.63 Ti0.9 Co0.1 O3,Li0.31 La0.63 Ti0.9 Co0.1 O3,5,0,0.0,spacegroup,0,0,,10,5x1x2,0.03999999999999995,0.01333333333333333,True,0.0,0.005081384780632914,0.005081384780632914,True,,4,,49,Li3 La6 Ti9 Co1 O30,none,False,,,OBELIX/ordered_cifs/gas_ordered_04.cif
gcj,OBELIX/cifs/gcj.cif,ok,,Li48 Ca8 La16 Nb16 O96,Li24.024 Ca3.996 La8.004 Nb8 O48,Li24.024 Ca3.996 La8.004 Nb8 O48,128,0,0.0,spacegroup,0,0,,1,1x1x1,0.026666666666666672,0.00829166666666667,True,0.00019276634828724326,0.0,0.0,True,,0,,92,Li24 Ca4 La8 Nb8 O48,none,False,,,OBELIX/ordered_cifs/gcj_ordered.cif
gcj,OBELIX/cifs/gcj.cif,ok,,Li48 Ca8 La16 Nb16 O96,Li24.024 Ca3.996 La8.004 Nb8 O48,Li24.024 Ca3.996 La8.004 Nb8 O48,128,0,0.0,spacegroup,0,0,,1,1x1x1,0.026666666666666672,0.00829166666666667,True,0.00019276634828724326,0.0,0.0,True,,1,,92,Li24 Ca4 La8 Nb8 O48,none,False,,,OBELIX/ordered_cifs/gcj_ordered_01.cif
gcj,OBELIX/cifs/gcj.cif,ok,,Li48 Ca8 La16 Nb16 O96,Li24.024 Ca3.996 La8.004 Nb8 O48,Li24.024 Ca3.996 La8.004 Nb8 O48,128,0,0.0,spacegroup,0,0,,1,1x1x1,0.026666666666666672,0.00829166666666667,True,0.00019276634828724326,0.0,0.0,True,,2,,92,Li24 Ca4 La8 Nb8 O48,none,False,,,OBELIX/ordered_cifs/gcj_ordered_02.cif
gcj,OBELIX/cifs/gcj.cif,ok,,Li48 Ca8 La16 Nb16 O96,Li24.024 Ca3.996 La8.004 Nb8 O48,Li24.024 Ca3.996 La8.004 Nb8 O48,128,0,0.0,spacegroup,0,0,,1,1x1x1,0.026666666666666672,0.00829166666666667,True,0.00019276634828724326,0.0,0.0,True,,3,,92,Li24 Ca4 La8 Nb8 O48,none,False,,,OBELIX/ordered_cifs/gcj_ordered_03.cif
gcj,OBELIX/cifs/gcj.cif,ok,,Li48 Ca8 La16 Nb16 O96,Li24.024 Ca3.996 La8.004 Nb8 O48,Li24.024 Ca3.996 La8.004 Nb8 O48,128,0,0.0,spacegroup,0,0,,1,1x1x1,0.026666666666666672,0.00829166666666667,True,0.00019276634828724326,0.0,0.0,True,,4,,92,Li24 Ca4 La8 Nb8 O48,none,False,,,OBELIX/ordered_cifs/gcj_ordered_04.cif
gdr,OBELIX/cifs/gdr.cif,ok,,Li49.6 La24 Zr9.6 Ta6.4 O96,Li24.816 La12 Zr4.8 Ta3.2 O48,Li24.816 La12 Zr4.8 Ta3.2 O48,128,0,0.0,spacegroup,0,0,,1,1x1x1,0.040000000000000036,0.017791666666666685,True,0.00012631591461631508,0.0022246941045606233,0.0022187498262257327,True,,0,,93,Li25 La12 Zr5 Ta3 O48,none,False,,,OBELIX/ordered_cifs/gdr_ordered.cif
gdr,OBELIX/cifs/gdr.cif,ok,,Li49.6 La24 Zr9.6 Ta6.4 O96,Li24.816 La12 Zr4.8 Ta3.2 O48,Li24.816 La12 Zr4.8 Ta3.2 O48,128,0,0.0,spacegroup,0,0,,1,1x1x1,0.040000000000000036,0.017791666666666685,True,0.00012631591461631508,0.0022246941045606233,0.0022187498262257327,True,,1,,93,Li25 La12 Zr5 Ta3 O48,none,False,,,OBELIX/ordered_cifs/gdr_ordered_01.cif
gdr,OBELIX/cifs/gdr.cif,ok,,Li49.6 La24 Zr9.6 Ta6.4 O96,Li24.816 La12 Zr4.8 Ta3.2 O48,Li24.816 La12 Zr4.8 Ta3.2 O48,128,0,0.0,spacegroup,0,0,,1,1x1x1,0.040000000000000036,0.017791666666666685,True,0.00012631591461631508,0.0022246941045606233,0.0022187498262257327,True,,2,,93,Li25 La12 Zr5 Ta3 O48,none,False,,,OBELIX/ordered_cifs/gdr_ordered_02.cif
gdr,OBELIX/cifs/gdr.cif,ok,,Li49.6 La24 Zr9.6 Ta6.4 O96,Li24.816 La12 Zr4.8 Ta3.2 O48,Li24.816 La12 Zr4.8 Ta3.2 O48,128,0,0.0,spacegroup,0,0,,1,1x1x1,0.040000000000000036,0.017791666666666685,True,0.00012631591461631508,0.0022246941045606233,0.0022187498262257327,True,,3,,93,Li25 La12 Zr5 Ta3 O48,none,False,,,OBELIX/ordered_cifs/gdr_ordered_03.cif
gdr,OBELIX/cifs/gdr.cif,ok,,Li49.6 La24 Zr9.6 Ta6.4 O96,Li24.816 La12 Zr4.8 Ta3.2 O48,Li24.816 La12 Zr4.8 Ta3.2 O48,128,0,0.0,spacegroup,0,0,,1,1x1x1,0.040000000000000036,0.017791666666666685,True,0.00012631591461631508,0.0022246941045606233,0.0022187498262257327,True,,4,,93,Li25 La12 Zr5 Ta3 O48,none,False,,,OBELIX/ordered_cifs/gdr_ordered_04.cif
gkl,OBELIX/cifs/gkl.cif,ok,,Li40 La24 Nb16 O96,Li19.968 La12 Nb8 O48,Li19.968 La12 Nb8 O48,152,0,0.0,spacegroup,0,0,,1,1x1x1,0.015000000000000013,0.005296296296296282,True,0.0002810939515196509,0.0,0.0,True,,0,,88,Li20 La12 Nb8 O48,none,False,,,OBELIX/ordered_cifs/gkl_ordered.cif
gkl,OBELIX/cifs/gkl.cif,ok,,Li40 La24 Nb16 O96,Li19.968 La12 Nb8 O48,Li19.968 La12 Nb8 O48,152,0,0.0,spacegroup,0,0,,1,1x1x1,0.015000000000000013,0.005296296296296282,True,0.0002810939515196509,0.0,0.0,True,,1,,88,Li20 La12 Nb8 O48,none,False,,,OBELIX/ordered_cifs/gkl_ordered_01.cif
gkl,OBELIX/cifs/gkl.cif,ok,,Li40 La24 Nb16 O96,Li19.968 La12 Nb8 O48,Li19.968 La12 Nb8 O48,152,0,0.0,spacegroup,0,0,,1,1x1x1,0.015000000000000013,0.005296296296296282,True,0.0002810939515196509,0.0,0.0,True,,2,,88,Li20 La12 Nb8 O48,none,False,,,OBELIX/ordered_cifs/gkl_ordered_02.cif
gkl,OBELIX/cifs/gkl.cif,ok,,Li40 La24 Nb16 O96,Li19.968 La12 Nb8 O48,Li19.968 La12 Nb8 O48,152,0,0.0,spacegroup,0,0,,1,1x1x1,0.015000000000000013,0.005296296296296282,True,0.0002810939515196509,0.0,0.0,True,,3,,88,Li20 La12 Nb8 O48,none,False,,,OBELIX/ordered_cifs/gkl_ordered_03.cif
gkl,OBELIX/cifs/gkl.cif,ok,,Li40 La24 Nb16 O96,Li19.968 La12 Nb8 O48,Li19.968 La12 Nb8 O48,152,0,0.0,spacegroup,0,0,,1,1x1x1,0.015000000000000013,0.005296296296296282,True,0.0002810939515196509,0.0,0.0,True,,4,,88,Li20 La12 Nb8 O48,none,False,,,OBELIX/ordered_cifs/gkl_ordered_04.cif
goi,OBELIX/cifs/goi.cif,copied_ordered,,Li4 H28 C12 N4 Cl4 O4,Li4 H28 C12 N4 Cl4 O4,Li4 H28 C12 N4 Cl4 O4,56,0,0.0,,0,0,,,,,,,0.0,0.0,0.0,True,,,,56,Li4 H28 C12 N4 Cl4 O4,none,False,,,OBELIX/ordered_cifs/goi_ordered.cif
gvd,OBELIX/cifs/gvd.cif,copied_ordered,,Li3 N1,Li3 N1,Li3 N1,4,0,0.0,,0,0,,,,,,,0.0,0.0,0.0,True,,,,4,Li3 N1,none,False,,,OBELIX/ordered_cifs/gvd_ordered.cif
gw2,OBELIX/cifs/gw2.cif,ok,,Li8.4 Al2.4 Ge9.6 P18 O72,Li2.788 Al0.792 Ge3.208 P6 O24,Li2.788 Al0.792 Ge3.208 P6 O24,48,0,0.0,spacegroup,0,0,,3,1x3x1,0.03133333333333335,0.013530864197530853,True,0.00030137426665594047,0.003952569169960479,0.0037067423171587427,True,,0,,110,Li8 Al2 Ge10 P18 O72,none,False,,,OBELIX/ordered_cifs/gw2_ordered.cif
gw2,OBELIX/cifs/gw2.cif,ok,,Li8.4 Al2.4 Ge9.6 P18 O72,Li2.788 Al0.792 Ge3.208 P6 O24,Li2.788 Al0.792 Ge3.208 P6 O24,48,0,0.0,spacegroup,0,0,,3,1x3x1,0.03133333333333335,0.013530864197530853,True,0.00030137426665594047,0.003952569169960479,0.0037067423171587427,True,,1,,110,Li8 Al2 Ge10 P18 O72,none,False,,,OBELIX/ordered_cifs/gw2_ordered_01.cif
gw2,OBELIX/cifs/gw2.cif,ok,,Li8.4 Al2.4 Ge9.6 P18 O72,Li2.788 Al0.792 Ge3.208 P6 O24,Li2.788 Al0.792 Ge3.208 P6 O24,48,0,0.0,spacegroup,0,0,,3,1x3x1,0.03133333333333335,0.013530864197530853,True,0.00030137426665594047,0.003952569169960479,0.0037067423171587427,True,,2,,110,Li8 Al2 Ge10 P18 O72,none,False,,,OBELIX/ordered_cifs/gw2_ordered_02.cif
gw2,OBELIX/cifs/gw2.cif,ok,,Li8.4 Al2.4 Ge9.6 P18 O72,Li2.788 Al0.792 Ge3.208 P6 O24,Li2.788 Al0.792 Ge3.208 P6 O24,48,0,0.0,spacegroup,0,0,,3,1x3x1,0.03133333333333335,0.013530864197530853,True,0.00030137426665594047,0.003952569169960479,0.0037067423171587427,True,,3,,110,Li8 Al2 Ge10 P18 O72,none,False,,,OBELIX/ordered_cifs/gw2_ordered_03.cif
gw2,OBELIX/cifs/gw2.cif,ok,,Li8.4 Al2.4 Ge9.6 P18 O72,Li2.788 Al0.792 Ge3.208 P6 O24,Li2.788 Al0.792 Ge3.208 P6 O24,48,0,0.0,spacegroup,0,0,,3,1x3x1,0.03133333333333335,0.013530864197530853,True,0.00030137426665594047,0.003952569169960479,0.0037067423171587427,True,,4,,110,Li8 Al2 Ge10 P18 O72,none,False,,,OBELIX/ordered_cifs/gw2_ordered_04.cif
gwu,OBELIX/cifs/gwu.cif,ok,,Li0.3 La0.7 Ti0.6 Al0.4 O3,Li0.292 La0.708 Ti0.60639361 Al0.39360639 O3,Li0.292 La0.708 Ti0.60639361 Al0.39360639 O3,5,0,0.0,spacegroup,0,0,,7,7x1x1,0.034965034965035,0.016500299700299703,True,0.001600000000000018,0.005714285714285713,0.004435564435564449,True,,0,,35,Li2 La5 Ti4 Al3 O21,none,False,,,OBELIX/ordered_cifs/gwu_ordered.cif
gwu,OBELIX/cifs/gwu.cif,ok,,Li0.3 La0.7 Ti0.6 Al0.4 O3,Li0.292 La0.708 Ti0.60639361 Al0.39360639 O3,Li0.292 La0.708 Ti0.60639361 Al0.39360639 O3,5,0,0.0,spacegroup,0,0,,7,7x1x1,0.034965034965035,0.016500299700299703,True,0.001600000000000018,0.005714285714285713,0.004435564435564449,True,,1,,35,Li2 La5 Ti4 Al3 O21,none,False,,,OBELIX/ordered_cifs/gwu_ordered_01.cif
gwu,OBELIX/cifs/gwu.cif,ok,,Li0.3 La0.7 Ti0.6 Al0.4 O3,Li0.292 La0.708 Ti0.60639361 Al0.39360639 O3,Li0.292 La0.708 Ti0.60639361 Al0.39360639 O3,5,0,0.0,spacegroup,0,0,,7,7x1x1,0.034965034965035,0.016500299700299703,True,0.001600000000000018,0.005714285714285713,0.004435564435564449,True,,2,,35,Li2 La5 Ti4 Al3 O21,none,False,,,OBELIX/ordered_cifs/gwu_ordered_02.cif
gwu,OBELIX/cifs/gwu.cif,ok,,Li0.3 La0.7 Ti0.6 Al0.4 O3,Li0.292 La0.708 Ti0.60639361 Al0.39360639 O3,Li0.292 La0.708 Ti0.60639361 Al0.39360639 O3,5,0,0.0,spacegroup,0,0,,7,7x1x1,0.034965034965035,0.016500299700299703,True,0.001600000000000018,0.005714285714285713,0.004435564435564449,True,,3,,35,Li2 La5 Ti4 Al3 O21,none,False,,,OBELIX/ordered_cifs/gwu_ordered_03.cif
gwu,OBELIX/cifs/gwu.cif,ok,,Li0.3 La0.7 Ti0.6 Al0.4 O3,Li0.292 La0.708 Ti0.60639361 Al0.39360639 O3,Li0.292 La0.708 Ti0.60639361 Al0.39360639 O3,5,0,0.0,spacegroup,0,0,,7,7x1x1,0.034965034965035,0.016500299700299703,True,0.001600000000000018,0.005714285714285713,0.004435564435564449,True,,4,,35,Li2 La5 Ti4 Al3 O21,none,False,,,OBELIX/ordered_cifs/gwu_ordered_04.cif
gxz,OBELIX/cifs/gxz.cif,ok,,Li8 Zn2 P4 O16,Li8 Zn2 P4 O16,Li8 Zn2 P4 O16,32,0,0.0,spacegroup,0,0,,1,1x1x1,0.0,0.0,True,0.0,0.0,0.0,True,,0,,30,Li8 Zn2 P4 O16,none,False,,,OBELIX/ordered_cifs/gxz_ordered.cif
gxz,OBELIX/cifs/gxz.cif,ok,,Li8 Zn2 P4 O16,Li8 Zn2 P4 O16,Li8 Zn2 P4 O16,32,0,0.0,spacegroup,0,0,,1,1x1x1,0.0,0.0,True,0.0,0.0,0.0,True,,1,,30,Li8 Zn2 P4 O16,none,False,,,OBELIX/ordered_cifs/gxz_ordered_01.cif
gxz,OBELIX/cifs/gxz.cif,ok,,Li8 Zn2 P4 O16,Li8 Zn2 P4 O16,Li8 Zn2 P4 O16,32,0,0.0,spacegroup,0,0,,1,1x1x1,0.0,0.0,True,0.0,0.0,0.0,True,,2,,30,Li8 Zn2 P4 O16,none,False,,,OBELIX/ordered_cifs/gxz_ordered_02.cif
gxz,OBELIX/cifs/gxz.cif,ok,,Li8 Zn2 P4 O16,Li8 Zn2 P4 O16,Li8 Zn2 P4 O16,32,0,0.0,spacegroup,0,0,,1,1x1x1,0.0,0.0,True,0.0,0.0,0.0,True,,3,,30,Li8 Zn2 P4 O16,none,False,,,OBELIX/ordered_cifs/gxz_ordered_03.cif
gxz,OBELIX/cifs/gxz.cif,ok,,Li8 Zn2 P4 O16,Li8 Zn2 P4 O16,Li8 Zn2 P4 O16,32,0,0.0,spacegroup,0,0,,1,1x1x1,0.0,0.0,True,0.0,0.0,0.0,True,,4,,30,Li8 Zn2 P4 O16,none,False,,,OBELIX/ordered_cifs/gxz_ordered_04.cif
gz8,OBELIX/cifs/gz8.cif,ok,,Li40 La24 Ta16 O96,Li20.0376 La12 Ta8 O48,Li20.0376 La12 Ta8 O48,152,0,0.0,spacegroup,0,0,,1,1x1x1,0.031333333333333324,0.010533333333333327,True,0.000330024278882568,0.0,0.0,True,,0,,88,Li20 La12 Ta8 O48,none,False,,,OBELIX/ordered_cifs/gz8_ordered.cif
gz8,OBELIX/cifs/gz8.cif,ok,,Li40 La24 Ta16 O96,Li20.0376 La12 Ta8 O48,Li20.0376 La12 Ta8 O48,152,0,0.0,spacegroup,0,0,,1,1x1x1,0.031333333333333324,0.010533333333333327,True,0.000330024278882568,0.0,0.0,True,,1,,88,Li20 La12 Ta8 O48,none,False,,,OBELIX/ordered_cifs/gz8_ordered_01.cif
gz8,OBELIX/cifs/gz8.cif,ok,,Li40 La24 Ta16 O96,Li20.0376 La12 Ta8 O48,Li20.0376 La12 Ta8 O48,152,0,0.0,spacegroup,0,0,,1,1x1x1,0.031333333333333324,0.010533333333333327,True,0.000330024278882568,0.0,0.0,True,,2,,88,Li20 La12 Ta8 O48,none,False,,,OBELIX/ordered_cifs/gz8_ordered_02.cif
gz8,OBELIX/cifs/gz8.cif,ok,,Li40 La24 Ta16 O96,Li20.0376 La12 Ta8 O48,Li20.0376 La12 Ta8 O48,152,0,0.0,spacegroup,0,0,,1,1x1x1,0.031333333333333324,0.010533333333333327,True,0.000330024278882568,0.0,0.0,True,,3,,88,Li20 La12 Ta8 O48,none,False,,,OBELIX/ordered_cifs/gz8_ordered_03.cif
gz8,OBELIX/cifs/gz8.cif,ok,,Li40 La24 Ta16 O96,Li20.0376 La12 Ta8 O48,Li20.0376 La12 Ta8 O48,152,0,0.0,spacegroup,0,0,,1,1x1x1,0.031333333333333324,0.010533333333333327,True,0.000330024278882568,0.0,0.0,True,,4,,88,Li20 La12 Ta8 O48,none,False,,,OBELIX/ordered_cifs/gz8_ordered_04.cif
h5i,OBELIX/cifs/h5i.cif,ok,,Na0.4 Li0.1 La0.5 Nb2 O6,Na0.4 Li0.1 La0.5 Nb2 O6,Na0.4 Li0.1 La0.5 Nb2 O6,9,0,0.0,spacegroup,0,0,,8,2x4x1,0.025000000000000022,0.007142857142857145,True,0.0,0.002777777777777782,0.002777777777777782,True,,0,,72,Na3 Li1 La4 Nb16 O48,none,False,,,OBELIX/ordered_cifs/h5i_ordered.cif
h5i,OBELIX/cifs/h5i.cif,ok,,Na0.4 Li0.1 La0.5 Nb2 O6,Na0.4 Li0.1 La0.5 Nb2 O6,Na0.4 Li0.1 La0.5 Nb2 O6,9,0,0.0,spacegroup,0,0,,8,2x4x1,0.025000000000000022,0.007142857142857145,True,0.0,0.002777777777777782,0.002777777777777782,True,,1,,72,Na3 Li1 La4 Nb16 O48,none,False,,,OBELIX/ordered_cifs/h5i_ordered_01.cif
h5i,OBELIX/cifs/h5i.cif,ok,,Na0.4 Li0.1 La0.5 Nb2 O6,Na0.4 Li0.1 La0.5 Nb2 O6,Na0.4 Li0.1 La0.5 Nb2 O6,9,0,0.0,spacegroup,0,0,,8,2x4x1,0.025000000000000022,0.007142857142857145,True,0.0,0.002777777777777782,0.002777777777777782,True,,2,,72,Na3 Li1 La4 Nb16 O48,none,False,,,OBELIX/ordered_cifs/h5i_ordered_02.cif
h5i,OBELIX/cifs/h5i.cif,ok,,Na0.4 Li0.1 La0.5 Nb2 O6,Na0.4 Li0.1 La0.5 Nb2 O6,Na0.4 Li0.1 La0.5 Nb2 O6,9,0,0.0,spacegroup,0,0,,8,2x4x1,0.025000000000000022,0.007142857142857145,True,0.0,0.002777777777777782,0.002777777777777782,True,,3,,72,Na3 Li1 La4 Nb16 O48,none,False,,,OBELIX/ordered_cifs/h5i_ordered_03.cif
h5i,OBELIX/cifs/h5i.cif,ok,,Na0.4 Li0.1 La0.5 Nb2 O6,Na0.4 Li0.1 La0.5 Nb2 O6,Na0.4 Li0.1 La0.5 Nb2 O6,9,0,0.0,spacegroup,0,0,,8,2x4x1,0.025000000000000022,0.007142857142857145,True,0.0,0.002777777777777782,0.002777777777777782,True,,4,,72,Na3 Li1 La4 Nb16 O48,none,False,,,OBELIX/ordered_cifs/h5i_ordered_04.cif
h6c,OBELIX/cifs/h6c.cif,copied_ordered,,Li6 V2 O8,Li6 V2 O8,Li6 V2 O8,16,0,0.0,,0,0,,,,,,,0.0,0.0,0.0,True,,,,16,Li6 V2 O8,none,False,,,OBELIX/ordered_cifs/h6c_ordered.cif
h7r,OBELIX/cifs/h7r.cif,ok,,Li6 Ti8.4 Sn3.6 P18 O72,Li2 Ti2.8 Sn1.2 P6 O24,Li2 Ti2.8 Sn1.2 P6 O24,36,0,0.0,spacegroup,0,0,,1,1x1x1,0.050000000000000044,0.016666666666666673,True,0.0,0.005555555555555557,0.005555555555555557,True,,0,,36,Li2 Ti3 Sn1 P6 O24,none,False,,,OBELIX/ordered_cifs/h7r_ordered.cif
h82,OBELIX/cifs/h82.cif,ok,,Li24 P4 S20 I3 Br1,Li5.994 P1 S4.99901598 I0.74999101 Br0.24999301,Li5.994 P1 S5.015 I0.741 Br0.243,25,2,0.015984015984015984,spacegroup+split_site_clusters,0,6,Li,4,1x2x2,0.01833333333333334,0.006666666666666674,True,0.00021313251514126774,0.0,0.0,True,,0,,52,Li24 P4 S20 I3 Br1,none,False,,,OBELIX/ordered_cifs/h82_ordered.cif
h82,OBELIX/cifs/h82.cif,ok,,Li24 P4 S20 I3 Br1,Li5.994 P1 S4.99901598 I0.74999101 Br0.24999301,Li5.994 P1 S5.015 I0.741 Br0.243,25,2,0.015984015984015984,spacegroup+split_site_clusters,0,6,Li,4,1x2x2,0.01833333333333334,0.006666666666666674,True,0.00021313251514126774,0.0,0.0,True,,1,,52,Li24 P4 S20 I3 Br1,none,False,,,OBELIX/ordered_cifs/h82_ordered_01.cif
h82,OBELIX/cifs/h82.cif,ok,,Li24 P4 S20 I3 Br1,Li5.994 P1 S4.99901598 I0.74999101 Br0.24999301,Li5.994 P1 S5.015 I0.741 Br0.243,25,2,0.015984015984015984,spacegroup+split_site_clusters,0,6,Li,4,1x2x2,0.01833333333333334,0.006666666666666674,True,0.00021313251514126774,0.0,0.0,True,,2,,52,Li24 P4 S20 I3 Br1,none,False,,,OBELIX/ordered_cifs/h82_ordered_02.cif
h82,OBELIX/cifs/h82.cif,ok,,Li24 P4 S20 I3 Br1,Li5.994 P1 S4.99901598 I0.74999101 Br0.24999301,Li5.994 P1 S5.015 I0.741 Br0.243,25,2,0.015984015984015984,spacegroup+split_site_clusters,0,6,Li,4,1x2x2,0.01833333333333334,0.006666666666666674,True,0.00021313251514126774,0.0,0.0,True,,3,,52,Li24 P4 S20 I3 Br1,none,False,,,OBELIX/ordered_cifs/h82_ordered_03.cif
h82,OBELIX/cifs/h82.cif,ok,,Li24 P4 S20 I3 Br1,Li5.994 P1 S4.99901598 I0.74999101 Br0.24999301,Li5.994 P1 S5.015 I0.741 Br0.243,25,2,0.015984015984015984,spacegroup+split_site_clusters,0,6,Li,4,1x2x2,0.01833333333333334,0.006666666666666674,True,0.00021313251514126774,0.0,0.0,True,,4,,52,Li24 P4 S20 I3 Br1,none,False,,,OBELIX/ordered_cifs/h82_ordered_04.cif
h89,OBELIX/cifs/h89.cif,ok,,Ba8 Li48 La16 Ta16 O96,Ba3.9996 Li24.0 La8.0004 Ta8 O48,Ba3.9996 Li24.0 La8.0004 Ta8 O48,104,0,0.0,spacegroup,0,0,,1,1x1x1,0.006666666666666654,0.0025083333333333346,True,4.3478260869506125e-06,0.0,0.0,True,,0,,92,Ba4 Li24 La8 Ta8 O48,none,False,,,OBELIX/ordered_cifs/h89_ordered.cif
h89,OBELIX/cifs/h89.cif,ok,,Ba8 Li48 La16 Ta16 O96,Ba3.9996 Li24.0 La8.0004 Ta8 O48,Ba3.9996 Li24.0 La8.0004 Ta8 O48,104,0,0.0,spacegroup,0,0,,1,1x1x1,0.006666666666666654,0.0025083333333333346,True,4.3478260869506125e-06,0.0,0.0,True,,1,,92,Ba4 Li24 La8 Ta8 O48,none,False,,,OBELIX/ordered_cifs/h89_ordered_01.cif
h89,OBELIX/cifs/h89.cif,ok,,Ba8 Li48 La16 Ta16 O96,Ba3.9996 Li24.0 La8.0004 Ta8 O48,Ba3.9996 Li24.0 La8.0004 Ta8 O48,104,0,0.0,spacegroup,0,0,,1,1x1x1,0.006666666666666654,0.0025083333333333346,True,4.3478260869506125e-06,0.0,0.0,True,,2,,92,Ba4 Li24 La8 Ta8 O48,none,False,,,OBELIX/ordered_cifs/h89_ordered_02.cif
h89,OBELIX/cifs/h89.cif,ok,,Ba8 Li48 La16 Ta16 O96,Ba3.9996 Li24.0 La8.0004 Ta8 O48,Ba3.9996 Li24.0 La8.0004 Ta8 O48,104,0,0.0,spacegroup,0,0,,1,1x1x1,0.006666666666666654,0.0025083333333333346,True,4.3478260869506125e-06,0.0,0.0,True,,3,,92,Ba4 Li24 La8 Ta8 O48,none,False,,,OBELIX/ordered_cifs/h89_ordered_03.cif
h89,OBELIX/cifs/h89.cif,ok,,Ba8 Li48 La16 Ta16 O96,Ba3.9996 Li24.0 La8.0004 Ta8 O48,Ba3.9996 Li24.0 La8.0004 Ta8 O48,104,0,0.0,spacegroup,0,0,,1,1x1x1,0.006666666666666654,0.0025083333333333346,True,4.3478260869506125e-06,0.0,0.0,True,,4,,92,Ba4 Li24 La8 Ta8 O48,none,False,,,OBELIX/ordered_cifs/h89_ordered_04.cif
hai,OBELIX/cifs/hai.cif,ok,,Li1.96 Ca1.9 P6 Pb6.12 O24,Li1.956 Ca1.896 P6 Pb6.12 O24,Li1.956 Ca1.896 P6 Pb6.12 O24,40,0,0.0,spacegroup,0,0,,1,1x1x1,0.034999999999999976,0.009066666666666676,True,0.0001201441309066631,0.0030765382691345655,0.003045901515753374,True,,0,,40,Li2 Ca2 P6 Pb6 O24,none,False,,,OBELIX/ordered_cifs/hai_ordered.cif
hai,OBELIX/cifs/hai.cif,ok,,Li1.96 Ca1.9 P6 Pb6.12 O24,Li1.956 Ca1.896 P6 Pb6.12 O24,Li1.956 Ca1.896 P6 Pb6.12 O24,40,0,0.0,spacegroup,0,0,,1,1x1x1,0.034999999999999976,0.009066666666666676,True,0.0001201441309066631,0.0030765382691345655,0.003045901515753374,True,,1,,40,Li2 Ca2 P6 Pb6 O24,none,False,,,OBELIX/ordered_cifs/hai_ordered_01.cif
hai,OBELIX/cifs/hai.cif,ok,,Li1.96 Ca1.9 P6 Pb6.12 O24,Li1.956 Ca1.896 P6 Pb6.12 O24,Li1.956 Ca1.896 P6 Pb6.12 O24,40,0,0.0,spacegroup,0,0,,1,1x1x1,0.034999999999999976,0.009066666666666676,True,0.0001201441309066631,0.0030765382691345655,0.003045901515753374,True,,2,,40,Li2 Ca2 P6 Pb6 O24,none,False,,,OBELIX/ordered_cifs/hai_ordered_02.cif
hai,OBELIX/cifs/hai.cif,ok,,Li1.96 Ca1.9 P6 Pb6.12 O24,Li1.956 Ca1.896 P6 Pb6.12 O24,Li1.956 Ca1.896 P6 Pb6.12 O24,40,0,0.0,spacegroup,0,0,,1,1x1x1,0.034999999999999976,0.009066666666666676,True,0.0001201441309066631,0.0030765382691345655,0.003045901515753374,True,,3,,40,Li2 Ca2 P6 Pb6 O24,none,False,,,OBELIX/ordered_cifs/hai_ordered_03.cif
hai,OBELIX/cifs/hai.cif,ok,,Li1.96 Ca1.9 P6 Pb6.12 O24,Li1.956 Ca1.896 P6 Pb6.12 O24,Li1.956 Ca1.896 P6 Pb6.12 O24,40,0,0.0,spacegroup,0,0,,1,1x1x1,0.034999999999999976,0.009066666666666676,True,0.0001201441309066631,0.0030765382691345655,0.003045901515753374,True,,4,,40,Li2 Ca2 P6 Pb6 O24,none,False,,,OBELIX/ordered_cifs/hai_ordered_04.cif
hbz,OBELIX/cifs/hbz.cif,ok,,Li24 P4 Se0.8 S19.2 Br4,Li6.006 P1 Se0.2 S4.799 Br0.999,Li6.006 P1 Se0.2 S4.799 Br0.999,26,0,0.0,spacegroup+split_site_clusters,0,6,Li,9,1x3x3,0.030333333333333323,0.011222222222222219,True,0.00031942834157522304,0.0017094017094017103,0.001704669437674668,True,,0,,117,Li54 P9 Se2 S43 Br9,none,False,,,OBELIX/ordered_cifs/hbz_ordered.cif
hbz,OBELIX/cifs/hbz.cif,ok,,Li24 P4 Se0.8 S19.2 Br4,Li6.006 P1 Se0.2 S4.799 Br0.999,Li6.006 P1 Se0.2 S4.799 Br0.999,26,0,0.0,spacegroup+split_site_clusters,0,6,Li,9,1x3x3,0.030333333333333323,0.011222222222222219,True,0.00031942834157522304,0.0017094017094017103,0.001704669437674668,True,,1,,117,Li54 P9 Se2 S43 Br9,none,False,,,OBELIX/ordered_cifs/hbz_ordered_01.cif
hbz,OBELIX/cifs/hbz.cif,ok,,Li24 P4 Se0.8 S19.2 Br4,Li6.006 P1 Se0.2 S4.799 Br0.999,Li6.006 P1 Se0.2 S4.799 Br0.999,26,0,0.0,spacegroup+split_site_clusters,0,6,Li,9,1x3x3,0.030333333333333323,0.011222222222222219,True,0.00031942834157522304,0.0017094017094017103,0.001704669437674668,True,,2,,117,Li54 P9 Se2 S43 Br9,none,False,,,OBELIX/ordered_cifs/hbz_ordered_02.cif
hbz,OBELIX/cifs/hbz.cif,ok,,Li24 P4 Se0.8 S19.2 Br4,Li6.006 P1 Se0.2 S4.799 Br0.999,Li6.006 P1 Se0.2 S4.799 Br0.999,26,0,0.0,spacegroup+split_site_clusters,0,6,Li,9,1x3x3,0.030333333333333323,0.011222222222222219,True,0.00031942834157522304,0.0017094017094017103,0.001704669437674668,True,,3,,117,Li54 P9 Se2 S43 Br9,none,False,,,OBELIX/ordered_cifs/hbz_ordered_03.cif
hbz,OBELIX/cifs/hbz.cif,ok,,Li24 P4 Se0.8 S19.2 Br4,Li6.006 P1 Se0.2 S4.799 Br0.999,Li6.006 P1 Se0.2 S4.799 Br0.999,26,0,0.0,spacegroup+split_site_clusters,0,6,Li,9,1x3x3,0.030333333333333323,0.011222222222222219,True,0.00031942834157522304,0.0017094017094017103,0.001704669437674668,True,,4,,117,Li54 P9 Se2 S43 Br9,none,False,,,OBELIX/ordered_cifs/hbz_ordered_04.cif
hcm,OBELIX/cifs/hcm.cif,copied_ordered,,Li40 La24 Ta16 O96,Li20 La12 Ta8 O48,Li20 La12 Ta8 O48,88,0,0.0,,0,0,,,,,,,0.0,0.0,0.0,True,,,,88,Li20 La12 Ta8 O48,none,False,,,OBELIX/ordered_cifs/hcm_ordered.cif
hja,OBELIX/cifs/hja.cif,ok,,Li2 Ce1 Pr1 Mo4 O16,Li1 Ce0.5 Pr0.5 Mo2 O8,Li1 Ce0.5 Pr0.5 Mo2 O8,12,0,0.0,spacegroup,0,0,,2,1x2x1,0.0,0.0,True,0.0,0.0,0.0,True,,0,,24,Li2 Ce1 Pr1 Mo4 O16,none,False,,,OBELIX/ordered_cifs/hja_ordered.cif
hja,OBELIX/cifs/hja.cif,ok,,Li2 Ce1 Pr1 Mo4 O16,Li1 Ce0.5 Pr0.5 Mo2 O8,Li1 Ce0.5 Pr0.5 Mo2 O8,12,0,0.0,spacegroup,0,0,,2,1x2x1,0.0,0.0,True,0.0,0.0,0.0,True,,1,,24,Li2 Ce1 Pr1 Mo4 O16,none,False,,,OBELIX/ordered_cifs/hja_ordered_01.cif
hja,OBELIX/cifs/hja.cif,ok,,Li2 Ce1 Pr1 Mo4 O16,Li1 Ce0.5 Pr0.5 Mo2 O8,Li1 Ce0.5 Pr0.5 Mo2 O8,12,0,0.0,spacegroup,0,0,,2,1x2x1,0.0,0.0,True,0.0,0.0,0.0,True,,2,,24,Li2 Ce1 Pr1 Mo4 O16,none,False,,,OBELIX/ordered_cifs/hja_ordered_02.cif
hta,OBELIX/cifs/hta.cif,approximation_warning,Reference elements absent from source CIF: Li,Li0.61 La1.13 Ti2 O6,La1.13 Ti2 O6,La1.13 Ti2 O6,10,0,0.0,spacegroup,0,0,,5,5x1x1,0.050000000000000044,0.01750000000000001,True,0.06262833675564682,0.06262833675564682,0.006666984142101998,True,Li,0,,46,La6 Ti10 O30,none,False,,,OBELIX/ordered_cifs/hta_ordered.cif
hta,OBELIX/cifs/hta.cif,approximation_warning,Reference elements absent from source CIF: Li,Li0.61 La1.13 Ti2 O6,La1.13 Ti2 O6,La1.13 Ti2 O6,10,0,0.0,spacegroup,0,0,,5,5x1x1,0.050000000000000044,0.01750000000000001,True,0.06262833675564682,0.06262833675564682,0.006666984142101998,True,Li,1,,46,La6 Ti10 O30,none,False,,,OBELIX/ordered_cifs/hta_ordered_01.cif
hta,OBELIX/cifs/hta.cif,approximation_warning,Reference elements absent from source CIF: Li,Li0.61 La1.13 Ti2 O6,La1.13 Ti2 O6,La1.13 Ti2 O6,10,0,0.0,spacegroup,0,0,,5,5x1x1,0.050000000000000044,0.01750000000000001,True,0.06262833675564682,0.06262833675564682,0.006666984142101998,True,Li,2,,46,La6 Ti10 O30,none,False,,,OBELIX/ordered_cifs/hta_ordered_02.cif
hta,OBELIX/cifs/hta.cif,approximation_warning,Reference elements absent from source CIF: Li,Li0.61 La1.13 Ti2 O6,La1.13 Ti2 O6,La1.13 Ti2 O6,10,0,0.0,spacegroup,0,0,,5,5x1x1,0.050000000000000044,0.01750000000000001,True,0.06262833675564682,0.06262833675564682,0.006666984142101998,True,Li,3,,46,La6 Ti10 O30,none,False,,,OBELIX/ordered_cifs/hta_ordered_03.cif
hta,OBELIX/cifs/hta.cif,approximation_warning,Reference elements absent from source CIF: Li,Li0.61 La1.13 Ti2 O6,La1.13 Ti2 O6,La1.13 Ti2 O6,10,0,0.0,spacegroup,0,0,,5,5x1x1,0.050000000000000044,0.01750000000000001,True,0.06262833675564682,0.06262833675564682,0.006666984142101998,True,Li,4,,46,La6 Ti10 O30,none,False,,,OBELIX/ordered_cifs/hta_ordered_04.cif
hud,OBELIX/cifs/hud.cif,ok,,Ba8 Li48 La16 Ta16 O96,Ba3.9996 Li23.76 La8.0004 Ta8 O48,Ba3.9996 Li23.76 La8.0004 Ta8 O48,128,0,0.0,spacegroup,0,0,,1,1x1x1,0.033333333333333326,0.009174999999999989,True,0.001933209506841782,0.0,0.0,True,,0,,92,Ba4 Li24 La8 Ta8 O48,none,False,,,OBELIX/ordered_cifs/hud_ordered.cif
hud,OBELIX/cifs/hud.cif,ok,,Ba8 Li48 La16 Ta16 O96,Ba3.9996 Li23.76 La8.0004 Ta8 O48,Ba3.9996 Li23.76 La8.0004 Ta8 O48,128,0,0.0,spacegroup,0,0,,1,1x1x1,0.033333333333333326,0.009174999999999989,True,0.001933209506841782,0.0,0.0,True,,1,,92,Ba4 Li24 La8 Ta8 O48,none,False,,,OBELIX/ordered_cifs/hud_ordered_01.cif
hud,OBELIX/cifs/hud.cif,ok,,Ba8 Li48 La16 Ta16 O96,Ba3.9996 Li23.76 La8.0004 Ta8 O48,Ba3.9996 Li23.76 La8.0004 Ta8 O48,128,0,0.0,spacegroup,0,0,,1,1x1x1,0.033333333333333326,0.009174999999999989,True,0.001933209506841782,0.0,0.0,True,,2,,92,Ba4 Li24 La8 Ta8 O48,none,False,,,OBELIX/ordered_cifs/hud_ordered_02.cif
hud,OBELIX/cifs/hud.cif,ok,,Ba8 Li48 La16 Ta16 O96,Ba3.9996 Li23.76 La8.0004 Ta8 O48,Ba3.9996 Li23.76 La8.0004 Ta8 O48,128,0,0.0,spacegroup,0,0,,1,1x1x1,0.033333333333333326,0.009174999999999989,True,0.001933209506841782,0.0,0.0,True,,3,,92,Ba4 Li24 La8 Ta8 O48,none,False,,,OBELIX/ordered_cifs/hud_ordered_03.cif
hud,OBELIX/cifs/hud.cif,ok,,Ba8 Li48 La16 Ta16 O96,Ba3.9996 Li23.76 La8.0004 Ta8 O48,Ba3.9996 Li23.76 La8.0004 Ta8 O48,128,0,0.0,spacegroup,0,0,,1,1x1x1,0.033333333333333326,0.009174999999999989,True,0.001933209506841782,0.0,0.0,True,,4,,92,Ba4 Li24 La8 Ta8 O48,none,False,,,OBELIX/ordered_cifs/hud_ordered_04.cif
hx7,OBELIX/cifs/hx7.cif,approximation_warning,Reference elements absent from source CIF: H,Li2 H1 Br1 O1,Li2.001 Br1 O1,Li2.001 Br1 O1,5,0,0.0,spacegroup,0,0,,1,1x1x1,0.00033333333333340764,0.00016666666666668994,True,0.2,0.2,6.248437890529757e-05,True,H,0,,4,Li2 Br1 O1,none,False,,,OBELIX/ordered_cifs/hx7_ordered.cif
i12,OBELIX/cifs/i12.cif,ok,,Li8 Ti12 Co4 O32,Li8.0 Ti12 Co4 O32,Li8.0 Ti12 Co4 O32,56,0,0.0,spacegroup,0,0,,2,1x2x1,0.025000000000000022,0.010714285714285713,True,1.3877787807814457e-17,0.0,0.0,True,,0,,112,Li16 Ti24 Co8 O64,none,False,,,OBELIX/ordered_cifs/i12_ordered.cif
i12,OBELIX/cifs/i12.cif,ok,,Li8 Ti12 Co4 O32,Li8.0 Ti12 Co4 O32,Li8.0 Ti12 Co4 O32,56,0,0.0,spacegroup,0,0,,2,1x2x1,0.025000000000000022,0.010714285714285713,True,1.3877787807814457e-17,0.0,0.0,True,,1,,112,Li16 Ti24 Co8 O64,none,False,,,OBELIX/ordered_cifs/i12_ordered_01.cif
i12,OBELIX/cifs/i12.cif,ok,,Li8 Ti12 Co4 O32,Li8.0 Ti12 Co4 O32,Li8.0 Ti12 Co4 O32,56,0,0.0,spacegroup,0,0,,2,1x2x1,0.025000000000000022,0.010714285714285713,True,1.3877787807814457e-17,0.0,0.0,True,,2,,112,Li16 Ti24 Co8 O64,none,False,,,OBELIX/ordered_cifs/i12_ordered_02.cif
i12,OBELIX/cifs/i12.cif,ok,,Li8 Ti12 Co4 O32,Li8.0 Ti12 Co4 O32,Li8.0 Ti12 Co4 O32,56,0,0.0,spacegroup,0,0,,2,1x2x1,0.025000000000000022,0.010714285714285713,True,1.3877787807814457e-17,0.0,0.0,True,,3,,112,Li16 Ti24 Co8 O64,none,False,,,OBELIX/ordered_cifs/i12_ordered_03.cif
i12,OBELIX/cifs/i12.cif,ok,,Li8 Ti12 Co4 O32,Li8.0 Ti12 Co4 O32,Li8.0 Ti12 Co4 O32,56,0,0.0,spacegroup,0,0,,2,1x2x1,0.025000000000000022,0.010714285714285713,True,1.3877787807814457e-17,0.0,0.0,True,,4,,112,Li16 Ti24 Co8 O64,none,False,,,OBELIX/ordered_cifs/i12_ordered_04.cif
i47,OBELIX/cifs/i47.cif,copied_ordered,,Li2 Zn2 P2 S8,Li1 Zn1 P1 S4,Li1 Zn1 P1 S4,7,0,0.0,,0,0,,,,,,,0.0,0.0,0.0,True,,,,7,Li1 Zn1 P1 S4,none,False,,,OBELIX/ordered_cifs/i47_ordered.cif
i4l,OBELIX/cifs/i4l.cif,ok,,Li16 Ge4 Se12 S4,Li16.0 Ge4 Se11.876 S4.124,Li16.0 Ge4 Se11.876 S4.124,48,0,0.0,spacegroup+split_site_pairs,12,0,Li,2,2x1x1,0.024499999999999994,0.0032812500000000003,True,0.0034444444444444583,0.0,0.0,True,,0,,72,Li32 Ge8 Se24 S8,none,False,,,OBELIX/ordered_cifs/i4l_ordered.cif
i4l,OBELIX/cifs/i4l.cif,ok,,Li16 Ge4 Se12 S4,Li16.0 Ge4 Se11.876 S4.124,Li16.0 Ge4 Se11.876 S4.124,48,0,0.0,spacegroup+split_site_pairs,12,0,Li,2,2x1x1,0.024499999999999994,0.0032812500000000003,True,0.0034444444444444583,0.0,0.0,True,,1,,72,Li32 Ge8 Se24 S8,none,False,,,OBELIX/ordered_cifs/i4l_ordered_01.cif
i4l,OBELIX/cifs/i4l.cif,ok,,Li16 Ge4 Se12 S4,Li16.0 Ge4 Se11.876 S4.124,Li16.0 Ge4 Se11.876 S4.124,48,0,0.0,spacegroup+split_site_pairs,12,0,Li,2,2x1x1,0.024499999999999994,0.0032812500000000003,True,0.0034444444444444583,0.0,0.0,True,,2,,72,Li32 Ge8 Se24 S8,none,False,,,OBELIX/ordered_cifs/i4l_ordered_02.cif
i4l,OBELIX/cifs/i4l.cif,ok,,Li16 Ge4 Se12 S4,Li16.0 Ge4 Se11.876 S4.124,Li16.0 Ge4 Se11.876 S4.124,48,0,0.0,spacegroup+split_site_pairs,12,0,Li,2,2x1x1,0.024499999999999994,0.0032812500000000003,True,0.0034444444444444583,0.0,0.0,True,,3,,72,Li32 Ge8 Se24 S8,none,False,,,OBELIX/ordered_cifs/i4l_ordered_03.cif
i4l,OBELIX/cifs/i4l.cif,ok,,Li16 Ge4 Se12 S4,Li16.0 Ge4 Se11.876 S4.124,Li16.0 Ge4 Se11.876 S4.124,48,0,0.0,spacegroup+split_site_pairs,12,0,Li,2,2x1x1,0.024499999999999994,0.0032812500000000003,True,0.0034444444444444583,0.0,0.0,True,,4,,72,Li32 Ge8 Se24 S8,none,False,,,OBELIX/ordered_cifs/i4l_ordered_04.cif
ia5,OBELIX/cifs/ia5.cif,ok,,Li2 La2 Nb4 O14,Li1 La1 Nb2 O7,Li1 La1 Nb2 O7,12,0,0.0,spacegroup,0,0,,1,1x1x1,0.0,0.0,True,0.0,0.0,0.0,True,,0,,11,Li1 La1 Nb2 O7,none,False,,,OBELIX/ordered_cifs/ia5_ordered.cif
iiy,OBELIX/cifs/iiy.cif,ok,,Li24.8 Si0.8 P3.2 S20 Br4,Li6.19998 Si0.2 P0.8 S5 Br1,Li6.19998 Si0.2 P0.8 S5 Br1,25,0,0.0,spacegroup+split_site_clusters,0,6,Li,5,1x5x1,0.04000000000000001,0.0198148148148148,True,8.034906572307321e-07,0.00815850815850816,0.008157704667850929,True,,0,,65,Li30 Si1 P4 S25 Br5,none,False,,,OBELIX/ordered_cifs/iiy_ordered.cif
iiy,OBELIX/cifs/iiy.cif,ok,,Li24.8 Si0.8 P3.2 S20 Br4,Li6.19998 Si0.2 P0.8 S5 Br1,Li6.19998 Si0.2 P0.8 S5 Br1,25,0,0.0,spacegroup+split_site_clusters,0,6,Li,5,1x5x1,0.04000000000000001,0.0198148148148148,True,8.034906572307321e-07,0.00815850815850816,0.008157704667850929,True,,1,,65,Li30 Si1 P4 S25 Br5,none,False,,,OBELIX/ordered_cifs/iiy_ordered_01.cif
iiy,OBELIX/cifs/iiy.cif,ok,,Li24.8 Si0.8 P3.2 S20 Br4,Li6.19998 Si0.2 P0.8 S5 Br1,Li6.19998 Si0.2 P0.8 S5 Br1,25,0,0.0,spacegroup+split_site_clusters,0,6,Li,5,1x5x1,0.04000000000000001,0.0198148148148148,True,8.034906572307321e-07,0.00815850815850816,0.008157704667850929,True,,2,,65,Li30 Si1 P4 S25 Br5,none,False,,,OBELIX/ordered_cifs/iiy_ordered_02.cif
iiy,OBELIX/cifs/iiy.cif,ok,,Li24.8 Si0.8 P3.2 S20 Br4,Li6.19998 Si0.2 P0.8 S5 Br1,Li6.19998 Si0.2 P0.8 S5 Br1,25,0,0.0,spacegroup+split_site_clusters,0,6,Li,5,1x5x1,0.04000000000000001,0.0198148148148148,True,8.034906572307321e-07,0.00815850815850816,0.008157704667850929,True,,3,,65,Li30 Si1 P4 S25 Br5,none,False,,,OBELIX/ordered_cifs/iiy_ordered_03.cif
iiy,OBELIX/cifs/iiy.cif,ok,,Li24.8 Si0.8 P3.2 S20 Br4,Li6.19998 Si0.2 P0.8 S5 Br1,Li6.19998 Si0.2 P0.8 S5 Br1,25,0,0.0,spacegroup+split_site_clusters,0,6,Li,5,1x5x1,0.04000000000000001,0.0198148148148148,True,8.034906572307321e-07,0.00815850815850816,0.008157704667850929,True,,4,,65,Li30 Si1 P4 S25 Br5,none,False,,,OBELIX/ordered_cifs/iiy_ordered_04.cif
ij5,OBELIX/cifs/ij5.cif,ok,,Li24 P4 S20 Br2 Cl2,Li6 P1 S5 Br0.5 Cl0.5,Li6 P1 S5 Br0.5 Cl0.5,19,0,0.0,spacegroup,0,0,,4,1x2x2,0.046999999999999986,0.018799999999999997,True,0.0,0.0,0.0,True,,0,,52,Li24 P4 S20 Br2 Cl2,none,False,,,OBELIX/ordered_cifs/ij5_ordered.cif
ij5,OBELIX/cifs/ij5.cif,ok,,Li24 P4 S20 Br2 Cl2,Li6 P1 S5 Br0.5 Cl0.5,Li6 P1 S5 Br0.5 Cl0.5,19,0,0.0,spacegroup,0,0,,4,1x2x2,0.046999999999999986,0.018799999999999997,True,0.0,0.0,0.0,True,,1,,52,Li24 P4 S20 Br2 Cl2,none,False,,,OBELIX/ordered_cifs/ij5_ordered_01.cif
ij5,OBELIX/cifs/ij5.cif,ok,,Li24 P4 S20 Br2 Cl2,Li6 P1 S5 Br0.5 Cl0.5,Li6 P1 S5 Br0.5 Cl0.5,19,0,0.0,spacegroup,0,0,,4,1x2x2,0.046999999999999986,0.018799999999999997,True,0.0,0.0,0.0,True,,2,,52,Li24 P4 S20 Br2 Cl2,none,False,,,OBELIX/ordered_cifs/ij5_ordered_02.cif
ij5,OBELIX/cifs/ij5.cif,ok,,Li24 P4 S20 Br2 Cl2,Li6 P1 S5 Br0.5 Cl0.5,Li6 P1 S5 Br0.5 Cl0.5,19,0,0.0,spacegroup,0,0,,4,1x2x2,0.046999999999999986,0.018799999999999997,True,0.0,0.0,0.0,True,,3,,52,Li24 P4 S20 Br2 Cl2,none,False,,,OBELIX/ordered_cifs/ij5_ordered_03.cif
ij5,OBELIX/cifs/ij5.cif,ok,,Li24 P4 S20 Br2 Cl2,Li6 P1 S5 Br0.5 Cl0.5,Li6 P1 S5 Br0.5 Cl0.5,19,0,0.0,spacegroup,0,0,,4,1x2x2,0.046999999999999986,0.018799999999999997,True,0.0,0.0,0.0,True,,4,,52,Li24 P4 S20 Br2 Cl2,none,False,,,OBELIX/ordered_cifs/ij5_ordered_04.cif
ik8,OBELIX/cifs/ik8.cif,ok,,Li20 Sn1.17 Ge0.83 P4 S24,Li20 Sn1.168 Ge0.832 P4 S24,Li20 Sn1.168 Ge0.832 P4 S24,66,0,0.0,spacegroup+split_site_pairs,4,0,Li,3,1x3x1,0.04133333333333333,0.02092063492063494,True,3.999999999999837e-05,0.004026845637583931,0.004026845637583931,True,,0,,149,Li59 Sn4 Ge2 P12 S72,none,False,,,OBELIX/ordered_cifs/ik8_ordered.cif
ik8,OBELIX/cifs/ik8.cif,ok,,Li20 Sn1.17 Ge0.83 P4 S24,Li20 Sn1.168 Ge0.832 P4 S24,Li20 Sn1.168 Ge0.832 P4 S24,66,0,0.0,spacegroup+split_site_pairs,4,0,Li,3,1x3x1,0.04133333333333333,0.02092063492063494,True,3.999999999999837e-05,0.004026845637583931,0.004026845637583931,True,,1,,149,Li59 Sn4 Ge2 P12 S72,none,False,,,OBELIX/ordered_cifs/ik8_ordered_01.cif
ik8,OBELIX/cifs/ik8.cif,ok,,Li20 Sn1.17 Ge0.83 P4 S24,Li20 Sn1.168 Ge0.832 P4 S24,Li20 Sn1.168 Ge0.832 P4 S24,66,0,0.0,spacegroup+split_site_pairs,4,0,Li,3,1x3x1,0.04133333333333333,0.02092063492063494,True,3.999999999999837e-05,0.004026845637583931,0.004026845637583931,True,,2,,149,Li59 Sn4 Ge2 P12 S72,none,False,,,OBELIX/ordered_cifs/ik8_ordered_02.cif
ik8,OBELIX/cifs/ik8.cif,ok,,Li20 Sn1.17 Ge0.83 P4 S24,Li20 Sn1.168 Ge0.832 P4 S24,Li20 Sn1.168 Ge0.832 P4 S24,66,0,0.0,spacegroup+split_site_pairs,4,0,Li,3,1x3x1,0.04133333333333333,0.02092063492063494,True,3.999999999999837e-05,0.004026845637583931,0.004026845637583931,True,,3,,149,Li59 Sn4 Ge2 P12 S72,none,False,,,OBELIX/ordered_cifs/ik8_ordered_03.cif
ik8,OBELIX/cifs/ik8.cif,ok,,Li20 Sn1.17 Ge0.83 P4 S24,Li20 Sn1.168 Ge0.832 P4 S24,Li20 Sn1.168 Ge0.832 P4 S24,66,0,0.0,spacegroup+split_site_pairs,4,0,Li,3,1x3x1,0.04133333333333333,0.02092063492063494,True,3.999999999999837e-05,0.004026845637583931,0.004026845637583931,True,,4,,149,Li59 Sn4 Ge2 P12 S72,none,False,,,OBELIX/ordered_cifs/ik8_ordered_04.cif
ipo,OBELIX/cifs/ipo.cif,copied_ordered,,Li56 La24 Hf16 O96,Li28 La12 Hf8 O48,Li28 La12 Hf8 O48,96,0,0.0,,0,0,,,,,,,0.0,0.0,0.0,True,,,,96,Li28 La12 Hf8 O48,none,False,,,OBELIX/ordered_cifs/ipo_ordered.cif
iqt,OBELIX/cifs/iqt.cif,ok,,Li8.4 Ti9.6 Al2.4 P18 O72,Li2.80004 Ti3.2 Al0.8 P6 O24,Li2.80004 Ti3.2 Al0.8 P6 O24,48,0,0.0,spacegroup,0,0,,1,1x1x1,0.050000000000000044,0.01666583333333334,True,1.004252216482704e-06,0.005875440658049347,0.0058753461401936935,True,,0,,37,Li3 Ti3 Al1 P6 O24,none,False,,,OBELIX/ordered_cifs/iqt_ordered.cif
iqt,OBELIX/cifs/iqt.cif,ok,,Li8.4 Ti9.6 Al2.4 P18 O72,Li2.80004 Ti3.2 Al0.8 P6 O24,Li2.80004 Ti3.2 Al0.8 P6 O24,48,0,0.0,spacegroup,0,0,,1,1x1x1,0.050000000000000044,0.01666583333333334,True,1.004252216482704e-06,0.005875440658049347,0.0058753461401936935,True,,1,,37,Li3 Ti3 Al1 P6 O24,none,False,,,OBELIX/ordered_cifs/iqt_ordered_01.cif
ish,OBELIX/cifs/ish.cif,ok,,Li24.7 Si0.7 P3.3 S20 Br4,Li6.17496 Si0.175 P0.825 S5 Br1,Li6.17496 Si0.175 P0.825 S5 Br1,25,0,0.0,spacegroup+split_site_clusters,0,6,Li,5,1x5x1,0.025000000000000022,0.011689259259259252,True,1.6130881547726794e-06,0.007152240548824906,0.007150627460670134,True,,0,,65,Li30 Si1 P4 S25 Br5,none,False,,,OBELIX/ordered_cifs/ish_ordered.cif
ish,OBELIX/cifs/ish.cif,ok,,Li24.7 Si0.7 P3.3 S20 Br4,Li6.17496 Si0.175 P0.825 S5 Br1,Li6.17496 Si0.175 P0.825 S5 Br1,25,0,0.0,spacegroup+split_site_clusters,0,6,Li,5,1x5x1,0.025000000000000022,0.011689259259259252,True,1.6130881547726794e-06,0.007152240548824906,0.007150627460670134,True,,1,,65,Li30 Si1 P4 S25 Br5,none,False,,,OBELIX/ordered_cifs/ish_ordered_01.cif
ish,OBELIX/cifs/ish.cif,ok,,Li24.7 Si0.7 P3.3 S20 Br4,Li6.17496 Si0.175 P0.825 S5 Br1,Li6.17496 Si0.175 P0.825 S5 Br1,25,0,0.0,spacegroup+split_site_clusters,0,6,Li,5,1x5x1,0.025000000000000022,0.011689259259259252,True,1.6130881547726794e-06,0.007152240548824906,0.007150627460670134,True,,2,,65,Li30 Si1 P4 S25 Br5,none,False,,,OBELIX/ordered_cifs/ish_ordered_02.cif
ish,OBELIX/cifs/ish.cif,ok,,Li24.7 Si0.7 P3.3 S20 Br4,Li6.17496 Si0.175 P0.825 S5 Br1,Li6.17496 Si0.175 P0.825 S5 Br1,25,0,0.0,spacegroup+split_site_clusters,0,6,Li,5,1x5x1,0.025000000000000022,0.011689259259259252,True,1.6130881547726794e-06,0.007152240548824906,0.007150627460670134,True,,3,,65,Li30 Si1 P4 S25 Br5,none,False,,,OBELIX/ordered_cifs/ish_ordered_03.cif
ish,OBELIX/cifs/ish.cif,ok,,Li24.7 Si0.7 P3.3 S20 Br4,Li6.17496 Si0.175 P0.825 S5 Br1,Li6.17496 Si0.175 P0.825 S5 Br1,25,0,0.0,spacegroup+split_site_clusters,0,6,Li,5,1x5x1,0.025000000000000022,0.011689259259259252,True,1.6130881547726794e-06,0.007152240548824906,0.007150627460670134,True,,4,,65,Li30 Si1 P4 S25 Br5,none,False,,,OBELIX/ordered_cifs/ish_ordered_04.cif
ix1,OBELIX/cifs/ix1.cif,ok,,Li5.46 Hf12.13 P18 O72,Li1.74 Hf4.064 P6 O24,Li1.74 Hf4.064 P6 O24,48,0,0.0,spacegroup,0,0,,1,1x1x1,0.03200000000000003,0.013416666666666664,True,0.002150288780374196,0.0048073447552953105,0.0026570559749211145,True,,0,,36,Li2 Hf4 P6 O24,none,False,,,OBELIX/ordered_cifs/ix1_ordered.cif
ix1,OBELIX/cifs/ix1.cif,ok,,Li5.46 Hf12.13 P18 O72,Li1.74 Hf4.064 P6 O24,Li1.74 Hf4.064 P6 O24,48,0,0.0,spacegroup,0,0,,1,1x1x1,0.03200000000000003,0.013416666666666664,True,0.002150288780374196,0.0048073447552953105,0.0026570559749211145,True,,1,,36,Li2 Hf4 P6 O24,none,False,,,OBELIX/ordered_cifs/ix1_ordered_01.cif
ix1,OBELIX/cifs/ix1.cif,ok,,Li5.46 Hf12.13 P18 O72,Li1.74 Hf4.064 P6 O24,Li1.74 Hf4.064 P6 O24,48,0,0.0,spacegroup,0,0,,1,1x1x1,0.03200000000000003,0.013416666666666664,True,0.002150288780374196,0.0048073447552953105,0.0026570559749211145,True,,2,,36,Li2 Hf4 P6 O24,none,False,,,OBELIX/ordered_cifs/ix1_ordered_02.cif
ix1,OBELIX/cifs/ix1.cif,ok,,Li5.46 Hf12.13 P18 O72,Li1.74 Hf4.064 P6 O24,Li1.74 Hf4.064 P6 O24,48,0,0.0,spacegroup,0,0,,1,1x1x1,0.03200000000000003,0.013416666666666664,True,0.002150288780374196,0.0048073447552953105,0.0026570559749211145,True,,3,,36,Li2 Hf4 P6 O24,none,False,,,OBELIX/ordered_cifs/ix1_ordered_03.cif
ix1,OBELIX/cifs/ix1.cif,ok,,Li5.46 Hf12.13 P18 O72,Li1.74 Hf4.064 P6 O24,Li1.74 Hf4.064 P6 O24,48,0,0.0,spacegroup,0,0,,1,1x1x1,0.03200000000000003,0.013416666666666664,True,0.002150288780374196,0.0048073447552953105,0.0026570559749211145,True,,4,,36,Li2 Hf4 P6 O24,none,False,,,OBELIX/ordered_cifs/ix1_ordered_04.cif
j5g,OBELIX/cifs/j5g.cif,ok,,Li48 La24 Y4 Nb12 O96,Li23.832 La12 Y2 Nb6 O48,Li23.832 La12 Y2 Nb6 O48,152,0,0.0,spacegroup,0,0,,1,1x1x1,0.011666666666666659,0.005733333333333329,True,0.001352185654711513,0.00812231247013856,0.006770126815427047,True,,0,,91,Li23 La12 Y2 Nb6 O48,none,False,,,OBELIX/ordered_cifs/j5g_ordered.cif
j5g,OBELIX/cifs/j5g.cif,ok,,Li48 La24 Y4 Nb12 O96,Li23.832 La12 Y2 Nb6 O48,Li23.832 La12 Y2 Nb6 O48,152,0,0.0,spacegroup,0,0,,1,1x1x1,0.011666666666666659,0.005733333333333329,True,0.001352185654711513,0.00812231247013856,0.006770126815427047,True,,1,,91,Li23 La12 Y2 Nb6 O48,none,False,,,OBELIX/ordered_cifs/j5g_ordered_01.cif
j5g,OBELIX/cifs/j5g.cif,ok,,Li48 La24 Y4 Nb12 O96,Li23.832 La12 Y2 Nb6 O48,Li23.832 La12 Y2 Nb6 O48,152,0,0.0,spacegroup,0,0,,1,1x1x1,0.011666666666666659,0.005733333333333329,True,0.001352185654711513,0.00812231247013856,0.006770126815427047,True,,2,,91,Li23 La12 Y2 Nb6 O48,none,False,,,OBELIX/ordered_cifs/j5g_ordered_02.cif
j5g,OBELIX/cifs/j5g.cif,ok,,Li48 La24 Y4 Nb12 O96,Li23.832 La12 Y2 Nb6 O48,Li23.832 La12 Y2 Nb6 O48,152,0,0.0,spacegroup,0,0,,1,1x1x1,0.011666666666666659,0.005733333333333329,True,0.001352185654711513,0.00812231247013856,0.006770126815427047,True,,3,,91,Li23 La12 Y2 Nb6 O48,none,False,,,OBELIX/ordered_cifs/j5g_ordered_03.cif
j5g,OBELIX/cifs/j5g.cif,ok,,Li48 La24 Y4 Nb12 O96,Li23.832 La12 Y2 Nb6 O48,Li23.832 La12 Y2 Nb6 O48,152,0,0.0,spacegroup,0,0,,1,1x1x1,0.011666666666666659,0.005733333333333329,True,0.001352185654711513,0.00812231247013856,0.006770126815427047,True,,4,,91,Li23 La12 Y2 Nb6 O48,none,False,,,OBELIX/ordered_cifs/j5g_ordered_04.cif
j8q,OBELIX/cifs/j8q.cif,ok,,Li20 Ge2 P4 S24,Li20.056 Ge2 P4 S24,Li20.056 Ge2 P4 S24,62,0,0.0,spacegroup,0,0,,3,1x3x1,0.026666666666666644,0.009666666666666657,True,0.0006712482020137522,0.0,0.0,True,,0,,150,Li60 Ge6 P12 S72,none,False,,,OBELIX/ordered_cifs/j8q_ordered.cif
j8q,OBELIX/cifs/j8q.cif,ok,,Li20 Ge2 P4 S24,Li20.056 Ge2 P4 S24,Li20.056 Ge2 P4 S24,62,0,0.0,spacegroup,0,0,,3,1x3x1,0.026666666666666644,0.009666666666666657,True,0.0006712482020137522,0.0,0.0,True,,1,,150,Li60 Ge6 P12 S72,none,False,,,OBELIX/ordered_cifs/j8q_ordered_01.cif
j8q,OBELIX/cifs/j8q.cif,ok,,Li20 Ge2 P4 S24,Li20.056 Ge2 P4 S24,Li20.056 Ge2 P4 S24,62,0,0.0,spacegroup,0,0,,3,1x3x1,0.026666666666666644,0.009666666666666657,True,0.0006712482020137522,0.0,0.0,True,,2,,150,Li60 Ge6 P12 S72,none,False,,,OBELIX/ordered_cifs/j8q_ordered_02.cif
j8q,OBELIX/cifs/j8q.cif,ok,,Li20 Ge2 P4 S24,Li20.056 Ge2 P4 S24,Li20.056 Ge2 P4 S24,62,0,0.0,spacegroup,0,0,,3,1x3x1,0.026666666666666644,0.009666666666666657,True,0.0006712482020137522,0.0,0.0,True,,3,,150,Li60 Ge6 P12 S72,none,False,,,OBELIX/ordered_cifs/j8q_ordered_03.cif
j8q,OBELIX/cifs/j8q.cif,ok,,Li20 Ge2 P4 S24,Li20.056 Ge2 P4 S24,Li20.056 Ge2 P4 S24,62,0,0.0,spacegroup,0,0,,3,1x3x1,0.026666666666666644,0.009666666666666657,True,0.0006712482020137522,0.0,0.0,True,,4,,150,Li60 Ge6 P12 S72,none,False,,,OBELIX/ordered_cifs/j8q_ordered_04.cif
jej,OBELIX/cifs/jej.cif,ok,,Li48 Ca8 La16 Ta16 O96,Li23.88 Ca3.9996 La8.0004 Ta8 O48,Li23.88 Ca3.9996 La8.0004 Ta8 O48,128,0,0.0,spacegroup,0,0,,1,1x1x1,0.040000000000000036,0.01188333333333335,True,0.0009653423179570852,0.0,0.0,True,,0,,92,Li24 Ca4 La8 Ta8 O48,none,False,,,OBELIX/ordered_cifs/jej_ordered.cif
jej,OBELIX/cifs/jej.cif,ok,,Li48 Ca8 La16 Ta16 O96,Li23.88 Ca3.9996 La8.0004 Ta8 O48,Li23.88 Ca3.9996 La8.0004 Ta8 O48,128,0,0.0,spacegroup,0,0,,1,1x1x1,0.040000000000000036,0.01188333333333335,True,0.0009653423179570852,0.0,0.0,True,,1,,92,Li24 Ca4 La8 Ta8 O48,none,False,,,OBELIX/ordered_cifs/jej_ordered_01.cif
jej,OBELIX/cifs/jej.cif,ok,,Li48 Ca8 La16 Ta16 O96,Li23.88 Ca3.9996 La8.0004 Ta8 O48,Li23.88 Ca3.9996 La8.0004 Ta8 O48,128,0,0.0,spacegroup,0,0,,1,1x1x1,0.040000000000000036,0.01188333333333335,True,0.0009653423179570852,0.0,0.0,True,,2,,92,Li24 Ca4 La8 Ta8 O48,none,False,,,OBELIX/ordered_cifs/jej_ordered_02.cif
jej,OBELIX/cifs/jej.cif,ok,,Li48 Ca8 La16 Ta16 O96,Li23.88 Ca3.9996 La8.0004 Ta8 O48,Li23.88 Ca3.9996 La8.0004 Ta8 O48,128,0,0.0,spacegroup,0,0,,1,1x1x1,0.040000000000000036,0.01188333333333335,True,0.0009653423179570852,0.0,0.0,True,,3,,92,Li24 Ca4 La8 Ta8 O48,none,False,,,OBELIX/ordered_cifs/jej_ordered_03.cif
jej,OBELIX/cifs/jej.cif,ok,,Li48 Ca8 La16 Ta16 O96,Li23.88 Ca3.9996 La8.0004 Ta8 O48,Li23.88 Ca3.9996 La8.0004 Ta8 O48,128,0,0.0,spacegroup,0,0,,1,1x1x1,0.040000000000000036,0.01188333333333335,True,0.0009653423179570852,0.0,0.0,True,,4,,92,Li24 Ca4 La8 Ta8 O48,none,False,,,OBELIX/ordered_cifs/jej_ordered_04.cif
jkq,OBELIX/cifs/jkq.cif,ok,,Li7.96 Mg4.04 Ti12 O32,Li7.96 Mg4.04 Ti12 O32,Li7.96 Mg4.04 Ti12 O32,56,0,0.0,spacegroup,0,0,,2,1x2x1,0.015000000000000013,0.007857142857142854,True,2.7755575615628914e-17,0.0007142857142857229,0.000714285714285709,True,,0,,112,Li16 Mg8 Ti24 O64,none,False,,,OBELIX/ordered_cifs/jkq_ordered.cif
jkq,OBELIX/cifs/jkq.cif,ok,,Li7.96 Mg4.04 Ti12 O32,Li7.96 Mg4.04 Ti12 O32,Li7.96 Mg4.04 Ti12 O32,56,0,0.0,spacegroup,0,0,,2,1x2x1,0.015000000000000013,0.007857142857142854,True,2.7755575615628914e-17,0.0007142857142857229,0.000714285714285709,True,,1,,112,Li16 Mg8 Ti24 O64,none,False,,,OBELIX/ordered_cifs/jkq_ordered_01.cif
jkq,OBELIX/cifs/jkq.cif,ok,,Li7.96 Mg4.04 Ti12 O32,Li7.96 Mg4.04 Ti12 O32,Li7.96 Mg4.04 Ti12 O32,56,0,0.0,spacegroup,0,0,,2,1x2x1,0.015000000000000013,0.007857142857142854,True,2.7755575615628914e-17,0.0007142857142857229,0.000714285714285709,True,,2,,112,Li16 Mg8 Ti24 O64,none,False,,,OBELIX/ordered_cifs/jkq_ordered_02.cif
jkq,OBELIX/cifs/jkq.cif,ok,,Li7.96 Mg4.04 Ti12 O32,Li7.96 Mg4.04 Ti12 O32,Li7.96 Mg4.04 Ti12 O32,56,0,0.0,spacegroup,0,0,,2,1x2x1,0.015000000000000013,0.007857142857142854,True,2.7755575615628914e-17,0.0007142857142857229,0.000714285714285709,True,,3,,112,Li16 Mg8 Ti24 O64,none,False,,,OBELIX/ordered_cifs/jkq_ordered_03.cif
jkq,OBELIX/cifs/jkq.cif,ok,,Li7.96 Mg4.04 Ti12 O32,Li7.96 Mg4.04 Ti12 O32,Li7.96 Mg4.04 Ti12 O32,56,0,0.0,spacegroup,0,0,,2,1x2x1,0.015000000000000013,0.007857142857142854,True,2.7755575615628914e-17,0.0007142857142857229,0.000714285714285709,True,,4,,112,Li16 Mg8 Ti24 O64,none,False,,,OBELIX/ordered_cifs/jkq_ordered_04.cif
jl4,OBELIX/cifs/jl4.cif,ok,,Li8.56 Mg3.16 Ti12.28 O32,Li8.56 Mg3.16 Ti12.28 O32,Li8.56 Mg3.16 Ti12.28 O32,56,0,0.0,spacegroup,0,0,,3,1x1x3,0.015000000000000013,0.007083333333333345,True,2.7755575615628914e-17,0.0028571428571428636,0.0028571428571428567,True,,0,,168,Li26 Mg9 Ti37 O96,none,False,,,OBELIX/ordered_cifs/jl4_ordered.cif
jl4,OBELIX/cifs/jl4.cif,ok,,Li8.56 Mg3.16 Ti12.28 O32,Li8.56 Mg3.16 Ti12.28 O32,Li8.56 Mg3.16 Ti12.28 O32,56,0,0.0,spacegroup,0,0,,3,1x1x3,0.015000000000000013,0.007083333333333345,True,2.7755575615628914e-17,0.0028571428571428636,0.0028571428571428567,True,,1,,168,Li26 Mg9 Ti37 O96,none,False,,,OBELIX/ordered_cifs/jl4_ordered_01.cif
jl4,OBELIX/cifs/jl4.cif,ok,,Li8.56 Mg3.16 Ti12.28 O32,Li8.56 Mg3.16 Ti12.28 O32,Li8.56 Mg3.16 Ti12.28 O32,56,0,0.0,spacegroup,0,0,,3,1x1x3,0.015000000000000013,0.007083333333333345,True,2.7755575615628914e-17,0.0028571428571428636,0.0028571428571428567,True,,2,,168,Li26 Mg9 Ti37 O96,none,False,,,OBELIX/ordered_cifs/jl4_ordered_02.cif
jl4,OBELIX/cifs/jl4.cif,ok,,Li8.56 Mg3.16 Ti12.28 O32,Li8.56 Mg3.16 Ti12.28 O32,Li8.56 Mg3.16 Ti12.28 O32,56,0,0.0,spacegroup,0,0,,3,1x1x3,0.015000000000000013,0.007083333333333345,True,2.7755575615628914e-17,0.0028571428571428636,0.0028571428571428567,True,,3,,168,Li26 Mg9 Ti37 O96,none,False,,,OBELIX/ordered_cifs/jl4_ordered_03.cif
jl4,OBELIX/cifs/jl4.cif,ok,,Li8.56 Mg3.16 Ti12.28 O32,Li8.56 Mg3.16 Ti12.28 O32,Li8.56 Mg3.16 Ti12.28 O32,56,0,0.0,spacegroup,0,0,,3,1x1x3,0.015000000000000013,0.007083333333333345,True,2.7755575615628914e-17,0.0028571428571428636,0.0028571428571428567,True,,4,,168,Li26 Mg9 Ti37 O96,none,False,,,OBELIX/ordered_cifs/jl4_ordered_04.cif
joc,OBELIX/cifs/joc.cif,ok,,Li6 P2 S8,Li6 P2 S7.82,Li6 P2 S7.82,16,0,0.0,spacegroup,0,0,,1,1x1x1,0.030000000000000027,0.013333333333333345,True,0.005689001264222504,0.0,0.0,True,,0,,16,Li6 P2 S8,none,False,,,OBELIX/ordered_cifs/joc_ordered.cif
jqc,OBELIX/cifs/jqc.cif,ok,,Li7 Bi1 O6,Li7 Bi1 O6,Li7 Bi1 O6,15,0,0.0,spacegroup,0,0,,3,3x1x1,0.04166666666666666,0.027777777777777762,True,0.0,0.012195121951219523,0.012195121951219523,True,,0,,41,Li20 Bi3 O18,none,False,,,OBELIX/ordered_cifs/jqc_ordered.cif
jqc,OBELIX/cifs/jqc.cif,ok,,Li7 Bi1 O6,Li7 Bi1 O6,Li7 Bi1 O6,15,0,0.0,spacegroup,0,0,,3,3x1x1,0.04166666666666666,0.027777777777777762,True,0.0,0.012195121951219523,0.012195121951219523,True,,1,,41,Li20 Bi3 O18,none,False,,,OBELIX/ordered_cifs/jqc_ordered_01.cif
jqc,OBELIX/cifs/jqc.cif,ok,,Li7 Bi1 O6,Li7 Bi1 O6,Li7 Bi1 O6,15,0,0.0,spacegroup,0,0,,3,3x1x1,0.04166666666666666,0.027777777777777762,True,0.0,0.012195121951219523,0.012195121951219523,True,,2,,41,Li20 Bi3 O18,none,False,,,OBELIX/ordered_cifs/jqc_ordered_02.cif
jqc,OBELIX/cifs/jqc.cif,ok,,Li7 Bi1 O6,Li7 Bi1 O6,Li7 Bi1 O6,15,0,0.0,spacegroup,0,0,,3,3x1x1,0.04166666666666666,0.027777777777777762,True,0.0,0.012195121951219523,0.012195121951219523,True,,3,,41,Li20 Bi3 O18,none,False,,,OBELIX/ordered_cifs/jqc_ordered_03.cif
jqc,OBELIX/cifs/jqc.cif,ok,,Li7 Bi1 O6,Li7 Bi1 O6,Li7 Bi1 O6,15,0,0.0,spacegroup,0,0,,3,3x1x1,0.04166666666666666,0.027777777777777762,True,0.0,0.012195121951219523,0.012195121951219523,True,,4,,41,Li20 Bi3 O18,none,False,,,OBELIX/ordered_cifs/jqc_ordered_04.cif
jy6,OBELIX/cifs/jy6.cif,copied_ordered,,Li24 P4 Cl4 O20,Li6 P1 Cl1 O5,Li6 P1 Cl1 O5,13,0,0.0,,0,0,,,,,,,0.0,0.0,0.0,True,,,,13,Li6 P1 Cl1 O5,none,False,,,OBELIX/ordered_cifs/jy6_ordered.cif
k4x,OBELIX/cifs/k4x.cif,ok,,Li20.7 Si2.7 P3.3 S24,Li20.708 Si2.7 P3.3 S24,Li20.708 Si2.7 P3.3 S24,62,0,0.0,spacegroup,0,0,,2,1x2x1,0.050000000000000044,0.022892857142857152,True,9.335268223270576e-05,0.004234830026685232,0.004226428285284287,True,,0,,102,Li42 Si5 P7 S48,none,False,,,OBELIX/ordered_cifs/k4x_ordered.cif
k4x,OBELIX/cifs/k4x.cif,ok,,Li20.7 Si2.7 P3.3 S24,Li20.708 Si2.7 P3.3 S24,Li20.708 Si2.7 P3.3 S24,62,0,0.0,spacegroup,0,0,,2,1x2x1,0.050000000000000044,0.022892857142857152,True,9.335268223270576e-05,0.004234830026685232,0.004226428285284287,True,,1,,102,Li42 Si5 P7 S48,none,False,,,OBELIX/ordered_cifs/k4x_ordered_01.cif
k4x,OBELIX/cifs/k4x.cif,ok,,Li20.7 Si2.7 P3.3 S24,Li20.708 Si2.7 P3.3 S24,Li20.708 Si2.7 P3.3 S24,62,0,0.0,spacegroup,0,0,,2,1x2x1,0.050000000000000044,0.022892857142857152,True,9.335268223270576e-05,0.004234830026685232,0.004226428285284287,True,,2,,102,Li42 Si5 P7 S48,none,False,,,OBELIX/ordered_cifs/k4x_ordered_02.cif
k4x,OBELIX/cifs/k4x.cif,ok,,Li20.7 Si2.7 P3.3 S24,Li20.708 Si2.7 P3.3 S24,Li20.708 Si2.7 P3.3 S24,62,0,0.0,spacegroup,0,0,,2,1x2x1,0.050000000000000044,0.022892857142857152,True,9.335268223270576e-05,0.004234830026685232,0.004226428285284287,True,,3,,102,Li42 Si5 P7 S48,none,False,,,OBELIX/ordered_cifs/k4x_ordered_03.cif
k4x,OBELIX/cifs/k4x.cif,ok,,Li20.7 Si2.7 P3.3 S24,Li20.708 Si2.7 P3.3 S24,Li20.708 Si2.7 P3.3 S24,62,0,0.0,spacegroup,0,0,,2,1x2x1,0.050000000000000044,0.022892857142857152,True,9.335268223270576e-05,0.004234830026685232,0.004226428285284287,True,,4,,102,Li42 Si5 P7 S48,none,False,,,OBELIX/ordered_cifs/k4x_ordered_04.cif
ka6,OBELIX/cifs/ka6.cif,ok,,Li40 La24 Ta16 O96,Li20.016 La12 Ta8 O48,Li20.016 La12 Ta8 O48,152,0,0.0,spacegroup,0,0,,1,1x1x1,0.031333333333333324,0.010333333333333326,True,0.0001404703277091135,0.0,0.0,True,,0,,88,Li20 La12 Ta8 O48,none,False,,,OBELIX/ordered_cifs/ka6_ordered.cif
ka6,OBELIX/cifs/ka6.cif,ok,,Li40 La24 Ta16 O96,Li20.016 La12 Ta8 O48,Li20.016 La12 Ta8 O48,152,0,0.0,spacegroup,0,0,,1,1x1x1,0.031333333333333324,0.010333333333333326,True,0.0001404703277091135,0.0,0.0,True,,1,,88,Li20 La12 Ta8 O48,none,False,,,OBELIX/ordered_cifs/ka6_ordered_01.cif
ka6,OBELIX/cifs/ka6.cif,ok,,Li40 La24 Ta16 O96,Li20.016 La12 Ta8 O48,Li20.016 La12 Ta8 O48,152,0,0.0,spacegroup,0,0,,1,1x1x1,0.031333333333333324,0.010333333333333326,True,0.0001404703277091135,0.0,0.0,True,,2,,88,Li20 La12 Ta8 O48,none,False,,,OBELIX/ordered_cifs/ka6_ordered_02.cif
ka6,OBELIX/cifs/ka6.cif,ok,,Li40 La24 Ta16 O96,Li20.016 La12 Ta8 O48,Li20.016 La12 Ta8 O48,152,0,0.0,spacegroup,0,0,,1,1x1x1,0.031333333333333324,0.010333333333333326,True,0.0001404703277091135,0.0,0.0,True,,3,,88,Li20 La12 Ta8 O48,none,False,,,OBELIX/ordered_cifs/ka6_ordered_03.cif
ka6,OBELIX/cifs/ka6.cif,ok,,Li40 La24 Ta16 O96,Li20.016 La12 Ta8 O48,Li20.016 La12 Ta8 O48,152,0,0.0,spacegroup,0,0,,1,1x1x1,0.031333333333333324,0.010333333333333326,True,0.0001404703277091135,0.0,0.0,True,,4,,88,Li20 La12 Ta8 O48,none,False,,,OBELIX/ordered_cifs/ka6_ordered_04.cif
kab,OBELIX/cifs/kab.cif,ok,,Li7.8 Ti10.2 Al1.8 P18 O72,Li2.6 Ti3.4 Al0.6 P6 O24,Li2.6 Ti3.4 Al0.6 P6 O24,48,0,0.0,spacegroup,0,0,,2,1x2x1,0.025000000000000022,0.008333333333333345,True,4.163336342344337e-17,0.002994236095516134,0.00299423609551612,True,,0,,73,Li5 Ti7 Al1 P12 O48,none,False,,,OBELIX/ordered_cifs/kab_ordered.cif
kab,OBELIX/cifs/kab.cif,ok,,Li7.8 Ti10.2 Al1.8 P18 O72,Li2.6 Ti3.4 Al0.6 P6 O24,Li2.6 Ti3.4 Al0.6 P6 O24,48,0,0.0,spacegroup,0,0,,2,1x2x1,0.025000000000000022,0.008333333333333345,True,4.163336342344337e-17,0.002994236095516134,0.00299423609551612,True,,1,,73,Li5 Ti7 Al1 P12 O48,none,False,,,OBELIX/ordered_cifs/kab_ordered_01.cif
kab,OBELIX/cifs/kab.cif,ok,,Li7.8 Ti10.2 Al1.8 P18 O72,Li2.6 Ti3.4 Al0.6 P6 O24,Li2.6 Ti3.4 Al0.6 P6 O24,48,0,0.0,spacegroup,0,0,,2,1x2x1,0.025000000000000022,0.008333333333333345,True,4.163336342344337e-17,0.002994236095516134,0.00299423609551612,True,,2,,73,Li5 Ti7 Al1 P12 O48,none,False,,,OBELIX/ordered_cifs/kab_ordered_02.cif
kab,OBELIX/cifs/kab.cif,ok,,Li7.8 Ti10.2 Al1.8 P18 O72,Li2.6 Ti3.4 Al0.6 P6 O24,Li2.6 Ti3.4 Al0.6 P6 O24,48,0,0.0,spacegroup,0,0,,2,1x2x1,0.025000000000000022,0.008333333333333345,True,4.163336342344337e-17,0.002994236095516134,0.00299423609551612,True,,3,,73,Li5 Ti7 Al1 P12 O48,none,False,,,OBELIX/ordered_cifs/kab_ordered_03.cif
kab,OBELIX/cifs/kab.cif,ok,,Li7.8 Ti10.2 Al1.8 P18 O72,Li2.6 Ti3.4 Al0.6 P6 O24,Li2.6 Ti3.4 Al0.6 P6 O24,48,0,0.0,spacegroup,0,0,,2,1x2x1,0.025000000000000022,0.008333333333333345,True,4.163336342344337e-17,0.002994236095516134,0.00299423609551612,True,,4,,73,Li5 Ti7 Al1 P12 O48,none,False,,,OBELIX/ordered_cifs/kab_ordered_04.cif
kbo,OBELIX/cifs/kbo.cif,copied_ordered,,Sr8 Li8 Al4 P12 O48,Sr8 Li8 Al4 P12 O48,Sr8 Li8 Al4 P12 O48,80,0,0.0,,0,0,,,,,,,0.0,0.0,0.0,True,,,,80,Sr8 Li8 Al4 P12 O48,none,False,,,OBELIX/ordered_cifs/kbo_ordered.cif
kbq,OBELIX/cifs/kbq.cif,ok,,Li40 La24 Bi16 O96,Li19.98 La12 Bi8 O48,Li19.98 La12 Bi8 O48,128,0,0.0,spacegroup,0,0,,1,1x1x1,0.04033333333333333,0.014285714285714271,True,0.00017565975738292883,0.0,0.0,True,,0,,88,Li20 La12 Bi8 O48,none,False,,,OBELIX/ordered_cifs/kbq_ordered.cif
kbq,OBELIX/cifs/kbq.cif,ok,,Li40 La24 Bi16 O96,Li19.98 La12 Bi8 O48,Li19.98 La12 Bi8 O48,128,0,0.0,spacegroup,0,0,,1,1x1x1,0.04033333333333333,0.014285714285714271,True,0.00017565975738292883,0.0,0.0,True,,1,,88,Li20 La12 Bi8 O48,none,False,,,OBELIX/ordered_cifs/kbq_ordered_01.cif
kbq,OBELIX/cifs/kbq.cif,ok,,Li40 La24 Bi16 O96,Li19.98 La12 Bi8 O48,Li19.98 La12 Bi8 O48,128,0,0.0,spacegroup,0,0,,1,1x1x1,0.04033333333333333,0.014285714285714271,True,0.00017565975738292883,0.0,0.0,True,,2,,88,Li20 La12 Bi8 O48,none,False,,,OBELIX/ordered_cifs/kbq_ordered_02.cif
kbq,OBELIX/cifs/kbq.cif,ok,,Li40 La24 Bi16 O96,Li19.98 La12 Bi8 O48,Li19.98 La12 Bi8 O48,128,0,0.0,spacegroup,0,0,,1,1x1x1,0.04033333333333333,0.014285714285714271,True,0.00017565975738292883,0.0,0.0,True,,3,,88,Li20 La12 Bi8 O48,none,False,,,OBELIX/ordered_cifs/kbq_ordered_03.cif
kbq,OBELIX/cifs/kbq.cif,ok,,Li40 La24 Bi16 O96,Li19.98 La12 Bi8 O48,Li19.98 La12 Bi8 O48,128,0,0.0,spacegroup,0,0,,1,1x1x1,0.04033333333333333,0.014285714285714271,True,0.00017565975738292883,0.0,0.0,True,,4,,88,Li20 La12 Bi8 O48,none,False,,,OBELIX/ordered_cifs/kbq_ordered_04.cif
kbu,OBELIX/cifs/kbu.cif,ok,,Li45.6 La24 Sm2.8 Ta13.2 O96,Li22.848 La12 Sm1.4 Ta6.6 O48,Li22.848 La12 Sm1.4 Ta6.6 O48,152,0,0.0,spacegroup,0,0,,1,1x1x1,0.050000000000000044,0.017100000000000014,True,0.0003956844021208994,0.006656877141458656,0.0062611927393377564,True,,0,,90,Li22 La12 Sm1 Ta7 O48,none,False,,,OBELIX/ordered_cifs/kbu_ordered.cif
kbu,OBELIX/cifs/kbu.cif,ok,,Li45.6 La24 Sm2.8 Ta13.2 O96,Li22.848 La12 Sm1.4 Ta6.6 O48,Li22.848 La12 Sm1.4 Ta6.6 O48,152,0,0.0,spacegroup,0,0,,1,1x1x1,0.050000000000000044,0.017100000000000014,True,0.0003956844021208994,0.006656877141458656,0.0062611927393377564,True,,1,,90,Li22 La12 Sm1 Ta7 O48,none,False,,,OBELIX/ordered_cifs/kbu_ordered_01.cif
kbu,OBELIX/cifs/kbu.cif,ok,,Li45.6 La24 Sm2.8 Ta13.2 O96,Li22.848 La12 Sm1.4 Ta6.6 O48,Li22.848 La12 Sm1.4 Ta6.6 O48,152,0,0.0,spacegroup,0,0,,1,1x1x1,0.050000000000000044,0.017100000000000014,True,0.0003956844021208994,0.006656877141458656,0.0062611927393377564,True,,2,,90,Li22 La12 Sm1 Ta7 O48,none,False,,,OBELIX/ordered_cifs/kbu_ordered_02.cif
kbu,OBELIX/cifs/kbu.cif,ok,,Li45.6 La24 Sm2.8 Ta13.2 O96,Li22.848 La12 Sm1.4 Ta6.6 O48,Li22.848 La12 Sm1.4 Ta6.6 O48,152,0,0.0,spacegroup,0,0,,1,1x1x1,0.050000000000000044,0.017100000000000014,True,0.0003956844021208994,0.006656877141458656,0.0062611927393377564,True,,3,,90,Li22 La12 Sm1 Ta7 O48,none,False,,,OBELIX/ordered_cifs/kbu_ordered_03.cif
kbu,OBELIX/cifs/kbu.cif,ok,,Li45.6 La24 Sm2.8 Ta13.2 O96,Li22.848 La12 Sm1.4 Ta6.6 O48,Li22.848 La12 Sm1.4 Ta6.6 O48,152,0,0.0,spacegroup,0,0,,1,1x1x1,0.050000000000000044,0.017100000000000014,True,0.0003956844021208994,0.006656877141458656,0.0062611927393377564,True,,4,,90,Li22 La12 Sm1 Ta7 O48,none,False,,,OBELIX/ordered_cifs/kbu_ordered_04.cif
kfp,OBELIX/cifs/kfp.cif,copied_ordered,,Ba8 Li16 P16 O56,Ba4 Li8 P8 O28,Ba4 Li8 P8 O28,48,0,0.0,,0,0,,,,,,,0.0,0.0,0.0,True,,,,48,Ba4 Li8 P8 O28,none,False,,,OBELIX/ordered_cifs/kfp_ordered.cif
kgl,OBELIX/cifs/kgl.cif,ok,,Li24 P4 S20 Br1 Cl3,Li6 P1 S4.99958242 Br0.24985215 Cl0.74956543,Li6 P1 S4.99958242 Br0.24985215 Cl0.74956543,19,0,0.0,spacegroup,0,0,,7,7x1x1,0.040857142857142856,0.009426573426573444,True,3.550568978683e-05,0.0027472527472527514,0.0027373580339193106,True,,0,,91,Li42 P7 S35 Br2 Cl5,none,False,,,OBELIX/ordered_cifs/kgl_ordered.cif
kgl,OBELIX/cifs/kgl.cif,ok,,Li24 P4 S20 Br1 Cl3,Li6 P1 S4.99958242 Br0.24985215 Cl0.74956543,Li6 P1 S4.99958242 Br0.24985215 Cl0.74956543,19,0,0.0,spacegroup,0,0,,7,7x1x1,0.040857142857142856,0.009426573426573444,True,3.550568978683e-05,0.0027472527472527514,0.0027373580339193106,True,,1,,91,Li42 P7 S35 Br2 Cl5,none,False,,,OBELIX/ordered_cifs/kgl_ordered_01.cif
kgl,OBELIX/cifs/kgl.cif,ok,,Li24 P4 S20 Br1 Cl3,Li6 P1 S4.99958242 Br0.24985215 Cl0.74956543,Li6 P1 S4.99958242 Br0.24985215 Cl0.74956543,19,0,0.0,spacegroup,0,0,,7,7x1x1,0.040857142857142856,0.009426573426573444,True,3.550568978683e-05,0.0027472527472527514,0.0027373580339193106,True,,2,,91,Li42 P7 S35 Br2 Cl5,none,False,,,OBELIX/ordered_cifs/kgl_ordered_02.cif
kgl,OBELIX/cifs/kgl.cif,ok,,Li24 P4 S20 Br1 Cl3,Li6 P1 S4.99958242 Br0.24985215 Cl0.74956543,Li6 P1 S4.99958242 Br0.24985215 Cl0.74956543,19,0,0.0,spacegroup,0,0,,7,7x1x1,0.040857142857142856,0.009426573426573444,True,3.550568978683e-05,0.0027472527472527514,0.0027373580339193106,True,,3,,91,Li42 P7 S35 Br2 Cl5,none,False,,,OBELIX/ordered_cifs/kgl_ordered_03.cif
kgl,OBELIX/cifs/kgl.cif,ok,,Li24 P4 S20 Br1 Cl3,Li6 P1 S4.99958242 Br0.24985215 Cl0.74956543,Li6 P1 S4.99958242 Br0.24985215 Cl0.74956543,19,0,0.0,spacegroup,0,0,,7,7x1x1,0.040857142857142856,0.009426573426573444,True,3.550568978683e-05,0.0027472527472527514,0.0027373580339193106,True,,4,,91,Li42 P7 S35 Br2 Cl5,none,False,,,OBELIX/ordered_cifs/kgl_ordered_04.cif
kh3,OBELIX/cifs/kh3.cif,ok,,Li52 La24 Zr12 Ta4 O96,Li25.248 La12 Zr6 Ta2 O48,Li25.248 La12 Zr6 Ta2 O48,164,0,0.0,spacegroup,0,0,,1,1x1x1,0.005333333333333301,0.0013749999999999908,True,0.005833905284831631,0.007778540379775822,0.0019446350949441915,True,,0,,93,Li25 La12 Zr6 Ta2 O48,none,False,,,OBELIX/ordered_cifs/kh3_ordered.cif
kh3,OBELIX/cifs/kh3.cif,ok,,Li52 La24 Zr12 Ta4 O96,Li25.248 La12 Zr6 Ta2 O48,Li25.248 La12 Zr6 Ta2 O48,164,0,0.0,spacegroup,0,0,,1,1x1x1,0.005333333333333301,0.0013749999999999908,True,0.005833905284831631,0.007778540379775822,0.0019446350949441915,True,,1,,93,Li25 La12 Zr6 Ta2 O48,none,False,,,OBELIX/ordered_cifs/kh3_ordered_01.cif
kh3,OBELIX/cifs/kh3.cif,ok,,Li52 La24 Zr12 Ta4 O96,Li25.248 La12 Zr6 Ta2 O48,Li25.248 La12 Zr6 Ta2 O48,164,0,0.0,spacegroup,0,0,,1,1x1x1,0.005333333333333301,0.0013749999999999908,True,0.005833905284831631,0.007778540379775822,0.0019446350949441915,True,,2,,93,Li25 La12 Zr6 Ta2 O48,none,False,,,OBELIX/ordered_cifs/kh3_ordered_02.cif
kh3,OBELIX/cifs/kh3.cif,ok,,Li52 La24 Zr12 Ta4 O96,Li25.248 La12 Zr6 Ta2 O48,Li25.248 La12 Zr6 Ta2 O48,164,0,0.0,spacegroup,0,0,,1,1x1x1,0.005333333333333301,0.0013749999999999908,True,0.005833905284831631,0.007778540379775822,0.0019446350949441915,True,,3,,93,Li25 La12 Zr6 Ta2 O48,none,False,,,OBELIX/ordered_cifs/kh3_ordered_03.cif
kh3,OBELIX/cifs/kh3.cif,ok,,Li52 La24 Zr12 Ta4 O96,Li25.248 La12 Zr6 Ta2 O48,Li25.248 La12 Zr6 Ta2 O48,164,0,0.0,spacegroup,0,0,,1,1x1x1,0.005333333333333301,0.0013749999999999908,True,0.005833905284831631,0.007778540379775822,0.0019446350949441915,True,,4,,93,Li25 La12 Zr6 Ta2 O48,none,False,,,OBELIX/ordered_cifs/kh3_ordered_04.cif
kji,OBELIX/cifs/kji.cif,ok,,Li51.2 La24 Zr11.2 Ta4.8 O96,Li25.584 La12 Zr5.6 Ta2.4 O48,Li25.584 La12 Zr5.6 Ta2.4 O48,128,0,0.0,spacegroup,0,0,,1,1x1x1,0.050000000000000044,0.022833333333333337,True,0.00012420853590294767,0.00436442989634479,0.004360046065665868,True,,0,,94,Li26 La12 Zr6 Ta2 O48,none,False,,,OBELIX/ordered_cifs/kji_ordered.cif
kji,OBELIX/cifs/kji.cif,ok,,Li51.2 La24 Zr11.2 Ta4.8 O96,Li25.584 La12 Zr5.6 Ta2.4 O48,Li25.584 La12 Zr5.6 Ta2.4 O48,128,0,0.0,spacegroup,0,0,,1,1x1x1,0.050000000000000044,0.022833333333333337,True,0.00012420853590294767,0.00436442989634479,0.004360046065665868,True,,1,,94,Li26 La12 Zr6 Ta2 O48,none,False,,,OBELIX/ordered_cifs/kji_ordered_01.cif
kji,OBELIX/cifs/kji.cif,ok,,Li51.2 La24 Zr11.2 Ta4.8 O96,Li25.584 La12 Zr5.6 Ta2.4 O48,Li25.584 La12 Zr5.6 Ta2.4 O48,128,0,0.0,spacegroup,0,0,,1,1x1x1,0.050000000000000044,0.022833333333333337,True,0.00012420853590294767,0.00436442989634479,0.004360046065665868,True,,2,,94,Li26 La12 Zr6 Ta2 O48,none,False,,,OBELIX/ordered_cifs/kji_ordered_02.cif
kji,OBELIX/cifs/kji.cif,ok,,Li51.2 La24 Zr11.2 Ta4.8 O96,Li25.584 La12 Zr5.6 Ta2.4 O48,Li25.584 La12 Zr5.6 Ta2.4 O48,128,0,0.0,spacegroup,0,0,,1,1x1x1,0.050000000000000044,0.022833333333333337,True,0.00012420853590294767,0.00436442989634479,0.004360046065665868,True,,3,,94,Li26 La12 Zr6 Ta2 O48,none,False,,,OBELIX/ordered_cifs/kji_ordered_03.cif
kji,OBELIX/cifs/kji.cif,ok,,Li51.2 La24 Zr11.2 Ta4.8 O96,Li25.584 La12 Zr5.6 Ta2.4 O48,Li25.584 La12 Zr5.6 Ta2.4 O48,128,0,0.0,spacegroup,0,0,,1,1x1x1,0.050000000000000044,0.022833333333333337,True,0.00012420853590294767,0.00436442989634479,0.004360046065665868,True,,4,,94,Li26 La12 Zr6 Ta2 O48,none,False,,,OBELIX/ordered_cifs/kji_ordered_04.cif
kkn,OBELIX/cifs/kkn.cif,ok,,Li24 Br12 N4,Li6 Br3 N1,Li6 Br3 N1,28,0,0.0,spacegroup,0,0,,1,1x1x1,0.0,0.0,True,0.0,0.0,0.0,True,,0,,10,Li6 Br3 N1,none,False,,,OBELIX/ordered_cifs/kkn_ordered.cif
kkn,OBELIX/cifs/kkn.cif,ok,,Li24 Br12 N4,Li6 Br3 N1,Li6 Br3 N1,28,0,0.0,spacegroup,0,0,,1,1x1x1,0.0,0.0,True,0.0,0.0,0.0,True,,1,,10,Li6 Br3 N1,none,False,,,OBELIX/ordered_cifs/kkn_ordered_01.cif
kkn,OBELIX/cifs/kkn.cif,ok,,Li24 Br12 N4,Li6 Br3 N1,Li6 Br3 N1,28,0,0.0,spacegroup,0,0,,1,1x1x1,0.0,0.0,True,0.0,0.0,0.0,True,,2,,10,Li6 Br3 N1,none,False,,,OBELIX/ordered_cifs/kkn_ordered_02.cif
kkn,OBELIX/cifs/kkn.cif,ok,,Li24 Br12 N4,Li6 Br3 N1,Li6 Br3 N1,28,0,0.0,spacegroup,0,0,,1,1x1x1,0.0,0.0,True,0.0,0.0,0.0,True,,3,,10,Li6 Br3 N1,none,False,,,OBELIX/ordered_cifs/kkn_ordered_03.cif
kkn,OBELIX/cifs/kkn.cif,ok,,Li24 Br12 N4,Li6 Br3 N1,Li6 Br3 N1,28,0,0.0,spacegroup,0,0,,1,1x1x1,0.0,0.0,True,0.0,0.0,0.0,True,,4,,10,Li6 Br3 N1,none,False,,,OBELIX/ordered_cifs/kkn_ordered_04.cif
kko,OBELIX/cifs/kko.cif,ok,,Li20 Sn2 P4 S24,Li20.08 Sn2 P4 S24,Li20.08 Sn2 P4 S24,70,0,0.0,spacegroup+split_site_pairs,8,0,Li,2,1x2x1,0.010000000000000009,0.0015178571428571422,True,0.0009584664536740339,0.0,0.0,True,,0,,100,Li40 Sn4 P8 S48,none,False,,,OBELIX/ordered_cifs/kko_ordered.cif
kko,OBELIX/cifs/kko.cif,ok,,Li20 Sn2 P4 S24,Li20.08 Sn2 P4 S24,Li20.08 Sn2 P4 S24,70,0,0.0,spacegroup+split_site_pairs,8,0,Li,2,1x2x1,0.010000000000000009,0.0015178571428571422,True,0.0009584664536740339,0.0,0.0,True,,1,,100,Li40 Sn4 P8 S48,none,False,,,OBELIX/ordered_cifs/kko_ordered_01.cif
kko,OBELIX/cifs/kko.cif,ok,,Li20 Sn2 P4 S24,Li20.08 Sn2 P4 S24,Li20.08 Sn2 P4 S24,70,0,0.0,spacegroup+split_site_pairs,8,0,Li,2,1x2x1,0.010000000000000009,0.0015178571428571422,True,0.0009584664536740339,0.0,0.0,True,,2,,100,Li40 Sn4 P8 S48,none,False,,,OBELIX/ordered_cifs/kko_ordered_02.cif
kko,OBELIX/cifs/kko.cif,ok,,Li20 Sn2 P4 S24,Li20.08 Sn2 P4 S24,Li20.08 Sn2 P4 S24,70,0,0.0,spacegroup+split_site_pairs,8,0,Li,2,1x2x1,0.010000000000000009,0.0015178571428571422,True,0.0009584664536740339,0.0,0.0,True,,3,,100,Li40 Sn4 P8 S48,none,False,,,OBELIX/ordered_cifs/kko_ordered_03.cif
kko,OBELIX/cifs/kko.cif,ok,,Li20 Sn2 P4 S24,Li20.08 Sn2 P4 S24,Li20.08 Sn2 P4 S24,70,0,0.0,spacegroup+split_site_pairs,8,0,Li,2,1x2x1,0.010000000000000009,0.0015178571428571422,True,0.0009584664536740339,0.0,0.0,True,,4,,100,Li40 Sn4 P8 S48,none,False,,,OBELIX/ordered_cifs/kko_ordered_04.cif
klr,OBELIX/cifs/klr.cif,ok,,Li16 Sn4 Se8 S8,Li16 Sn4 Se8.092 S7.908,Li16 Sn4 Se8.092 S7.908,40,0,0.0,spacegroup+split_site_pairs,4,0,Li,2,2x1x1,0.020500000000000018,0.004529411764705883,True,0.0025555555555555887,0.0,0.0,True,,0,,72,Li32 Sn8 Se16 S16,none,False,,,OBELIX/ordered_cifs/klr_ordered.cif
klr,OBELIX/cifs/klr.cif,ok,,Li16 Sn4 Se8 S8,Li16 Sn4 Se8.092 S7.908,Li16 Sn4 Se8.092 S7.908,40,0,0.0,spacegroup+split_site_pairs,4,0,Li,2,2x1x1,0.020500000000000018,0.004529411764705883,True,0.0025555555555555887,0.0,0.0,True,,1,,72,Li32 Sn8 Se16 S16,none,False,,,OBELIX/ordered_cifs/klr_ordered_01.cif
klr,OBELIX/cifs/klr.cif,ok,,Li16 Sn4 Se8 S8,Li16 Sn4 Se8.092 S7.908,Li16 Sn4 Se8.092 S7.908,40,0,0.0,spacegroup+split_site_pairs,4,0,Li,2,2x1x1,0.020500000000000018,0.004529411764705883,True,0.0025555555555555887,0.0,0.0,True,,2,,72,Li32 Sn8 Se16 S16,none,False,,,OBELIX/ordered_cifs/klr_ordered_02.cif
klr,OBELIX/cifs/klr.cif,ok,,Li16 Sn4 Se8 S8,Li16 Sn4 Se8.092 S7.908,Li16 Sn4 Se8.092 S7.908,40,0,0.0,spacegroup+split_site_pairs,4,0,Li,2,2x1x1,0.020500000000000018,0.004529411764705883,True,0.0025555555555555887,0.0,0.0,True,,3,,72,Li32 Sn8 Se16 S16,none,False,,,OBELIX/ordered_cifs/klr_ordered_03.cif
klr,OBELIX/cifs/klr.cif,ok,,Li16 Sn4 Se8 S8,Li16 Sn4 Se8.092 S7.908,Li16 Sn4 Se8.092 S7.908,40,0,0.0,spacegroup+split_site_pairs,4,0,Li,2,2x1x1,0.020500000000000018,0.004529411764705883,True,0.0025555555555555887,0.0,0.0,True,,4,,72,Li32 Sn8 Se16 S16,none,False,,,OBELIX/ordered_cifs/klr_ordered_04.cif
kmv,OBELIX/cifs/kmv.cif,ok,,Li16 Sn4 S16,Li16 Sn4 S16,Li16 Sn4 S16,48,0,0.0,spacegroup,0,0,,1,1x1x1,0.0,0.0,True,0.0,0.0,0.0,True,,0,,36,Li16 Sn4 S16,none,False,,,OBELIX/ordered_cifs/kmv_ordered.cif
kmv,OBELIX/cifs/kmv.cif,ok,,Li16 Sn4 S16,Li16 Sn4 S16,Li16 Sn4 S16,48,0,0.0,spacegroup,0,0,,1,1x1x1,0.0,0.0,True,0.0,0.0,0.0,True,,1,,36,Li16 Sn4 S16,none,False,,,OBELIX/ordered_cifs/kmv_ordered_01.cif
kmv,OBELIX/cifs/kmv.cif,ok,,Li16 Sn4 S16,Li16 Sn4 S16,Li16 Sn4 S16,48,0,0.0,spacegroup,0,0,,1,1x1x1,0.0,0.0,True,0.0,0.0,0.0,True,,2,,36,Li16 Sn4 S16,none,False,,,OBELIX/ordered_cifs/kmv_ordered_02.cif
kmv,OBELIX/cifs/kmv.cif,ok,,Li16 Sn4 S16,Li16 Sn4 S16,Li16 Sn4 S16,48,0,0.0,spacegroup,0,0,,1,1x1x1,0.0,0.0,True,0.0,0.0,0.0,True,,3,,36,Li16 Sn4 S16,none,False,,,OBELIX/ordered_cifs/kmv_ordered_03.cif
kmv,OBELIX/cifs/kmv.cif,ok,,Li16 Sn4 S16,Li16 Sn4 S16,Li16 Sn4 S16,48,0,0.0,spacegroup,0,0,,1,1x1x1,0.0,0.0,True,0.0,0.0,0.0,True,,4,,36,Li16 Sn4 S16,none,False,,,OBELIX/ordered_cifs/kmv_ordered_04.cif
kop,OBELIX/cifs/kop.cif,ok,,Li20 Sn0.66 Ge1.32 P4 S24,Li20.064 Sn0.64372 Ge1.35628 P4 S24,Li20.064 Sn0.64372 Ge1.35628 P4 S24,70,0,0.0,spacegroup,0,0,,2,1x2x1,0.03593000000000002,0.01391857142857143,True,0.0008056914040784346,0.006220670086216296,0.005613715895143867,True,,0,,99,Li39 Sn1 Ge3 P8 S48,none,False,,,OBELIX/ordered_cifs/kop_ordered.cif
kop,OBELIX/cifs/kop.cif,ok,,Li20 Sn0.66 Ge1.32 P4 S24,Li20.064 Sn0.64372 Ge1.35628 P4 S24,Li20.064 Sn0.64372 Ge1.35628 P4 S24,70,0,0.0,spacegroup,0,0,,2,1x2x1,0.03593000000000002,0.01391857142857143,True,0.0008056914040784346,0.006220670086216296,0.005613715895143867,True,,1,,99,Li39 Sn1 Ge3 P8 S48,none,False,,,OBELIX/ordered_cifs/kop_ordered_01.cif
kop,OBELIX/cifs/kop.cif,ok,,Li20 Sn0.66 Ge1.32 P4 S24,Li20.064 Sn0.64372 Ge1.35628 P4 S24,Li20.064 Sn0.64372 Ge1.35628 P4 S24,70,0,0.0,spacegroup,0,0,,2,1x2x1,0.03593000000000002,0.01391857142857143,True,0.0008056914040784346,0.006220670086216296,0.005613715895143867,True,,2,,99,Li39 Sn1 Ge3 P8 S48,none,False,,,OBELIX/ordered_cifs/kop_ordered_02.cif
kop,OBELIX/cifs/kop.cif,ok,,Li20 Sn0.66 Ge1.32 P4 S24,Li20.064 Sn0.64372 Ge1.35628 P4 S24,Li20.064 Sn0.64372 Ge1.35628 P4 S24,70,0,0.0,spacegroup,0,0,,2,1x2x1,0.03593000000000002,0.01391857142857143,True,0.0008056914040784346,0.006220670086216296,0.005613715895143867,True,,3,,99,Li39 Sn1 Ge3 P8 S48,none,False,,,OBELIX/ordered_cifs/kop_ordered_03.cif
kop,OBELIX/cifs/kop.cif,ok,,Li20 Sn0.66 Ge1.32 P4 S24,Li20.064 Sn0.64372 Ge1.35628 P4 S24,Li20.064 Sn0.64372 Ge1.35628 P4 S24,70,0,0.0,spacegroup,0,0,,2,1x2x1,0.03593000000000002,0.01391857142857143,True,0.0008056914040784346,0.006220670086216296,0.005613715895143867,True,,4,,99,Li39 Sn1 Ge3 P8 S48,none,False,,,OBELIX/ordered_cifs/kop_ordered_04.cif
ku9,OBELIX/cifs/ku9.cif,ok,,Na0.1 Li0.4 La0.5 Nb2 O6,Na0.1 Li0.4 La0.5 Nb2 O6,Na0.1 Li0.4 La0.5 Nb2 O6,9,0,0.0,spacegroup,0,0,,8,4x2x1,0.025000000000000022,0.006250000000000002,True,0.0,0.002777777777777782,0.002777777777777782,True,,0,,72,Na1 Li3 La4 Nb16 O48,none,False,,,OBELIX/ordered_cifs/ku9_ordered.cif
ku9,OBELIX/cifs/ku9.cif,ok,,Na0.1 Li0.4 La0.5 Nb2 O6,Na0.1 Li0.4 La0.5 Nb2 O6,Na0.1 Li0.4 La0.5 Nb2 O6,9,0,0.0,spacegroup,0,0,,8,4x2x1,0.025000000000000022,0.006250000000000002,True,0.0,0.002777777777777782,0.002777777777777782,True,,1,,72,Na1 Li3 La4 Nb16 O48,none,False,,,OBELIX/ordered_cifs/ku9_ordered_01.cif
ku9,OBELIX/cifs/ku9.cif,ok,,Na0.1 Li0.4 La0.5 Nb2 O6,Na0.1 Li0.4 La0.5 Nb2 O6,Na0.1 Li0.4 La0.5 Nb2 O6,9,0,0.0,spacegroup,0,0,,8,4x2x1,0.025000000000000022,0.006250000000000002,True,0.0,0.002777777777777782,0.002777777777777782,True,,2,,72,Na1 Li3 La4 Nb16 O48,none,False,,,OBELIX/ordered_cifs/ku9_ordered_02.cif
ku9,OBELIX/cifs/ku9.cif,ok,,Na0.1 Li0.4 La0.5 Nb2 O6,Na0.1 Li0.4 La0.5 Nb2 O6,Na0.1 Li0.4 La0.5 Nb2 O6,9,0,0.0,spacegroup,0,0,,8,4x2x1,0.025000000000000022,0.006250000000000002,True,0.0,0.002777777777777782,0.002777777777777782,True,,3,,72,Na1 Li3 La4 Nb16 O48,none,False,,,OBELIX/ordered_cifs/ku9_ordered_03.cif
ku9,OBELIX/cifs/ku9.cif,ok,,Na0.1 Li0.4 La0.5 Nb2 O6,Na0.1 Li0.4 La0.5 Nb2 O6,Na0.1 Li0.4 La0.5 Nb2 O6,9,0,0.0,spacegroup,0,0,,8,4x2x1,0.025000000000000022,0.006250000000000002,True,0.0,0.002777777777777782,0.002777777777777782,True,,4,,72,Na1 Li3 La4 Nb16 O48,none,False,,,OBELIX/ordered_cifs/ku9_ordered_04.cif
kxw,OBELIX/cifs/kxw.cif,copied_ordered,,Li18 Al18 Ge18 O72,Li6 Al6 Ge6 O24,Li6 Al6 Ge6 O24,42,0,0.0,,0,0,,,,,,,0.0,0.0,0.0,True,,,,42,Li6 Al6 Ge6 O24,none,False,,,OBELIX/ordered_cifs/kxw_ordered.cif
l2w,OBELIX/cifs/l2w.cif,ok,,Li3.33 Mg0.33 P2 S6,Li3.3332 Mg0.3334 P2 S6,Li3.3332 Mg0.3334 P2 S6,14,0,0.0,spacegroup+split_site_pairs,2,0,P,3,1x3x1,3.333333333332966e-05,1.4814814814810099e-05,True,0.0002911067847611859,0.0002940455770644723,9.795974344306568e-06,True,,0,,35,Li10 Mg1 P6 S18,none,False,,,OBELIX/ordered_cifs/l2w_ordered.cif
l2w,OBELIX/cifs/l2w.cif,ok,,Li3.33 Mg0.33 P2 S6,Li3.3332 Mg0.3334 P2 S6,Li3.3332 Mg0.3334 P2 S6,14,0,0.0,spacegroup+split_site_pairs,2,0,P,3,1x3x1,3.333333333332966e-05,1.4814814814810099e-05,True,0.0002911067847611859,0.0002940455770644723,9.795974344306568e-06,True,,1,,35,Li10 Mg1 P6 S18,none,False,,,OBELIX/ordered_cifs/l2w_ordered_01.cif
l2w,OBELIX/cifs/l2w.cif,ok,,Li3.33 Mg0.33 P2 S6,Li3.3332 Mg0.3334 P2 S6,Li3.3332 Mg0.3334 P2 S6,14,0,0.0,spacegroup+split_site_pairs,2,0,P,3,1x3x1,3.333333333332966e-05,1.4814814814810099e-05,True,0.0002911067847611859,0.0002940455770644723,9.795974344306568e-06,True,,2,,35,Li10 Mg1 P6 S18,none,False,,,OBELIX/ordered_cifs/l2w_ordered_02.cif
l2w,OBELIX/cifs/l2w.cif,ok,,Li3.33 Mg0.33 P2 S6,Li3.3332 Mg0.3334 P2 S6,Li3.3332 Mg0.3334 P2 S6,14,0,0.0,spacegroup+split_site_pairs,2,0,P,3,1x3x1,3.333333333332966e-05,1.4814814814810099e-05,True,0.0002911067847611859,0.0002940455770644723,9.795974344306568e-06,True,,3,,35,Li10 Mg1 P6 S18,none,False,,,OBELIX/ordered_cifs/l2w_ordered_03.cif
l2w,OBELIX/cifs/l2w.cif,ok,,Li3.33 Mg0.33 P2 S6,Li3.3332 Mg0.3334 P2 S6,Li3.3332 Mg0.3334 P2 S6,14,0,0.0,spacegroup+split_site_pairs,2,0,P,3,1x3x1,3.333333333332966e-05,1.4814814814810099e-05,True,0.0002911067847611859,0.0002940455770644723,9.795974344306568e-06,True,,4,,35,Li10 Mg1 P6 S18,none,False,,,OBELIX/ordered_cifs/l2w_ordered_04.cif
l6h,OBELIX/cifs/l6h.cif,ok,,Li49.6 La24 Zr14.4 Ta1.6 Al1.6 O96,Li25.584 La12 Zr7.2 Ta0.8 Al0.816 O48,Li25.584 La12 Zr7.2 Ta0.8 Al0.768 O48,128,12,0.048000000000000015,spacegroup,0,0,,1,1x1x1,0.02533333333333332,0.01248148148148147,True,0.0060596841952773595,0.002454991816693952,0.00201885704950977,True,,0,,94,Li25 La12 Zr7 Ta1 Al1 O48,none,False,,,OBELIX/ordered_cifs/l6h_ordered.cif
l6h,OBELIX/cifs/l6h.cif,ok,,Li49.6 La24 Zr14.4 Ta1.6 Al1.6 O96,Li25.584 La12 Zr7.2 Ta0.8 Al0.816 O48,Li25.584 La12 Zr7.2 Ta0.8 Al0.768 O48,128,12,0.048000000000000015,spacegroup,0,0,,1,1x1x1,0.02533333333333332,0.01248148148148147,True,0.0060596841952773595,0.002454991816693952,0.00201885704950977,True,,1,,94,Li25 La12 Zr7 Ta1 Al1 O48,none,False,,,OBELIX/ordered_cifs/l6h_ordered_01.cif
l6h,OBELIX/cifs/l6h.cif,ok,,Li49.6 La24 Zr14.4 Ta1.6 Al1.6 O96,Li25.584 La12 Zr7.2 Ta0.8 Al0.816 O48,Li25.584 La12 Zr7.2 Ta0.8 Al0.768 O48,128,12,0.048000000000000015,spacegroup,0,0,,1,1x1x1,0.02533333333333332,0.01248148148148147,True,0.0060596841952773595,0.002454991816693952,0.00201885704950977,True,,2,,94,Li25 La12 Zr7 Ta1 Al1 O48,none,False,,,OBELIX/ordered_cifs/l6h_ordered_02.cif
l6h,OBELIX/cifs/l6h.cif,ok,,Li49.6 La24 Zr14.4 Ta1.6 Al1.6 O96,Li25.584 La12 Zr7.2 Ta0.8 Al0.816 O48,Li25.584 La12 Zr7.2 Ta0.8 Al0.768 O48,128,12,0.048000000000000015,spacegroup,0,0,,1,1x1x1,0.02533333333333332,0.01248148148148147,True,0.0060596841952773595,0.002454991816693952,0.00201885704950977,True,,3,,94,Li25 La12 Zr7 Ta1 Al1 O48,none,False,,,OBELIX/ordered_cifs/l6h_ordered_03.cif
l6h,OBELIX/cifs/l6h.cif,ok,,Li49.6 La24 Zr14.4 Ta1.6 Al1.6 O96,Li25.584 La12 Zr7.2 Ta0.8 Al0.816 O48,Li25.584 La12 Zr7.2 Ta0.8 Al0.768 O48,128,12,0.048000000000000015,spacegroup,0,0,,1,1x1x1,0.02533333333333332,0.01248148148148147,True,0.0060596841952773595,0.002454991816693952,0.00201885704950977,True,,4,,94,Li25 La12 Zr7 Ta1 Al1 O48,none,False,,,OBELIX/ordered_cifs/l6h_ordered_04.cif
l9r,OBELIX/cifs/l9r.cif,ok,,Li48 Ca8 La16 Ta16 O96,Li24 Ca3.9996 La8.0004 Ta8 O48,Li24 Ca3.9996 La8.0004 Ta8 O48,104,0,0.0,spacegroup,0,0,,1,1x1x1,0.03733333333333333,0.014008333333333317,True,4.347826086957551e-06,0.0,0.0,True,,0,,92,Li24 Ca4 La8 Ta8 O48,none,False,,,OBELIX/ordered_cifs/l9r_ordered.cif
l9r,OBELIX/cifs/l9r.cif,ok,,Li48 Ca8 La16 Ta16 O96,Li24 Ca3.9996 La8.0004 Ta8 O48,Li24 Ca3.9996 La8.0004 Ta8 O48,104,0,0.0,spacegroup,0,0,,1,1x1x1,0.03733333333333333,0.014008333333333317,True,4.347826086957551e-06,0.0,0.0,True,,1,,92,Li24 Ca4 La8 Ta8 O48,none,False,,,OBELIX/ordered_cifs/l9r_ordered_01.cif
l9r,OBELIX/cifs/l9r.cif,ok,,Li48 Ca8 La16 Ta16 O96,Li24 Ca3.9996 La8.0004 Ta8 O48,Li24 Ca3.9996 La8.0004 Ta8 O48,104,0,0.0,spacegroup,0,0,,1,1x1x1,0.03733333333333333,0.014008333333333317,True,4.347826086957551e-06,0.0,0.0,True,,2,,92,Li24 Ca4 La8 Ta8 O48,none,False,,,OBELIX/ordered_cifs/l9r_ordered_02.cif
l9r,OBELIX/cifs/l9r.cif,ok,,Li48 Ca8 La16 Ta16 O96,Li24 Ca3.9996 La8.0004 Ta8 O48,Li24 Ca3.9996 La8.0004 Ta8 O48,104,0,0.0,spacegroup,0,0,,1,1x1x1,0.03733333333333333,0.014008333333333317,True,4.347826086957551e-06,0.0,0.0,True,,3,,92,Li24 Ca4 La8 Ta8 O48,none,False,,,OBELIX/ordered_cifs/l9r_ordered_03.cif
l9r,OBELIX/cifs/l9r.cif,ok,,Li48 Ca8 La16 Ta16 O96,Li24 Ca3.9996 La8.0004 Ta8 O48,Li24 Ca3.9996 La8.0004 Ta8 O48,104,0,0.0,spacegroup,0,0,,1,1x1x1,0.03733333333333333,0.014008333333333317,True,4.347826086957551e-06,0.0,0.0,True,,4,,92,Li24 Ca4 La8 Ta8 O48,none,False,,,OBELIX/ordered_cifs/l9r_ordered_04.cif
l9v,OBELIX/cifs/l9v.cif,copied_ordered,,Li36 Al12 F72,Li18 Al6 F36,Li18 Al6 F36,60,0,0.0,,0,0,,,,,,,0.0,0.0,0.0,True,,,,60,Li18 Al6 F36,none,False,,,OBELIX/ordered_cifs/l9v_ordered.cif
lap,OBELIX/cifs/lap.cif,ok,,Li7.8 Ti10.2 Al1.8 P18 O72,Li2.6 Ti3.4 Al0.6 P6 O24,Li2.6 Ti3.4 Al0.6 P6 O24,48,0,0.0,spacegroup,0,0,,2,1x2x1,0.025000000000000022,0.008333333333333345,True,4.163336342344337e-17,0.002994236095516134,0.00299423609551612,True,,0,,73,Li5 Ti7 Al1 P12 O48,none,False,,,OBELIX/ordered_cifs/lap_ordered.cif
lap,OBELIX/cifs/lap.cif,ok,,Li7.8 Ti10.2 Al1.8 P18 O72,Li2.6 Ti3.4 Al0.6 P6 O24,Li2.6 Ti3.4 Al0.6 P6 O24,48,0,0.0,spacegroup,0,0,,2,1x2x1,0.025000000000000022,0.008333333333333345,True,4.163336342344337e-17,0.002994236095516134,0.00299423609551612,True,,1,,73,Li5 Ti7 Al1 P12 O48,none,False,,,OBELIX/ordered_cifs/lap_ordered_01.cif
lap,OBELIX/cifs/lap.cif,ok,,Li7.8 Ti10.2 Al1.8 P18 O72,Li2.6 Ti3.4 Al0.6 P6 O24,Li2.6 Ti3.4 Al0.6 P6 O24,48,0,0.0,spacegroup,0,0,,2,1x2x1,0.025000000000000022,0.008333333333333345,True,4.163336342344337e-17,0.002994236095516134,0.00299423609551612,True,,2,,73,Li5 Ti7 Al1 P12 O48,none,False,,,OBELIX/ordered_cifs/lap_ordered_02.cif
lap,OBELIX/cifs/lap.cif,ok,,Li7.8 Ti10.2 Al1.8 P18 O72,Li2.6 Ti3.4 Al0.6 P6 O24,Li2.6 Ti3.4 Al0.6 P6 O24,48,0,0.0,spacegroup,0,0,,2,1x2x1,0.025000000000000022,0.008333333333333345,True,4.163336342344337e-17,0.002994236095516134,0.00299423609551612,True,,3,,73,Li5 Ti7 Al1 P12 O48,none,False,,,OBELIX/ordered_cifs/lap_ordered_03.cif
lap,OBELIX/cifs/lap.cif,ok,,Li7.8 Ti10.2 Al1.8 P18 O72,Li2.6 Ti3.4 Al0.6 P6 O24,Li2.6 Ti3.4 Al0.6 P6 O24,48,0,0.0,spacegroup,0,0,,2,1x2x1,0.025000000000000022,0.008333333333333345,True,4.163336342344337e-17,0.002994236095516134,0.00299423609551612,True,,4,,73,Li5 Ti7 Al1 P12 O48,none,False,,,OBELIX/ordered_cifs/lap_ordered_04.cif
ldx,OBELIX/cifs/ldx.cif,copied_ordered,,Li6 Ge12 P18 O72,Li2 Ge4 P6 O24,Li2 Ge4 P6 O24,36,0,0.0,,0,0,,,,,,,0.0,0.0,0.0,True,,,,36,Li2 Ge4 P6 O24,none,False,,,OBELIX/ordered_cifs/ldx_ordered.cif
lk8,OBELIX/cifs/lk8.cif,ok,,Li0.45 La0.55 Ti0.9 Al0.1 O3,Li0.442 La0.558 Ti0.909 Al0.09 O3,Li0.442 La0.558 Ti0.909 Al0.09 O3,5,0,0.0,spacegroup,0,0,,9,3x3x1,0.02111111111111111,0.007851851851851865,True,0.0019963992798559746,0.0022222222222222227,0.0003858549487675278,True,,0,,45,Li4 La5 Ti8 Al1 O27,none,False,,,OBELIX/ordered_cifs/lk8_ordered.cif
lk8,OBELIX/cifs/lk8.cif,ok,,Li0.45 La0.55 Ti0.9 Al0.1 O3,Li0.442 La0.558 Ti0.909 Al0.09 O3,Li0.442 La0.558 Ti0.909 Al0.09 O3,5,0,0.0,spacegroup,0,0,,9,3x3x1,0.02111111111111111,0.007851851851851865,True,0.0019963992798559746,0.0022222222222222227,0.0003858549487675278,True,,1,,45,Li4 La5 Ti8 Al1 O27,none,False,,,OBELIX/ordered_cifs/lk8_ordered_01.cif
lk8,OBELIX/cifs/lk8.cif,ok,,Li0.45 La0.55 Ti0.9 Al0.1 O3,Li0.442 La0.558 Ti0.909 Al0.09 O3,Li0.442 La0.558 Ti0.909 Al0.09 O3,5,0,0.0,spacegroup,0,0,,9,3x3x1,0.02111111111111111,0.007851851851851865,True,0.0019963992798559746,0.0022222222222222227,0.0003858549487675278,True,,2,,45,Li4 La5 Ti8 Al1 O27,none,False,,,OBELIX/ordered_cifs/lk8_ordered_02.cif
lk8,OBELIX/cifs/lk8.cif,ok,,Li0.45 La0.55 Ti0.9 Al0.1 O3,Li0.442 La0.558 Ti0.909 Al0.09 O3,Li0.442 La0.558 Ti0.909 Al0.09 O3,5,0,0.0,spacegroup,0,0,,9,3x3x1,0.02111111111111111,0.007851851851851865,True,0.0019963992798559746,0.0022222222222222227,0.0003858549487675278,True,,3,,45,Li4 La5 Ti8 Al1 O27,none,False,,,OBELIX/ordered_cifs/lk8_ordered_03.cif
lk8,OBELIX/cifs/lk8.cif,ok,,Li0.45 La0.55 Ti0.9 Al0.1 O3,Li0.442 La0.558 Ti0.909 Al0.09 O3,Li0.442 La0.558 Ti0.909 Al0.09 O3,5,0,0.0,spacegroup,0,0,,9,3x3x1,0.02111111111111111,0.007851851851851865,True,0.0019963992798559746,0.0022222222222222227,0.0003858549487675278,True,,4,,45,Li4 La5 Ti8 Al1 O27,none,False,,,OBELIX/ordered_cifs/lk8_ordered_04.cif
lkm,OBELIX/cifs/lkm.cif,copied_ordered,,Li24 Ge8 O28,Li24 Ge8 O28,Li24 Ge8 O28,60,0,0.0,,0,0,,,,,,,0.0,0.0,0.0,True,,,,60,Li24 Ge8 O28,none,False,,,OBELIX/ordered_cifs/lkm_ordered.cif
lol,OBELIX/cifs/lol.cif,ok,,Li8 P2 S8 I2,Li8.23396 P2 S8 I2,Li8.23396 P2 S8 I2,36,0,0.0,spacegroup,0,0,,5,5x1x1,0.02362999999999993,0.010735384615384608,True,0.006937643446957464,0.0117647058823529,0.004827062435395435,True,,0,,102,Li42 P10 S40 I10,none,False,,,OBELIX/ordered_cifs/lol_ordered.cif
lol,OBELIX/cifs/lol.cif,ok,,Li8 P2 S8 I2,Li8.23396 P2 S8 I2,Li8.23396 P2 S8 I2,36,0,0.0,spacegroup,0,0,,5,5x1x1,0.02362999999999993,0.010735384615384608,True,0.006937643446957464,0.0117647058823529,0.004827062435395435,True,,1,,102,Li42 P10 S40 I10,none,False,,,OBELIX/ordered_cifs/lol_ordered_01.cif
lol,OBELIX/cifs/lol.cif,ok,,Li8 P2 S8 I2,Li8.23396 P2 S8 I2,Li8.23396 P2 S8 I2,36,0,0.0,spacegroup,0,0,,5,5x1x1,0.02362999999999993,0.010735384615384608,True,0.006937643446957464,0.0117647058823529,0.004827062435395435,True,,2,,102,Li42 P10 S40 I10,none,False,,,OBELIX/ordered_cifs/lol_ordered_02.cif
lol,OBELIX/cifs/lol.cif,ok,,Li8 P2 S8 I2,Li8.23396 P2 S8 I2,Li8.23396 P2 S8 I2,36,0,0.0,spacegroup,0,0,,5,5x1x1,0.02362999999999993,0.010735384615384608,True,0.006937643446957464,0.0117647058823529,0.004827062435395435,True,,3,,102,Li42 P10 S40 I10,none,False,,,OBELIX/ordered_cifs/lol_ordered_03.cif
lol,OBELIX/cifs/lol.cif,ok,,Li8 P2 S8 I2,Li8.23396 P2 S8 I2,Li8.23396 P2 S8 I2,36,0,0.0,spacegroup,0,0,,5,5x1x1,0.02362999999999993,0.010735384615384608,True,0.006937643446957464,0.0117647058823529,0.004827062435395435,True,,4,,102,Li42 P10 S40 I10,none,False,,,OBELIX/ordered_cifs/lol_ordered_04.cif
lpt,OBELIX/cifs/lpt.cif,ok,,Li32 Nd24 Sb8 Te8 O96,Li16.02 Nd12 Sb4 Te4 O48,Li16.02 Nd12 Sb4 Te4 O48,128,0,0.0,spacegroup,0,0,,1,1x1x1,0.013000000000000012,0.0041666666666666605,True,0.00019269788372386354,0.0,0.0,True,,0,,84,Li16 Nd12 Sb4 Te4 O48,none,False,,,OBELIX/ordered_cifs/lpt_ordered.cif
lpt,OBELIX/cifs/lpt.cif,ok,,Li32 Nd24 Sb8 Te8 O96,Li16.02 Nd12 Sb4 Te4 O48,Li16.02 Nd12 Sb4 Te4 O48,128,0,0.0,spacegroup,0,0,,1,1x1x1,0.013000000000000012,0.0041666666666666605,True,0.00019269788372386354,0.0,0.0,True,,1,,84,Li16 Nd12 Sb4 Te4 O48,none,False,,,OBELIX/ordered_cifs/lpt_ordered_01.cif
lpt,OBELIX/cifs/lpt.cif,ok,,Li32 Nd24 Sb8 Te8 O96,Li16.02 Nd12 Sb4 Te4 O48,Li16.02 Nd12 Sb4 Te4 O48,128,0,0.0,spacegroup,0,0,,1,1x1x1,0.013000000000000012,0.0041666666666666605,True,0.00019269788372386354,0.0,0.0,True,,2,,84,Li16 Nd12 Sb4 Te4 O48,none,False,,,OBELIX/ordered_cifs/lpt_ordered_02.cif
lpt,OBELIX/cifs/lpt.cif,ok,,Li32 Nd24 Sb8 Te8 O96,Li16.02 Nd12 Sb4 Te4 O48,Li16.02 Nd12 Sb4 Te4 O48,128,0,0.0,spacegroup,0,0,,1,1x1x1,0.013000000000000012,0.0041666666666666605,True,0.00019269788372386354,0.0,0.0,True,,3,,84,Li16 Nd12 Sb4 Te4 O48,none,False,,,OBELIX/ordered_cifs/lpt_ordered_03.cif
lpt,OBELIX/cifs/lpt.cif,ok,,Li32 Nd24 Sb8 Te8 O96,Li16.02 Nd12 Sb4 Te4 O48,Li16.02 Nd12 Sb4 Te4 O48,128,0,0.0,spacegroup,0,0,,1,1x1x1,0.013000000000000012,0.0041666666666666605,True,0.00019269788372386354,0.0,0.0,True,,4,,84,Li16 Nd12 Sb4 Te4 O48,none,False,,,OBELIX/ordered_cifs/lpt_ordered_04.cif
lpx,OBELIX/cifs/lpx.cif,ok,,Li6.9 Y0.9 Zr11.1 P18 O72,Li2.277 Y0.3 Zr3.696 P6 O24,Li2.277 Y0.3 Zr3.696 P6 O24,52,0,0.0,spacegroup,0,0,,2,1x2x1,0.05,0.014000000000000007,True,0.0005869174371666702,0.006037963696743268,0.006003559763120558,True,,0,,73,Li5 Y1 Zr7 P12 O48,none,False,,,OBELIX/ordered_cifs/lpx_ordered.cif
lpx,OBELIX/cifs/lpx.cif,ok,,Li6.9 Y0.9 Zr11.1 P18 O72,Li2.277 Y0.3 Zr3.696 P6 O24,Li2.277 Y0.3 Zr3.696 P6 O24,52,0,0.0,spacegroup,0,0,,2,1x2x1,0.05,0.014000000000000007,True,0.0005869174371666702,0.006037963696743268,0.006003559763120558,True,,1,,73,Li5 Y1 Zr7 P12 O48,none,False,,,OBELIX/ordered_cifs/lpx_ordered_01.cif
lpx,OBELIX/cifs/lpx.cif,ok,,Li6.9 Y0.9 Zr11.1 P18 O72,Li2.277 Y0.3 Zr3.696 P6 O24,Li2.277 Y0.3 Zr3.696 P6 O24,52,0,0.0,spacegroup,0,0,,2,1x2x1,0.05,0.014000000000000007,True,0.0005869174371666702,0.006037963696743268,0.006003559763120558,True,,2,,73,Li5 Y1 Zr7 P12 O48,none,False,,,OBELIX/ordered_cifs/lpx_ordered_02.cif
lpx,OBELIX/cifs/lpx.cif,ok,,Li6.9 Y0.9 Zr11.1 P18 O72,Li2.277 Y0.3 Zr3.696 P6 O24,Li2.277 Y0.3 Zr3.696 P6 O24,52,0,0.0,spacegroup,0,0,,2,1x2x1,0.05,0.014000000000000007,True,0.0005869174371666702,0.006037963696743268,0.006003559763120558,True,,3,,73,Li5 Y1 Zr7 P12 O48,none,False,,,OBELIX/ordered_cifs/lpx_ordered_03.cif
lpx,OBELIX/cifs/lpx.cif,ok,,Li6.9 Y0.9 Zr11.1 P18 O72,Li2.277 Y0.3 Zr3.696 P6 O24,Li2.277 Y0.3 Zr3.696 P6 O24,52,0,0.0,spacegroup,0,0,,2,1x2x1,0.05,0.014000000000000007,True,0.0005869174371666702,0.006037963696743268,0.006003559763120558,True,,4,,73,Li5 Y1 Zr7 P12 O48,none,False,,,OBELIX/ordered_cifs/lpx_ordered_04.cif
lrh,OBELIX/cifs/lrh.cif,ok,,Li10 V8 P12 O48,Li10 V8 P12 O48,Li10 V8 P12 O48,80,0,0.0,spacegroup,0,0,,1,1x1x1,0.040000000000000036,0.007272727272727279,True,0.0,0.0,0.0,True,,0,,78,Li10 V8 P12 O48,none,False,,,OBELIX/ordered_cifs/lrh_ordered.cif
lrh,OBELIX/cifs/lrh.cif,ok,,Li10 V8 P12 O48,Li10 V8 P12 O48,Li10 V8 P12 O48,80,0,0.0,spacegroup,0,0,,1,1x1x1,0.040000000000000036,0.007272727272727279,True,0.0,0.0,0.0,True,,1,,78,Li10 V8 P12 O48,none,False,,,OBELIX/ordered_cifs/lrh_ordered_01.cif
lrh,OBELIX/cifs/lrh.cif,ok,,Li10 V8 P12 O48,Li10 V8 P12 O48,Li10 V8 P12 O48,80,0,0.0,spacegroup,0,0,,1,1x1x1,0.040000000000000036,0.007272727272727279,True,0.0,0.0,0.0,True,,2,,78,Li10 V8 P12 O48,none,False,,,OBELIX/ordered_cifs/lrh_ordered_02.cif
lud,OBELIX/cifs/lud.cif,ok,,Li0.4 La0.6 Ti0.8 Al0.2 O3,Li0.358 La0.642 Ti0.87 Al0.129 O3,Li0.358 La0.642 Ti0.87 Al0.129 O3,5,0,0.0,spacegroup,0,0,,6,1x3x2,0.037666666666666654,0.02077777777777776,True,0.014194838967793562,0.013333333333333336,0.004947656197906242,True,,0,,30,Li2 La4 Ti5 Al1 O18,none,False,,,OBELIX/ordered_cifs/lud_ordered.cif
lud,OBELIX/cifs/lud.cif,ok,,Li0.4 La0.6 Ti0.8 Al0.2 O3,Li0.358 La0.642 Ti0.87 Al0.129 O3,Li0.358 La0.642 Ti0.87 Al0.129 O3,5,0,0.0,spacegroup,0,0,,6,1x3x2,0.037666666666666654,0.02077777777777776,True,0.014194838967793562,0.013333333333333336,0.004947656197906242,True,,1,,30,Li2 La4 Ti5 Al1 O18,none,False,,,OBELIX/ordered_cifs/lud_ordered_01.cif
lud,OBELIX/cifs/lud.cif,ok,,Li0.4 La0.6 Ti0.8 Al0.2 O3,Li0.358 La0.642 Ti0.87 Al0.129 O3,Li0.358 La0.642 Ti0.87 Al0.129 O3,5,0,0.0,spacegroup,0,0,,6,1x3x2,0.037666666666666654,0.02077777777777776,True,0.014194838967793562,0.013333333333333336,0.004947656197906242,True,,2,,30,Li2 La4 Ti5 Al1 O18,none,False,,,OBELIX/ordered_cifs/lud_ordered_02.cif
lud,OBELIX/cifs/lud.cif,ok,,Li0.4 La0.6 Ti0.8 Al0.2 O3,Li0.358 La0.642 Ti0.87 Al0.129 O3,Li0.358 La0.642 Ti0.87 Al0.129 O3,5,0,0.0,spacegroup,0,0,,6,1x3x2,0.037666666666666654,0.02077777777777776,True,0.014194838967793562,0.013333333333333336,0.004947656197906242,True,,3,,30,Li2 La4 Ti5 Al1 O18,none,False,,,OBELIX/ordered_cifs/lud_ordered_03.cif
lud,OBELIX/cifs/lud.cif,ok,,Li0.4 La0.6 Ti0.8 Al0.2 O3,Li0.358 La0.642 Ti0.87 Al0.129 O3,Li0.358 La0.642 Ti0.87 Al0.129 O3,5,0,0.0,spacegroup,0,0,,6,1x3x2,0.037666666666666654,0.02077777777777776,True,0.014194838967793562,0.013333333333333336,0.004947656197906242,True,,4,,30,Li2 La4 Ti5 Al1 O18,none,False,,,OBELIX/ordered_cifs/lud_ordered_04.cif
lxk,OBELIX/cifs/lxk.cif,ok,,Li26.8 Ge2.8 P1.2 S20 I4,Li6.672 Ge0.773 P0.227 S5 I1,Li6.672 Ge0.773 P0.227 S5 I1,25,0,0.0,spacegroup,0,0,,10,1x2x5,0.044000000000000004,0.0223030303030303,True,0.005444021133287492,0.007299270072992702,0.0020047366240555572,True,,0,,137,Li67 Ge8 P2 S50 I10,none,False,,,OBELIX/ordered_cifs/lxk_ordered.cif
lxk,OBELIX/cifs/lxk.cif,ok,,Li26.8 Ge2.8 P1.2 S20 I4,Li6.672 Ge0.773 P0.227 S5 I1,Li6.672 Ge0.773 P0.227 S5 I1,25,0,0.0,spacegroup,0,0,,10,1x2x5,0.044000000000000004,0.0223030303030303,True,0.005444021133287492,0.007299270072992702,0.0020047366240555572,True,,1,,137,Li67 Ge8 P2 S50 I10,none,False,,,OBELIX/ordered_cifs/lxk_ordered_01.cif
lxk,OBELIX/cifs/lxk.cif,ok,,Li26.8 Ge2.8 P1.2 S20 I4,Li6.672 Ge0.773 P0.227 S5 I1,Li6.672 Ge0.773 P0.227 S5 I1,25,0,0.0,spacegroup,0,0,,10,1x2x5,0.044000000000000004,0.0223030303030303,True,0.005444021133287492,0.007299270072992702,0.0020047366240555572,True,,2,,137,Li67 Ge8 P2 S50 I10,none,False,,,OBELIX/ordered_cifs/lxk_ordered_02.cif
lxk,OBELIX/cifs/lxk.cif,ok,,Li26.8 Ge2.8 P1.2 S20 I4,Li6.672 Ge0.773 P0.227 S5 I1,Li6.672 Ge0.773 P0.227 S5 I1,25,0,0.0,spacegroup,0,0,,10,1x2x5,0.044000000000000004,0.0223030303030303,True,0.005444021133287492,0.007299270072992702,0.0020047366240555572,True,,3,,137,Li67 Ge8 P2 S50 I10,none,False,,,OBELIX/ordered_cifs/lxk_ordered_03.cif
lxk,OBELIX/cifs/lxk.cif,ok,,Li26.8 Ge2.8 P1.2 S20 I4,Li6.672 Ge0.773 P0.227 S5 I1,Li6.672 Ge0.773 P0.227 S5 I1,25,0,0.0,spacegroup,0,0,,10,1x2x5,0.044000000000000004,0.0223030303030303,True,0.005444021133287492,0.007299270072992702,0.0020047366240555572,True,,4,,137,Li67 Ge8 P2 S50 I10,none,False,,,OBELIX/ordered_cifs/lxk_ordered_04.cif
m0v,OBELIX/cifs/m0v.cif,ok,,Li10.72 Ti13.28 O32,Li2.68 Ti3.32 O8,Li2.68 Ti3.32 O8,14,0,0.0,spacegroup,0,0,,2,1x2x1,0.04500000000000004,0.022500000000000013,True,2.7755575615628914e-17,0.012857142857142873,0.012857142857142873,True,,0,,28,Li5 Ti7 O16,none,False,,,OBELIX/ordered_cifs/m0v_ordered.cif
m0v,OBELIX/cifs/m0v.cif,ok,,Li10.72 Ti13.28 O32,Li2.68 Ti3.32 O8,Li2.68 Ti3.32 O8,14,0,0.0,spacegroup,0,0,,2,1x2x1,0.04500000000000004,0.022500000000000013,True,2.7755575615628914e-17,0.012857142857142873,0.012857142857142873,True,,1,,28,Li5 Ti7 O16,none,False,,,OBELIX/ordered_cifs/m0v_ordered_01.cif
mde,OBELIX/cifs/mde.cif,copied_ordered,,Li4 B24 O36 F4,Li4 B24 O36 F4,Li4 B24 O36 F4,68,0,0.0,,0,0,,,,,,,0.0,0.0,0.0,True,,,,68,Li4 B24 O36 F4,none,False,,,OBELIX/ordered_cifs/mde_ordered.cif
mdp,OBELIX/cifs/mdp.cif,copied_ordered,,Li14 P6 S22,Li14 P6 S22,Li14 P6 S22,42,0,0.0,,0,0,,,,,,,0.0,0.0,0.0,True,,,,42,Li14 P6 S22,none,False,,,OBELIX/ordered_cifs/mdp_ordered.cif
me3,OBELIX/cifs/me3.cif,ok,,Sr0.4 Li4 La3.6 O8,Sr0.4008 Li4 La3.5992 O8,Sr0.4008 Li4 La3.5992 O8,16,0,0.0,spacegroup,0,0,,2,2x1x1,0.024800000000000044,0.009920000000000009,True,4.999999999999796e-05,0.0062500000000000056,0.006200000000000011,True,,0,,32,Sr1 Li8 La7 O16,none,False,,,OBELIX/ordered_cifs/me3_ordered.cif
mfs,OBELIX/cifs/mfs.cif,ok,,Li8 Zn4 Ge12 O32,Li8 Zn4 Ge12 O32,Li8 Zn4 Ge12 O32,56,0,0.0,spacegroup,0,0,,1,1x1x1,0.0,0.0,True,0.0,0.0,0.0,True,,0,,56,Li8 Zn4 Ge12 O32,none,False,,,OBELIX/ordered_cifs/mfs_ordered.cif
mfs,OBELIX/cifs/mfs.cif,ok,,Li8 Zn4 Ge12 O32,Li8 Zn4 Ge12 O32,Li8 Zn4 Ge12 O32,56,0,0.0,spacegroup,0,0,,1,1x1x1,0.0,0.0,True,0.0,0.0,0.0,True,,1,,56,Li8 Zn4 Ge12 O32,none,False,,,OBELIX/ordered_cifs/mfs_ordered_01.cif
mfs,OBELIX/cifs/mfs.cif,ok,,Li8 Zn4 Ge12 O32,Li8 Zn4 Ge12 O32,Li8 Zn4 Ge12 O32,56,0,0.0,spacegroup,0,0,,1,1x1x1,0.0,0.0,True,0.0,0.0,0.0,True,,2,,56,Li8 Zn4 Ge12 O32,none,False,,,OBELIX/ordered_cifs/mfs_ordered_02.cif
mfs,OBELIX/cifs/mfs.cif,ok,,Li8 Zn4 Ge12 O32,Li8 Zn4 Ge12 O32,Li8 Zn4 Ge12 O32,56,0,0.0,spacegroup,0,0,,1,1x1x1,0.0,0.0,True,0.0,0.0,0.0,True,,3,,56,Li8 Zn4 Ge12 O32,none,False,,,OBELIX/ordered_cifs/mfs_ordered_03.cif
mfs,OBELIX/cifs/mfs.cif,ok,,Li8 Zn4 Ge12 O32,Li8 Zn4 Ge12 O32,Li8 Zn4 Ge12 O32,56,0,0.0,spacegroup,0,0,,1,1x1x1,0.0,0.0,True,0.0,0.0,0.0,True,,4,,56,Li8 Zn4 Ge12 O32,none,False,,,OBELIX/ordered_cifs/mfs_ordered_04.cif
mfu,OBELIX/cifs/mfu.cif,ok,,Li12 Fe4 Mo12 O48,Li12.0004 Fe3.9996 Mo12 O48,Li12.0004 Fe3.9996 Mo12 O48,76,0,0.0,spacegroup,0,0,,2,2x1x1,0.041700000000000015,0.008928571428571428,True,5.263157894758175e-06,0.0,0.0,True,,0,,152,Li24 Fe8 Mo24 O96,none,False,,,OBELIX/ordered_cifs/mfu_ordered.cif
mfu,OBELIX/cifs/mfu.cif,ok,,Li12 Fe4 Mo12 O48,Li12.0004 Fe3.9996 Mo12 O48,Li12.0004 Fe3.9996 Mo12 O48,76,0,0.0,spacegroup,0,0,,2,2x1x1,0.041700000000000015,0.008928571428571428,True,5.263157894758175e-06,0.0,0.0,True,,1,,152,Li24 Fe8 Mo24 O96,none,False,,,OBELIX/ordered_cifs/mfu_ordered_01.cif
mfu,OBELIX/cifs/mfu.cif,ok,,Li12 Fe4 Mo12 O48,Li12.0004 Fe3.9996 Mo12 O48,Li12.0004 Fe3.9996 Mo12 O48,76,0,0.0,spacegroup,0,0,,2,2x1x1,0.041700000000000015,0.008928571428571428,True,5.263157894758175e-06,0.0,0.0,True,,2,,152,Li24 Fe8 Mo24 O96,none,False,,,OBELIX/ordered_cifs/mfu_ordered_02.cif
mfu,OBELIX/cifs/mfu.cif,ok,,Li12 Fe4 Mo12 O48,Li12.0004 Fe3.9996 Mo12 O48,Li12.0004 Fe3.9996 Mo12 O48,76,0,0.0,spacegroup,0,0,,2,2x1x1,0.041700000000000015,0.008928571428571428,True,5.263157894758175e-06,0.0,0.0,True,,3,,152,Li24 Fe8 Mo24 O96,none,False,,,OBELIX/ordered_cifs/mfu_ordered_03.cif
mfu,OBELIX/cifs/mfu.cif,ok,,Li12 Fe4 Mo12 O48,Li12.0004 Fe3.9996 Mo12 O48,Li12.0004 Fe3.9996 Mo12 O48,76,0,0.0,spacegroup,0,0,,2,2x1x1,0.041700000000000015,0.008928571428571428,True,5.263157894758175e-06,0.0,0.0,True,,4,,152,Li24 Fe8 Mo24 O96,none,False,,,OBELIX/ordered_cifs/mfu_ordered_04.cif
mg4,OBELIX/cifs/mg4.cif,ok,,Li7.8 Ti10.2 Al1.8 P18 O72,Li2 Ti3.4 Al0.6 P6 O24,Li2 Ti3.4 Al0.6 P6 O24,36,0,0.0,spacegroup,0,0,,2,1x2x1,0.025000000000000022,0.008333333333333337,True,0.015482695810564662,0.015482695810564662,0.002777777777777782,True,,0,,72,Li4 Ti7 Al1 P12 O48,none,False,,,OBELIX/ordered_cifs/mg4_ordered.cif
mn3,OBELIX/cifs/mn3.cif,ok,,Li16 Sn4 Se16,Li16 Sn4 Se16,Li16 Sn4 Se16,40,0,0.0,spacegroup+split_site_pairs,4,0,Li,1,1x1x1,0.0,0.0,True,0.0,0.0,0.0,True,,0,,36,Li16 Sn4 Se16,none,False,,,OBELIX/ordered_cifs/mn3_ordered.cif
mq1,OBELIX/cifs/mq1.cif,copied_ordered,,Li6 Sb2 S8,Li6 Sb2 S8,Li6 Sb2 S8,16,0,0.0,,0,0,,,,,,,0.0,0.0,0.0,True,,,,16,Li6 Sb2 S8,none,False,,,OBELIX/ordered_cifs/mq1_ordered.cif
mtn,OBELIX/cifs/mtn.cif,ok,,Li20 Ge2 P4 S24,Li20 Ge2 P4 S24,Li20 Ge2 P4 S24,66,0,0.0,spacegroup+split_site_pairs,4,0,Li,3,1x3x1,0.040000000000000036,0.017833333333333354,True,0.0,0.004026845637583931,0.004026845637583931,True,,0,,149,Li59 Ge6 P12 S72,none,False,,,OBELIX/ordered_cifs/mtn_ordered.cif
mtn,OBELIX/cifs/mtn.cif,ok,,Li20 Ge2 P4 S24,Li20 Ge2 P4 S24,Li20 Ge2 P4 S24,66,0,0.0,spacegroup+split_site_pairs,4,0,Li,3,1x3x1,0.040000000000000036,0.017833333333333354,True,0.0,0.004026845637583931,0.004026845637583931,True,,1,,149,Li59 Ge6 P12 S72,none,False,,,OBELIX/ordered_cifs/mtn_ordered_01.cif
mtn,OBELIX/cifs/mtn.cif,ok,,Li20 Ge2 P4 S24,Li20 Ge2 P4 S24,Li20 Ge2 P4 S24,66,0,0.0,spacegroup+split_site_pairs,4,0,Li,3,1x3x1,0.040000000000000036,0.017833333333333354,True,0.0,0.004026845637583931,0.004026845637583931,True,,2,,149,Li59 Ge6 P12 S72,none,False,,,OBELIX/ordered_cifs/mtn_ordered_02.cif
mtn,OBELIX/cifs/mtn.cif,ok,,Li20 Ge2 P4 S24,Li20 Ge2 P4 S24,Li20 Ge2 P4 S24,66,0,0.0,spacegroup+split_site_pairs,4,0,Li,3,1x3x1,0.040000000000000036,0.017833333333333354,True,0.0,0.004026845637583931,0.004026845637583931,True,,3,,149,Li59 Ge6 P12 S72,none,False,,,OBELIX/ordered_cifs/mtn_ordered_03.cif
mtn,OBELIX/cifs/mtn.cif,ok,,Li20 Ge2 P4 S24,Li20 Ge2 P4 S24,Li20 Ge2 P4 S24,66,0,0.0,spacegroup+split_site_pairs,4,0,Li,3,1x3x1,0.040000000000000036,0.017833333333333354,True,0.0,0.004026845637583931,0.004026845637583931,True,,4,,149,Li59 Ge6 P12 S72,none,False,,,OBELIX/ordered_cifs/mtn_ordered_04.cif
mtr,OBELIX/cifs/mtr.cif,ok,,Li45.44 La23.6 Zr16 Fe1.28 O96,Li22.6884 La11.784 Zr8 Fe0.642 O48,Li22.6884 La11.784 Zr8 Fe0.642 O48,104,0,0.0,spacegroup,0,0,,2,1x2x1,0.018000000000000016,0.0074974358974359,True,0.0002635207051204791,0.002134000867986874,0.0019119172526899375,True,,0,,183,Li46 La24 Zr16 Fe1 O96,none,False,,,OBELIX/ordered_cifs/mtr_ordered.cif
mtr,OBELIX/cifs/mtr.cif,ok,,Li45.44 La23.6 Zr16 Fe1.28 O96,Li22.6884 La11.784 Zr8 Fe0.642 O48,Li22.6884 La11.784 Zr8 Fe0.642 O48,104,0,0.0,spacegroup,0,0,,2,1x2x1,0.018000000000000016,0.0074974358974359,True,0.0002635207051204791,0.002134000867986874,0.0019119172526899375,True,,1,,183,Li46 La24 Zr16 Fe1 O96,none,False,,,OBELIX/ordered_cifs/mtr_ordered_01.cif
mtr,OBELIX/cifs/mtr.cif,ok,,Li45.44 La23.6 Zr16 Fe1.28 O96,Li22.6884 La11.784 Zr8 Fe0.642 O48,Li22.6884 La11.784 Zr8 Fe0.642 O48,104,0,0.0,spacegroup,0,0,,2,1x2x1,0.018000000000000016,0.0074974358974359,True,0.0002635207051204791,0.002134000867986874,0.0019119172526899375,True,,2,,183,Li46 La24 Zr16 Fe1 O96,none,False,,,OBELIX/ordered_cifs/mtr_ordered_02.cif
mtr,OBELIX/cifs/mtr.cif,ok,,Li45.44 La23.6 Zr16 Fe1.28 O96,Li22.6884 La11.784 Zr8 Fe0.642 O48,Li22.6884 La11.784 Zr8 Fe0.642 O48,104,0,0.0,spacegroup,0,0,,2,1x2x1,0.018000000000000016,0.0074974358974359,True,0.0002635207051204791,0.002134000867986874,0.0019119172526899375,True,,3,,183,Li46 La24 Zr16 Fe1 O96,none,False,,,OBELIX/ordered_cifs/mtr_ordered_03.cif
mtr,OBELIX/cifs/mtr.cif,ok,,Li45.44 La23.6 Zr16 Fe1.28 O96,Li22.6884 La11.784 Zr8 Fe0.642 O48,Li22.6884 La11.784 Zr8 Fe0.642 O48,104,0,0.0,spacegroup,0,0,,2,1x2x1,0.018000000000000016,0.0074974358974359,True,0.0002635207051204791,0.002134000867986874,0.0019119172526899375,True,,4,,183,Li46 La24 Zr16 Fe1 O96,none,False,,,OBELIX/ordered_cifs/mtr_ordered_04.cif
my9,OBELIX/cifs/my9.cif,ok,,Li7.2 Ti10.8 Al1.2 P18 O72,Li7.332 Ti10.7712 Al1.2276 P18 O72,Li7.332 Ti10.7712 Al1.2276 P18 O72,144,0,0.0,species_signature_fallback,0,0,,1,1x1x1,0.019066666666666676,0.007072222222222225,True,0.0011284635635687434,0.0020163322915616455,0.0016345893267588202,True,,0,,109,Li7 Ti11 Al1 P18 O72,none,False,,,OBELIX/ordered_cifs/my9_ordered.cif
my9,OBELIX/cifs/my9.cif,ok,,Li7.2 Ti10.8 Al1.2 P18 O72,Li7.332 Ti10.7712 Al1.2276 P18 O72,Li7.332 Ti10.7712 Al1.2276 P18 O72,144,0,0.0,species_signature_fallback,0,0,,1,1x1x1,0.019066666666666676,0.007072222222222225,True,0.0011284635635687434,0.0020163322915616455,0.0016345893267588202,True,,1,,109,Li7 Ti11 Al1 P18 O72,none,False,,,OBELIX/ordered_cifs/my9_ordered_01.cif
my9,OBELIX/cifs/my9.cif,ok,,Li7.2 Ti10.8 Al1.2 P18 O72,Li7.332 Ti10.7712 Al1.2276 P18 O72,Li7.332 Ti10.7712 Al1.2276 P18 O72,144,0,0.0,species_signature_fallback,0,0,,1,1x1x1,0.019066666666666676,0.007072222222222225,True,0.0011284635635687434,0.0020163322915616455,0.0016345893267588202,True,,2,,109,Li7 Ti11 Al1 P18 O72,none,False,,,OBELIX/ordered_cifs/my9_ordered_02.cif
my9,OBELIX/cifs/my9.cif,ok,,Li7.2 Ti10.8 Al1.2 P18 O72,Li7.332 Ti10.7712 Al1.2276 P18 O72,Li7.332 Ti10.7712 Al1.2276 P18 O72,144,0,0.0,species_signature_fallback,0,0,,1,1x1x1,0.019066666666666676,0.007072222222222225,True,0.0011284635635687434,0.0020163322915616455,0.0016345893267588202,True,,3,,109,Li7 Ti11 Al1 P18 O72,none,False,,,OBELIX/ordered_cifs/my9_ordered_03.cif
my9,OBELIX/cifs/my9.cif,ok,,Li7.2 Ti10.8 Al1.2 P18 O72,Li7.332 Ti10.7712 Al1.2276 P18 O72,Li7.332 Ti10.7712 Al1.2276 P18 O72,144,0,0.0,species_signature_fallback,0,0,,1,1x1x1,0.019066666666666676,0.007072222222222225,True,0.0011284635635687434,0.0020163322915616455,0.0016345893267588202,True,,4,,109,Li7 Ti11 Al1 P18 O72,none,False,,,OBELIX/ordered_cifs/my9_ordered_04.cif
n27,OBELIX/cifs/n27.cif,copied_ordered,,Li4 B4 O8,Li4 B4 O8,Li4 B4 O8,16,0,0.0,,0,0,,,,,,,0.0,0.0,0.0,True,,,,16,Li4 B4 O8,none,False,,,OBELIX/ordered_cifs/n27_ordered.cif
na5,OBELIX/cifs/na5.cif,ok,,Li6 Mo16 H94 W2 S16 O80,Li3 Mo8 H47 W1 S8 O39.98,Li3 Mo8 H47 W1 S8 O39.98,161,0,0.0,spacegroup+split_site_pairs,15,0,"H,W",3,3x1x1,0.040000000000000036,0.013100775193798453,True,0.00011706267046163177,0.0007812273950406623,0.0006641647245790305,True,,0,,323,Li9 Mo24 H142 W3 S24 O121,none,False,,,OBELIX/ordered_cifs/na5_ordered.cif
na5,OBELIX/cifs/na5.cif,ok,,Li6 Mo16 H94 W2 S16 O80,Li3 Mo8 H47 W1 S8 O39.98,Li3 Mo8 H47 W1 S8 O39.98,161,0,0.0,spacegroup+split_site_pairs,15,0,"H,W",3,3x1x1,0.040000000000000036,0.013100775193798453,True,0.00011706267046163177,0.0007812273950406623,0.0006641647245790305,True,,1,,323,Li9 Mo24 H142 W3 S24 O121,none,False,,,OBELIX/ordered_cifs/na5_ordered_01.cif
na5,OBELIX/cifs/na5.cif,ok,,Li6 Mo16 H94 W2 S16 O80,Li3 Mo8 H47 W1 S8 O39.98,Li3 Mo8 H47 W1 S8 O39.98,161,0,0.0,spacegroup+split_site_pairs,15,0,"H,W",3,3x1x1,0.040000000000000036,0.013100775193798453,True,0.00011706267046163177,0.0007812273950406623,0.0006641647245790305,True,,2,,323,Li9 Mo24 H142 W3 S24 O121,none,False,,,OBELIX/ordered_cifs/na5_ordered_02.cif
na5,OBELIX/cifs/na5.cif,ok,,Li6 Mo16 H94 W2 S16 O80,Li3 Mo8 H47 W1 S8 O39.98,Li3 Mo8 H47 W1 S8 O39.98,161,0,0.0,spacegroup+split_site_pairs,15,0,"H,W",3,3x1x1,0.040000000000000036,0.013100775193798453,True,0.00011706267046163177,0.0007812273950406623,0.0006641647245790305,True,,3,,323,Li9 Mo24 H142 W3 S24 O121,none,False,,,OBELIX/ordered_cifs/na5_ordered_03.cif
na5,OBELIX/cifs/na5.cif,ok,,Li6 Mo16 H94 W2 S16 O80,Li3 Mo8 H47 W1 S8 O39.98,Li3 Mo8 H47 W1 S8 O39.98,161,0,0.0,spacegroup+split_site_pairs,15,0,"H,W",3,3x1x1,0.040000000000000036,0.013100775193798453,True,0.00011706267046163177,0.0007812273950406623,0.0006641647245790305,True,,4,,323,Li9 Mo24 H142 W3 S24 O121,none,False,,,OBELIX/ordered_cifs/na5_ordered_04.cif
ner,OBELIX/cifs/ner.cif,ok,,Ba8 Li48 La16 Ta16 O96,Ba3.9996 Li24.0 La8.0004 Ta8 O48,Ba3.9996 Li24.0 La8.0004 Ta8 O48,128,0,0.0,spacegroup,0,0,,1,1x1x1,0.016666666666666663,0.005216666666666661,True,4.3478260869506125e-06,0.0,0.0,True,,0,,92,Ba4 Li24 La8 Ta8 O48,none,False,,,OBELIX/ordered_cifs/ner_ordered.cif
ner,OBELIX/cifs/ner.cif,ok,,Ba8 Li48 La16 Ta16 O96,Ba3.9996 Li24.0 La8.0004 Ta8 O48,Ba3.9996 Li24.0 La8.0004 Ta8 O48,128,0,0.0,spacegroup,0,0,,1,1x1x1,0.016666666666666663,0.005216666666666661,True,4.3478260869506125e-06,0.0,0.0,True,,1,,92,Ba4 Li24 La8 Ta8 O48,none,False,,,OBELIX/ordered_cifs/ner_ordered_01.cif
ner,OBELIX/cifs/ner.cif,ok,,Ba8 Li48 La16 Ta16 O96,Ba3.9996 Li24.0 La8.0004 Ta8 O48,Ba3.9996 Li24.0 La8.0004 Ta8 O48,128,0,0.0,spacegroup,0,0,,1,1x1x1,0.016666666666666663,0.005216666666666661,True,4.3478260869506125e-06,0.0,0.0,True,,2,,92,Ba4 Li24 La8 Ta8 O48,none,False,,,OBELIX/ordered_cifs/ner_ordered_02.cif
ner,OBELIX/cifs/ner.cif,ok,,Ba8 Li48 La16 Ta16 O96,Ba3.9996 Li24.0 La8.0004 Ta8 O48,Ba3.9996 Li24.0 La8.0004 Ta8 O48,128,0,0.0,spacegroup,0,0,,1,1x1x1,0.016666666666666663,0.005216666666666661,True,4.3478260869506125e-06,0.0,0.0,True,,3,,92,Ba4 Li24 La8 Ta8 O48,none,False,,,OBELIX/ordered_cifs/ner_ordered_03.cif
ner,OBELIX/cifs/ner.cif,ok,,Ba8 Li48 La16 Ta16 O96,Ba3.9996 Li24.0 La8.0004 Ta8 O48,Ba3.9996 Li24.0 La8.0004 Ta8 O48,128,0,0.0,spacegroup,0,0,,1,1x1x1,0.016666666666666663,0.005216666666666661,True,4.3478260869506125e-06,0.0,0.0,True,,4,,92,Ba4 Li24 La8 Ta8 O48,none,False,,,OBELIX/ordered_cifs/ner_ordered_04.cif
nhq,OBELIX/cifs/nhq.cif,ok,,Li12 P4 S16,Li12 P4 S16,Li12 P4 S16,36,0,0.0,spacegroup,0,0,,1,1x1x1,0.050000000000000044,0.022222222222222237,True,0.0,0.0,0.0,True,,0,,32,Li12 P4 S16,none,False,,,OBELIX/ordered_cifs/nhq_ordered.cif
nhq,OBELIX/cifs/nhq.cif,ok,,Li12 P4 S16,Li12 P4 S16,Li12 P4 S16,36,0,0.0,spacegroup,0,0,,1,1x1x1,0.050000000000000044,0.022222222222222237,True,0.0,0.0,0.0,True,,1,,32,Li12 P4 S16,none,False,,,OBELIX/ordered_cifs/nhq_ordered_01.cif
nig,OBELIX/cifs/nig.cif,ok,,Li24 P4 S20 Br4,Li6.006 P1 S5 Br1,Li6.006 P1 S5 Br1,25,0,0.0,spacegroup+split_site_clusters,0,6,Li,4,1x2x2,0.006000000000000005,0.0016875000000000015,True,0.0002484060611078198,0.0,0.0,True,,0,,52,Li24 P4 S20 Br4,none,False,,,OBELIX/ordered_cifs/nig_ordered.cif
nig,OBELIX/cifs/nig.cif,ok,,Li24 P4 S20 Br4,Li6.006 P1 S5 Br1,Li6.006 P1 S5 Br1,25,0,0.0,spacegroup+split_site_clusters,0,6,Li,4,1x2x2,0.006000000000000005,0.0016875000000000015,True,0.0002484060611078198,0.0,0.0,True,,1,,52,Li24 P4 S20 Br4,none,False,,,OBELIX/ordered_cifs/nig_ordered_01.cif
nig,OBELIX/cifs/nig.cif,ok,,Li24 P4 S20 Br4,Li6.006 P1 S5 Br1,Li6.006 P1 S5 Br1,25,0,0.0,spacegroup+split_site_clusters,0,6,Li,4,1x2x2,0.006000000000000005,0.0016875000000000015,True,0.0002484060611078198,0.0,0.0,True,,2,,52,Li24 P4 S20 Br4,none,False,,,OBELIX/ordered_cifs/nig_ordered_02.cif
nig,OBELIX/cifs/nig.cif,ok,,Li24 P4 S20 Br4,Li6.006 P1 S5 Br1,Li6.006 P1 S5 Br1,25,0,0.0,spacegroup+split_site_clusters,0,6,Li,4,1x2x2,0.006000000000000005,0.0016875000000000015,True,0.0002484060611078198,0.0,0.0,True,,3,,52,Li24 P4 S20 Br4,none,False,,,OBELIX/ordered_cifs/nig_ordered_03.cif
nig,OBELIX/cifs/nig.cif,ok,,Li24 P4 S20 Br4,Li6.006 P1 S5 Br1,Li6.006 P1 S5 Br1,25,0,0.0,spacegroup+split_site_clusters,0,6,Li,4,1x2x2,0.006000000000000005,0.0016875000000000015,True,0.0002484060611078198,0.0,0.0,True,,4,,52,Li24 P4 S20 Br4,none,False,,,OBELIX/ordered_cifs/nig_ordered_04.cif
nip,OBELIX/cifs/nip.cif,ok,,Li19.62 Sn1.62 P4.38 S24,Li19.616 Sn1.62 P4.38 S24,Li19.616 Sn1.62 P4.38 S24,62,0,0.0,spacegroup,0,0,,3,1x3x1,0.041000000000000036,0.012738095238095238,True,4.8741931748030876e-05,0.004594921402660268,0.004546179470912237,True,,0,,150,Li60 Sn5 P13 S72,none,False,,,OBELIX/ordered_cifs/nip_ordered.cif
nip,OBELIX/cifs/nip.cif,ok,,Li19.62 Sn1.62 P4.38 S24,Li19.616 Sn1.62 P4.38 S24,Li19.616 Sn1.62 P4.38 S24,62,0,0.0,spacegroup,0,0,,3,1x3x1,0.041000000000000036,0.012738095238095238,True,4.8741931748030876e-05,0.004594921402660268,0.004546179470912237,True,,1,,150,Li60 Sn5 P13 S72,none,False,,,OBELIX/ordered_cifs/nip_ordered_01.cif
nip,OBELIX/cifs/nip.cif,ok,,Li19.62 Sn1.62 P4.38 S24,Li19.616 Sn1.62 P4.38 S24,Li19.616 Sn1.62 P4.38 S24,62,0,0.0,spacegroup,0,0,,3,1x3x1,0.041000000000000036,0.012738095238095238,True,4.8741931748030876e-05,0.004594921402660268,0.004546179470912237,True,,2,,150,Li60 Sn5 P13 S72,none,False,,,OBELIX/ordered_cifs/nip_ordered_02.cif
nip,OBELIX/cifs/nip.cif,ok,,Li19.62 Sn1.62 P4.38 S24,Li19.616 Sn1.62 P4.38 S24,Li19.616 Sn1.62 P4.38 S24,62,0,0.0,spacegroup,0,0,,3,1x3x1,0.041000000000000036,0.012738095238095238,True,4.8741931748030876e-05,0.004594921402660268,0.004546179470912237,True,,3,,150,Li60 Sn5 P13 S72,none,False,,,OBELIX/ordered_cifs/nip_ordered_03.cif
nip,OBELIX/cifs/nip.cif,ok,,Li19.62 Sn1.62 P4.38 S24,Li19.616 Sn1.62 P4.38 S24,Li19.616 Sn1.62 P4.38 S24,62,0,0.0,spacegroup,0,0,,3,1x3x1,0.041000000000000036,0.012738095238095238,True,4.8741931748030876e-05,0.004594921402660268,0.004546179470912237,True,,4,,150,Li60 Sn5 P13 S72,none,False,,,OBELIX/ordered_cifs/nip_ordered_04.cif
nua,OBELIX/cifs/nua.cif,copied_ordered,,Li2 La2 Ti2 O8,Li2 La2 Ti2 O8,Li2 La2 Ti2 O8,14,0,0.0,,0,0,,,,,,,0.0,0.0,0.0,True,,,,14,Li2 La2 Ti2 O8,none,False,,,OBELIX/ordered_cifs/nua_ordered.cif
o0a,OBELIX/cifs/o0a.cif,ok,,Li16 Sn1 Ge3 Se16,Li16 Sn0.968 Ge3.032 Se16,Li16 Sn0.968 Ge3.032 Se16,48,0,0.0,spacegroup+split_site_pairs,12,0,Li,1,1x1x1,0.008000000000000007,0.0005333333333333338,True,0.0008888888888888974,0.0,0.0,True,,0,,36,Li16 Sn1 Ge3 Se16,none,False,,,OBELIX/ordered_cifs/o0a_ordered.cif
o0a,OBELIX/cifs/o0a.cif,ok,,Li16 Sn1 Ge3 Se16,Li16 Sn0.968 Ge3.032 Se16,Li16 Sn0.968 Ge3.032 Se16,48,0,0.0,spacegroup+split_site_pairs,12,0,Li,1,1x1x1,0.008000000000000007,0.0005333333333333338,True,0.0008888888888888974,0.0,0.0,True,,1,,36,Li16 Sn1 Ge3 Se16,none,False,,,OBELIX/ordered_cifs/o0a_ordered_01.cif
o0a,OBELIX/cifs/o0a.cif,ok,,Li16 Sn1 Ge3 Se16,Li16 Sn0.968 Ge3.032 Se16,Li16 Sn0.968 Ge3.032 Se16,48,0,0.0,spacegroup+split_site_pairs,12,0,Li,1,1x1x1,0.008000000000000007,0.0005333333333333338,True,0.0008888888888888974,0.0,0.0,True,,2,,36,Li16 Sn1 Ge3 Se16,none,False,,,OBELIX/ordered_cifs/o0a_ordered_02.cif
o0a,OBELIX/cifs/o0a.cif,ok,,Li16 Sn1 Ge3 Se16,Li16 Sn0.968 Ge3.032 Se16,Li16 Sn0.968 Ge3.032 Se16,48,0,0.0,spacegroup+split_site_pairs,12,0,Li,1,1x1x1,0.008000000000000007,0.0005333333333333338,True,0.0008888888888888974,0.0,0.0,True,,3,,36,Li16 Sn1 Ge3 Se16,none,False,,,OBELIX/ordered_cifs/o0a_ordered_03.cif
o0a,OBELIX/cifs/o0a.cif,ok,,Li16 Sn1 Ge3 Se16,Li16 Sn0.968 Ge3.032 Se16,Li16 Sn0.968 Ge3.032 Se16,48,0,0.0,spacegroup+split_site_pairs,12,0,Li,1,1x1x1,0.008000000000000007,0.0005333333333333338,True,0.0008888888888888974,0.0,0.0,True,,4,,36,Li16 Sn1 Ge3 Se16,none,False,,,OBELIX/ordered_cifs/o0a_ordered_04.cif
o5q,OBELIX/cifs/o5q.cif,ok,,Li54.4 La24 Zr14.4 Ta1.6 O96,Li27.216 La12 Zr7.2 Ta0.8 O48,Li27.216 La12 Zr7.2 Ta0.8 O48,128,0,0.0,spacegroup,0,0,,1,1x1x1,0.040000000000000036,0.01783333333333335,True,0.00012002784646047981,0.005952380952380987,0.005832353105920507,True,,0,,96,Li28 La12 Zr7 Ta1 O48,none,False,,,OBELIX/ordered_cifs/o5q_ordered.cif
o5q,OBELIX/cifs/o5q.cif,ok,,Li54.4 La24 Zr14.4 Ta1.6 O96,Li27.216 La12 Zr7.2 Ta0.8 O48,Li27.216 La12 Zr7.2 Ta0.8 O48,128,0,0.0,spacegroup,0,0,,1,1x1x1,0.040000000000000036,0.01783333333333335,True,0.00012002784646047981,0.005952380952380987,0.005832353105920507,True,,1,,96,Li28 La12 Zr7 Ta1 O48,none,False,,,OBELIX/ordered_cifs/o5q_ordered_01.cif
o5q,OBELIX/cifs/o5q.cif,ok,,Li54.4 La24 Zr14.4 Ta1.6 O96,Li27.216 La12 Zr7.2 Ta0.8 O48,Li27.216 La12 Zr7.2 Ta0.8 O48,128,0,0.0,spacegroup,0,0,,1,1x1x1,0.040000000000000036,0.01783333333333335,True,0.00012002784646047981,0.005952380952380987,0.005832353105920507,True,,2,,96,Li28 La12 Zr7 Ta1 O48,none,False,,,OBELIX/ordered_cifs/o5q_ordered_02.cif
o5q,OBELIX/cifs/o5q.cif,ok,,Li54.4 La24 Zr14.4 Ta1.6 O96,Li27.216 La12 Zr7.2 Ta0.8 O48,Li27.216 La12 Zr7.2 Ta0.8 O48,128,0,0.0,spacegroup,0,0,,1,1x1x1,0.040000000000000036,0.01783333333333335,True,0.00012002784646047981,0.005952380952380987,0.005832353105920507,True,,3,,96,Li28 La12 Zr7 Ta1 O48,none,False,,,OBELIX/ordered_cifs/o5q_ordered_03.cif
o5q,OBELIX/cifs/o5q.cif,ok,,Li54.4 La24 Zr14.4 Ta1.6 O96,Li27.216 La12 Zr7.2 Ta0.8 O48,Li27.216 La12 Zr7.2 Ta0.8 O48,128,0,0.0,spacegroup,0,0,,1,1x1x1,0.040000000000000036,0.01783333333333335,True,0.00012002784646047981,0.005952380952380987,0.005832353105920507,True,,4,,96,Li28 La12 Zr7 Ta1 O48,none,False,,,OBELIX/ordered_cifs/o5q_ordered_04.cif
o9h,OBELIX/cifs/o9h.cif,ok,,Na0.43 Li0.07 La0.5 Nb2 O6,Na0.43 Li0.07 La0.5 Nb2 O6,Na0.43 Li0.07 La0.5 Nb2 O6,9,0,0.0,spacegroup,0,0,,10,5x2x1,0.03,0.007499999999999996,True,0.0,0.003333333333333334,0.003333333333333334,True,,0,,90,Na4 Li1 La5 Nb20 O60,none,False,,,OBELIX/ordered_cifs/o9h_ordered.cif
o9h,OBELIX/cifs/o9h.cif,ok,,Na0.43 Li0.07 La0.5 Nb2 O6,Na0.43 Li0.07 La0.5 Nb2 O6,Na0.43 Li0.07 La0.5 Nb2 O6,9,0,0.0,spacegroup,0,0,,10,5x2x1,0.03,0.007499999999999996,True,0.0,0.003333333333333334,0.003333333333333334,True,,1,,90,Na4 Li1 La5 Nb20 O60,none,False,,,OBELIX/ordered_cifs/o9h_ordered_01.cif
o9h,OBELIX/cifs/o9h.cif,ok,,Na0.43 Li0.07 La0.5 Nb2 O6,Na0.43 Li0.07 La0.5 Nb2 O6,Na0.43 Li0.07 La0.5 Nb2 O6,9,0,0.0,spacegroup,0,0,,10,5x2x1,0.03,0.007499999999999996,True,0.0,0.003333333333333334,0.003333333333333334,True,,2,,90,Na4 Li1 La5 Nb20 O60,none,False,,,OBELIX/ordered_cifs/o9h_ordered_02.cif
o9h,OBELIX/cifs/o9h.cif,ok,,Na0.43 Li0.07 La0.5 Nb2 O6,Na0.43 Li0.07 La0.5 Nb2 O6,Na0.43 Li0.07 La0.5 Nb2 O6,9,0,0.0,spacegroup,0,0,,10,5x2x1,0.03,0.007499999999999996,True,0.0,0.003333333333333334,0.003333333333333334,True,,3,,90,Na4 Li1 La5 Nb20 O60,none,False,,,OBELIX/ordered_cifs/o9h_ordered_03.cif
o9h,OBELIX/cifs/o9h.cif,ok,,Na0.43 Li0.07 La0.5 Nb2 O6,Na0.43 Li0.07 La0.5 Nb2 O6,Na0.43 Li0.07 La0.5 Nb2 O6,9,0,0.0,spacegroup,0,0,,10,5x2x1,0.03,0.007499999999999996,True,0.0,0.003333333333333334,0.003333333333333334,True,,4,,90,Na4 Li1 La5 Nb20 O60,none,False,,,OBELIX/ordered_cifs/o9h_ordered_04.cif
ob9,OBELIX/cifs/ob9.cif,ok,,Li2.67 Mg0.67 P2 S6,Li2.6668 Mg0.6666 P2 S6,Li2.6668 Mg0.6666 P2 S6,14,0,0.0,spacegroup+split_site_pairs,2,0,P,3,1x3x1,3.333333333332966e-05,1.4814814814807015e-05,True,0.0003081214368207963,0.0003112356053532883,1.0380561775241715e-05,True,,0,,34,Li8 Mg2 P6 S18,none,False,,,OBELIX/ordered_cifs/ob9_ordered.cif
ob9,OBELIX/cifs/ob9.cif,ok,,Li2.67 Mg0.67 P2 S6,Li2.6668 Mg0.6666 P2 S6,Li2.6668 Mg0.6666 P2 S6,14,0,0.0,spacegroup+split_site_pairs,2,0,P,3,1x3x1,3.333333333332966e-05,1.4814814814807015e-05,True,0.0003081214368207963,0.0003112356053532883,1.0380561775241715e-05,True,,1,,34,Li8 Mg2 P6 S18,none,False,,,OBELIX/ordered_cifs/ob9_ordered_01.cif
ob9,OBELIX/cifs/ob9.cif,ok,,Li2.67 Mg0.67 P2 S6,Li2.6668 Mg0.6666 P2 S6,Li2.6668 Mg0.6666 P2 S6,14,0,0.0,spacegroup+split_site_pairs,2,0,P,3,1x3x1,3.333333333332966e-05,1.4814814814807015e-05,True,0.0003081214368207963,0.0003112356053532883,1.0380561775241715e-05,True,,2,,34,Li8 Mg2 P6 S18,none,False,,,OBELIX/ordered_cifs/ob9_ordered_02.cif
ob9,OBELIX/cifs/ob9.cif,ok,,Li2.67 Mg0.67 P2 S6,Li2.6668 Mg0.6666 P2 S6,Li2.6668 Mg0.6666 P2 S6,14,0,0.0,spacegroup+split_site_pairs,2,0,P,3,1x3x1,3.333333333332966e-05,1.4814814814807015e-05,True,0.0003081214368207963,0.0003112356053532883,1.0380561775241715e-05,True,,3,,34,Li8 Mg2 P6 S18,none,False,,,OBELIX/ordered_cifs/ob9_ordered_03.cif
ob9,OBELIX/cifs/ob9.cif,ok,,Li2.67 Mg0.67 P2 S6,Li2.6668 Mg0.6666 P2 S6,Li2.6668 Mg0.6666 P2 S6,14,0,0.0,spacegroup+split_site_pairs,2,0,P,3,1x3x1,3.333333333332966e-05,1.4814814814807015e-05,True,0.0003081214368207963,0.0003112356053532883,1.0380561775241715e-05,True,,4,,34,Li8 Mg2 P6 S18,none,False,,,OBELIX/ordered_cifs/ob9_ordered_04.cif
oi6,OBELIX/cifs/oi6.cif,ok,,Li7 Sb1 O6,Li7 Sb1 O6,Li7 Sb1 O6,15,0,0.0,spacegroup,0,0,,3,3x1x1,0.04166666666666666,0.027777777777777762,True,0.0,0.012195121951219523,0.012195121951219523,True,,0,,41,Li20 Sb3 O18,none,False,,,OBELIX/ordered_cifs/oi6_ordered.cif
oi6,OBELIX/cifs/oi6.cif,ok,,Li7 Sb1 O6,Li7 Sb1 O6,Li7 Sb1 O6,15,0,0.0,spacegroup,0,0,,3,3x1x1,0.04166666666666666,0.027777777777777762,True,0.0,0.012195121951219523,0.012195121951219523,True,,1,,41,Li20 Sb3 O18,none,False,,,OBELIX/ordered_cifs/oi6_ordered_01.cif
oi6,OBELIX/cifs/oi6.cif,ok,,Li7 Sb1 O6,Li7 Sb1 O6,Li7 Sb1 O6,15,0,0.0,spacegroup,0,0,,3,3x1x1,0.04166666666666666,0.027777777777777762,True,0.0,0.012195121951219523,0.012195121951219523,True,,2,,41,Li20 Sb3 O18,none,False,,,OBELIX/ordered_cifs/oi6_ordered_02.cif
oi6,OBELIX/cifs/oi6.cif,ok,,Li7 Sb1 O6,Li7 Sb1 O6,Li7 Sb1 O6,15,0,0.0,spacegroup,0,0,,3,3x1x1,0.04166666666666666,0.027777777777777762,True,0.0,0.012195121951219523,0.012195121951219523,True,,3,,41,Li20 Sb3 O18,none,False,,,OBELIX/ordered_cifs/oi6_ordered_03.cif
oi6,OBELIX/cifs/oi6.cif,ok,,Li7 Sb1 O6,Li7 Sb1 O6,Li7 Sb1 O6,15,0,0.0,spacegroup,0,0,,3,3x1x1,0.04166666666666666,0.027777777777777762,True,0.0,0.012195121951219523,0.012195121951219523,True,,4,,41,Li20 Sb3 O18,none,False,,,OBELIX/ordered_cifs/oi6_ordered_04.cif
opo,OBELIX/cifs/opo.cif,ok,,Li4.8 Sn4.8 S12,Li2.523 Sn2.369 S6,Li2.523 Sn2.369 S6,14,0,0.0,spacegroup,0,0,,6,3x2x1,0.041666666666666685,0.023230769230769235,True,0.00941567715346639,0.02020202020202022,0.010786343048553831,True,,0,,66,Li16 Sn14 S36,none,False,,,OBELIX/ordered_cifs/opo_ordered.cif
opo,OBELIX/cifs/opo.cif,ok,,Li4.8 Sn4.8 S12,Li2.523 Sn2.369 S6,Li2.523 Sn2.369 S6,14,0,0.0,spacegroup,0,0,,6,3x2x1,0.041666666666666685,0.023230769230769235,True,0.00941567715346639,0.02020202020202022,0.010786343048553831,True,,1,,66,Li16 Sn14 S36,none,False,,,OBELIX/ordered_cifs/opo_ordered_01.cif
opo,OBELIX/cifs/opo.cif,ok,,Li4.8 Sn4.8 S12,Li2.523 Sn2.369 S6,Li2.523 Sn2.369 S6,14,0,0.0,spacegroup,0,0,,6,3x2x1,0.041666666666666685,0.023230769230769235,True,0.00941567715346639,0.02020202020202022,0.010786343048553831,True,,2,,66,Li16 Sn14 S36,none,False,,,OBELIX/ordered_cifs/opo_ordered_02.cif
opo,OBELIX/cifs/opo.cif,ok,,Li4.8 Sn4.8 S12,Li2.523 Sn2.369 S6,Li2.523 Sn2.369 S6,14,0,0.0,spacegroup,0,0,,6,3x2x1,0.041666666666666685,0.023230769230769235,True,0.00941567715346639,0.02020202020202022,0.010786343048553831,True,,3,,66,Li16 Sn14 S36,none,False,,,OBELIX/ordered_cifs/opo_ordered_03.cif
opo,OBELIX/cifs/opo.cif,ok,,Li4.8 Sn4.8 S12,Li2.523 Sn2.369 S6,Li2.523 Sn2.369 S6,14,0,0.0,spacegroup,0,0,,6,3x2x1,0.041666666666666685,0.023230769230769235,True,0.00941567715346639,0.02020202020202022,0.010786343048553831,True,,4,,66,Li16 Sn14 S36,none,False,,,OBELIX/ordered_cifs/opo_ordered_04.cif
ozo,OBELIX/cifs/ozo.cif,ok,,Na0.3 Li0.2 La0.5 Nb2 O6,Na0.3 Li0.2 La0.5 Nb2 O6,Na0.3 Li0.2 La0.5 Nb2 O6,9,0,0.0,spacegroup,0,0,,4,2x2x1,0.04999999999999999,0.012499999999999997,True,0.0,0.005555555555555557,0.005555555555555557,True,,0,,36,Na1 Li1 La2 Nb8 O24,none,False,,,OBELIX/ordered_cifs/ozo_ordered.cif
ozo,OBELIX/cifs/ozo.cif,ok,,Na0.3 Li0.2 La0.5 Nb2 O6,Na0.3 Li0.2 La0.5 Nb2 O6,Na0.3 Li0.2 La0.5 Nb2 O6,9,0,0.0,spacegroup,0,0,,4,2x2x1,0.04999999999999999,0.012499999999999997,True,0.0,0.005555555555555557,0.005555555555555557,True,,1,,36,Na1 Li1 La2 Nb8 O24,none,False,,,OBELIX/ordered_cifs/ozo_ordered_01.cif
p81,OBELIX/cifs/p81.cif,copied_ordered,,Li4 Al4 Cl16,Li4 Al4 Cl16,Li4 Al4 Cl16,24,0,0.0,,0,0,,,,,,,0.0,0.0,0.0,True,,,,24,Li4 Al4 Cl16,none,False,,,OBELIX/ordered_cifs/p81_ordered.cif
p9u,OBELIX/cifs/p9u.cif,ok,,Li24 P4 S20 I4,Li6.006 P1 S5 I1,Li6.006 P1 S5 I1,25,0,0.0,spacegroup+split_site_clusters,0,6,Li,2,1x2x1,0.031,0.007833333333333336,True,0.00024840606110787533,0.0,0.0,True,,0,,26,Li12 P2 S10 I2,none,False,,,OBELIX/ordered_cifs/p9u_ordered.cif
p9u,OBELIX/cifs/p9u.cif,ok,,Li24 P4 S20 I4,Li6.006 P1 S5 I1,Li6.006 P1 S5 I1,25,0,0.0,spacegroup+split_site_clusters,0,6,Li,2,1x2x1,0.031,0.007833333333333336,True,0.00024840606110787533,0.0,0.0,True,,1,,26,Li12 P2 S10 I2,none,False,,,OBELIX/ordered_cifs/p9u_ordered_01.cif
p9u,OBELIX/cifs/p9u.cif,ok,,Li24 P4 S20 I4,Li6.006 P1 S5 I1,Li6.006 P1 S5 I1,25,0,0.0,spacegroup+split_site_clusters,0,6,Li,2,1x2x1,0.031,0.007833333333333336,True,0.00024840606110787533,0.0,0.0,True,,2,,26,Li12 P2 S10 I2,none,False,,,OBELIX/ordered_cifs/p9u_ordered_02.cif
p9u,OBELIX/cifs/p9u.cif,ok,,Li24 P4 S20 I4,Li6.006 P1 S5 I1,Li6.006 P1 S5 I1,25,0,0.0,spacegroup+split_site_clusters,0,6,Li,2,1x2x1,0.031,0.007833333333333336,True,0.00024840606110787533,0.0,0.0,True,,3,,26,Li12 P2 S10 I2,none,False,,,OBELIX/ordered_cifs/p9u_ordered_03.cif
p9u,OBELIX/cifs/p9u.cif,ok,,Li24 P4 S20 I4,Li6.006 P1 S5 I1,Li6.006 P1 S5 I1,25,0,0.0,spacegroup+split_site_clusters,0,6,Li,2,1x2x1,0.031,0.007833333333333336,True,0.00024840606110787533,0.0,0.0,True,,4,,26,Li12 P2 S10 I2,none,False,,,OBELIX/ordered_cifs/p9u_ordered_04.cif
pa1,OBELIX/cifs/pa1.cif,ok,,Li26.4 Ge2.4 P1.6 S20 I4,Li6.6148 Ge0.6146 P0.3854 S5 I1,Li6.6148 Ge0.6146 P0.3854 S5 I1,41,0,0.0,spacegroup+split_site_clusters,0,6,Li,8,2x2x2,0.047900000000000054,0.01797820512820514,True,0.0011043345563392162,0.0018888289260658407,0.0007844943697266245,True,,0,,109,Li53 Ge5 P3 S40 I8,none,False,,,OBELIX/ordered_cifs/pa1_ordered.cif
pa1,OBELIX/cifs/pa1.cif,ok,,Li26.4 Ge2.4 P1.6 S20 I4,Li6.6148 Ge0.6146 P0.3854 S5 I1,Li6.6148 Ge0.6146 P0.3854 S5 I1,41,0,0.0,spacegroup+split_site_clusters,0,6,Li,8,2x2x2,0.047900000000000054,0.01797820512820514,True,0.0011043345563392162,0.0018888289260658407,0.0007844943697266245,True,,1,,109,Li53 Ge5 P3 S40 I8,none,False,,,OBELIX/ordered_cifs/pa1_ordered_01.cif
pa1,OBELIX/cifs/pa1.cif,ok,,Li26.4 Ge2.4 P1.6 S20 I4,Li6.6148 Ge0.6146 P0.3854 S5 I1,Li6.6148 Ge0.6146 P0.3854 S5 I1,41,0,0.0,spacegroup+split_site_clusters,0,6,Li,8,2x2x2,0.047900000000000054,0.01797820512820514,True,0.0011043345563392162,0.0018888289260658407,0.0007844943697266245,True,,2,,109,Li53 Ge5 P3 S40 I8,none,False,,,OBELIX/ordered_cifs/pa1_ordered_02.cif
pa1,OBELIX/cifs/pa1.cif,ok,,Li26.4 Ge2.4 P1.6 S20 I4,Li6.6148 Ge0.6146 P0.3854 S5 I1,Li6.6148 Ge0.6146 P0.3854 S5 I1,41,0,0.0,spacegroup+split_site_clusters,0,6,Li,8,2x2x2,0.047900000000000054,0.01797820512820514,True,0.0011043345563392162,0.0018888289260658407,0.0007844943697266245,True,,3,,109,Li53 Ge5 P3 S40 I8,none,False,,,OBELIX/ordered_cifs/pa1_ordered_03.cif
pa1,OBELIX/cifs/pa1.cif,ok,,Li26.4 Ge2.4 P1.6 S20 I4,Li6.6148 Ge0.6146 P0.3854 S5 I1,Li6.6148 Ge0.6146 P0.3854 S5 I1,41,0,0.0,spacegroup+split_site_clusters,0,6,Li,8,2x2x2,0.047900000000000054,0.01797820512820514,True,0.0011043345563392162,0.0018888289260658407,0.0007844943697266245,True,,4,,109,Li53 Ge5 P3 S40 I8,none,False,,,OBELIX/ordered_cifs/pa1_ordered_04.cif
pbz,OBELIX/cifs/pbz.cif,ok,,Li15 V1 Ge3 O16,Li15.0 V1 Ge3 O16,Li15.0 V1 Ge3 O16,56,0,0.0,spacegroup+split_site_pairs,4,0,Li,1,1x1x1,0.0050000000000000044,0.0009523809523809532,True,1.1102230246251565e-16,0.0,0.0,True,,0,,35,Li15 V1 Ge3 O16,none,False,,,OBELIX/ordered_cifs/pbz_ordered.cif
pbz,OBELIX/cifs/pbz.cif,ok,,Li15 V1 Ge3 O16,Li15.0 V1 Ge3 O16,Li15.0 V1 Ge3 O16,56,0,0.0,spacegroup+split_site_pairs,4,0,Li,1,1x1x1,0.0050000000000000044,0.0009523809523809532,True,1.1102230246251565e-16,0.0,0.0,True,,1,,35,Li15 V1 Ge3 O16,none,False,,,OBELIX/ordered_cifs/pbz_ordered_01.cif
pbz,OBELIX/cifs/pbz.cif,ok,,Li15 V1 Ge3 O16,Li15.0 V1 Ge3 O16,Li15.0 V1 Ge3 O16,56,0,0.0,spacegroup+split_site_pairs,4,0,Li,1,1x1x1,0.0050000000000000044,0.0009523809523809532,True,1.1102230246251565e-16,0.0,0.0,True,,2,,35,Li15 V1 Ge3 O16,none,False,,,OBELIX/ordered_cifs/pbz_ordered_02.cif
pbz,OBELIX/cifs/pbz.cif,ok,,Li15 V1 Ge3 O16,Li15.0 V1 Ge3 O16,Li15.0 V1 Ge3 O16,56,0,0.0,spacegroup+split_site_pairs,4,0,Li,1,1x1x1,0.0050000000000000044,0.0009523809523809532,True,1.1102230246251565e-16,0.0,0.0,True,,3,,35,Li15 V1 Ge3 O16,none,False,,,OBELIX/ordered_cifs/pbz_ordered_03.cif
pbz,OBELIX/cifs/pbz.cif,ok,,Li15 V1 Ge3 O16,Li15.0 V1 Ge3 O16,Li15.0 V1 Ge3 O16,56,0,0.0,spacegroup+split_site_pairs,4,0,Li,1,1x1x1,0.0050000000000000044,0.0009523809523809532,True,1.1102230246251565e-16,0.0,0.0,True,,4,,35,Li15 V1 Ge3 O16,none,False,,,OBELIX/ordered_cifs/pbz_ordered_04.cif
pe2,OBELIX/cifs/pe2.cif,ok,,Li17 Sb13 S28,Li8.5 Sb6.5 S14,Li8.5 Sb6.5 S14,33,0,0.0,spacegroup+split_site_pairs,4,0,Sb,2,1x2x1,0.0,0.0,True,0.0,0.0,0.0,True,,0,,58,Li17 Sb13 S28,none,False,,,OBELIX/ordered_cifs/pe2_ordered.cif
pg8,OBELIX/cifs/pg8.cif,ok,,Li9 Ti9 Fe3 P18 O72,Li3.0 Ti3 Fe1 P6 O24,Li3.0 Ti3 Fe1 P6 O24,60,0,0.0,spacegroup,0,0,,3,1x1x3,0.013444444444444453,0.006303030303030288,True,2.7755575615628914e-17,0.0,0.0,True,,0,,111,Li9 Ti9 Fe3 P18 O72,none,False,,,OBELIX/ordered_cifs/pg8_ordered.cif
pg8,OBELIX/cifs/pg8.cif,ok,,Li9 Ti9 Fe3 P18 O72,Li3.0 Ti3 Fe1 P6 O24,Li3.0 Ti3 Fe1 P6 O24,60,0,0.0,spacegroup,0,0,,3,1x1x3,0.013444444444444453,0.006303030303030288,True,2.7755575615628914e-17,0.0,0.0,True,,1,,111,Li9 Ti9 Fe3 P18 O72,none,False,,,OBELIX/ordered_cifs/pg8_ordered_01.cif
pg8,OBELIX/cifs/pg8.cif,ok,,Li9 Ti9 Fe3 P18 O72,Li3.0 Ti3 Fe1 P6 O24,Li3.0 Ti3 Fe1 P6 O24,60,0,0.0,spacegroup,0,0,,3,1x1x3,0.013444444444444453,0.006303030303030288,True,2.7755575615628914e-17,0.0,0.0,True,,2,,111,Li9 Ti9 Fe3 P18 O72,none,False,,,OBELIX/ordered_cifs/pg8_ordered_02.cif
pg8,OBELIX/cifs/pg8.cif,ok,,Li9 Ti9 Fe3 P18 O72,Li3.0 Ti3 Fe1 P6 O24,Li3.0 Ti3 Fe1 P6 O24,60,0,0.0,spacegroup,0,0,,3,1x1x3,0.013444444444444453,0.006303030303030288,True,2.7755575615628914e-17,0.0,0.0,True,,3,,111,Li9 Ti9 Fe3 P18 O72,none,False,,,OBELIX/ordered_cifs/pg8_ordered_03.cif
pg8,OBELIX/cifs/pg8.cif,ok,,Li9 Ti9 Fe3 P18 O72,Li3.0 Ti3 Fe1 P6 O24,Li3.0 Ti3 Fe1 P6 O24,60,0,0.0,spacegroup,0,0,,3,1x1x3,0.013444444444444453,0.006303030303030288,True,2.7755575615628914e-17,0.0,0.0,True,,4,,111,Li9 Ti9 Fe3 P18 O72,none,False,,,OBELIX/ordered_cifs/pg8_ordered_04.cif
pql,OBELIX/cifs/pql.cif,ok,,Li64 Si8 P32,Li64.00008 Si8 P32,Li64.00008 Si8 P32,124,0,0.0,spacegroup,0,0,,1,1x1x1,3.3333333333551707e-06,7.407407407455935e-07,True,2.9585776051277435e-07,0.0,0.0,True,,0,,104,Li64 Si8 P32,none,False,,,OBELIX/ordered_cifs/pql_ordered.cif
pql,OBELIX/cifs/pql.cif,ok,,Li64 Si8 P32,Li64.00008 Si8 P32,Li64.00008 Si8 P32,124,0,0.0,spacegroup,0,0,,1,1x1x1,3.3333333333551707e-06,7.407407407455935e-07,True,2.9585776051277435e-07,0.0,0.0,True,,1,,104,Li64 Si8 P32,none,False,,,OBELIX/ordered_cifs/pql_ordered_01.cif
pql,OBELIX/cifs/pql.cif,ok,,Li64 Si8 P32,Li64.00008 Si8 P32,Li64.00008 Si8 P32,124,0,0.0,spacegroup,0,0,,1,1x1x1,3.3333333333551707e-06,7.407407407455935e-07,True,2.9585776051277435e-07,0.0,0.0,True,,2,,104,Li64 Si8 P32,none,False,,,OBELIX/ordered_cifs/pql_ordered_02.cif
pql,OBELIX/cifs/pql.cif,ok,,Li64 Si8 P32,Li64.00008 Si8 P32,Li64.00008 Si8 P32,124,0,0.0,spacegroup,0,0,,1,1x1x1,3.3333333333551707e-06,7.407407407455935e-07,True,2.9585776051277435e-07,0.0,0.0,True,,3,,104,Li64 Si8 P32,none,False,,,OBELIX/ordered_cifs/pql_ordered_03.cif
pql,OBELIX/cifs/pql.cif,ok,,Li64 Si8 P32,Li64.00008 Si8 P32,Li64.00008 Si8 P32,124,0,0.0,spacegroup,0,0,,1,1x1x1,3.3333333333551707e-06,7.407407407455935e-07,True,2.9585776051277435e-07,0.0,0.0,True,,4,,104,Li64 Si8 P32,none,False,,,OBELIX/ordered_cifs/pql_ordered_04.cif
pwr,OBELIX/cifs/pwr.cif,ok,,Li7.22 Si1.5 P0.5 O8,Li7.222 Si1.5 P0.5 O8,Li7.222 Si1.5 P0.5 O8,28,0,0.0,spacegroup+split_site_pairs,6,0,Li,4,2x2x1,0.01100000000000001,0.0055714285714286,True,6.743933258795964e-05,0.0010099479876786166,0.000942508655090657,True,,0,,69,Li29 Si6 P2 O32,none,False,,,OBELIX/ordered_cifs/pwr_ordered.cif
pwr,OBELIX/cifs/pwr.cif,ok,,Li7.22 Si1.5 P0.5 O8,Li7.222 Si1.5 P0.5 O8,Li7.222 Si1.5 P0.5 O8,28,0,0.0,spacegroup+split_site_pairs,6,0,Li,4,2x2x1,0.01100000000000001,0.0055714285714286,True,6.743933258795964e-05,0.0010099479876786166,0.000942508655090657,True,,1,,69,Li29 Si6 P2 O32,none,False,,,OBELIX/ordered_cifs/pwr_ordered_01.cif
pwr,OBELIX/cifs/pwr.cif,ok,,Li7.22 Si1.5 P0.5 O8,Li7.222 Si1.5 P0.5 O8,Li7.222 Si1.5 P0.5 O8,28,0,0.0,spacegroup+split_site_pairs,6,0,Li,4,2x2x1,0.01100000000000001,0.0055714285714286,True,6.743933258795964e-05,0.0010099479876786166,0.000942508655090657,True,,2,,69,Li29 Si6 P2 O32,none,False,,,OBELIX/ordered_cifs/pwr_ordered_02.cif
pwr,OBELIX/cifs/pwr.cif,ok,,Li7.22 Si1.5 P0.5 O8,Li7.222 Si1.5 P0.5 O8,Li7.222 Si1.5 P0.5 O8,28,0,0.0,spacegroup+split_site_pairs,6,0,Li,4,2x2x1,0.01100000000000001,0.0055714285714286,True,6.743933258795964e-05,0.0010099479876786166,0.000942508655090657,True,,3,,69,Li29 Si6 P2 O32,none,False,,,OBELIX/ordered_cifs/pwr_ordered_03.cif
pwr,OBELIX/cifs/pwr.cif,ok,,Li7.22 Si1.5 P0.5 O8,Li7.222 Si1.5 P0.5 O8,Li7.222 Si1.5 P0.5 O8,28,0,0.0,spacegroup+split_site_pairs,6,0,Li,4,2x2x1,0.01100000000000001,0.0055714285714286,True,6.743933258795964e-05,0.0010099479876786166,0.000942508655090657,True,,4,,69,Li29 Si6 P2 O32,none,False,,,OBELIX/ordered_cifs/pwr_ordered_04.cif
qa9,OBELIX/cifs/qa9.cif,copied_ordered,,Li6 B2 N4,Li6 B2 N4,Li6 B2 N4,12,0,0.0,,0,0,,,,,,,0.0,0.0,0.0,True,,,,12,Li6 B2 N4,none,False,,,OBELIX/ordered_cifs/qa9_ordered.cif
qbb,OBELIX/cifs/qbb.cif,copied_ordered,,Li3 Br1 O1,Li3 Br1 O1,Li3 Br1 O1,5,0,0.0,,0,0,,,,,,,0.0,0.0,0.0,True,,,,5,Li3 Br1 O1,none,False,,,OBELIX/ordered_cifs/qbb_ordered.cif
qer,OBELIX/cifs/qer.cif,ok,,Li16 Sn2 Ge2 Se16,Li16 Sn2.044 Ge1.956 Se16,Li16 Sn2.044 Ge1.956 Se16,48,0,0.0,spacegroup+split_site_pairs,12,0,Li,1,1x1x1,0.01100000000000001,0.000733333333333334,True,0.0012222222222222287,0.0,0.0,True,,0,,36,Li16 Sn2 Ge2 Se16,none,False,,,OBELIX/ordered_cifs/qer_ordered.cif
qer,OBELIX/cifs/qer.cif,ok,,Li16 Sn2 Ge2 Se16,Li16 Sn2.044 Ge1.956 Se16,Li16 Sn2.044 Ge1.956 Se16,48,0,0.0,spacegroup+split_site_pairs,12,0,Li,1,1x1x1,0.01100000000000001,0.000733333333333334,True,0.0012222222222222287,0.0,0.0,True,,1,,36,Li16 Sn2 Ge2 Se16,none,False,,,OBELIX/ordered_cifs/qer_ordered_01.cif
qer,OBELIX/cifs/qer.cif,ok,,Li16 Sn2 Ge2 Se16,Li16 Sn2.044 Ge1.956 Se16,Li16 Sn2.044 Ge1.956 Se16,48,0,0.0,spacegroup+split_site_pairs,12,0,Li,1,1x1x1,0.01100000000000001,0.000733333333333334,True,0.0012222222222222287,0.0,0.0,True,,2,,36,Li16 Sn2 Ge2 Se16,none,False,,,OBELIX/ordered_cifs/qer_ordered_02.cif
qer,OBELIX/cifs/qer.cif,ok,,Li16 Sn2 Ge2 Se16,Li16 Sn2.044 Ge1.956 Se16,Li16 Sn2.044 Ge1.956 Se16,48,0,0.0,spacegroup+split_site_pairs,12,0,Li,1,1x1x1,0.01100000000000001,0.000733333333333334,True,0.0012222222222222287,0.0,0.0,True,,3,,36,Li16 Sn2 Ge2 Se16,none,False,,,OBELIX/ordered_cifs/qer_ordered_03.cif
qer,OBELIX/cifs/qer.cif,ok,,Li16 Sn2 Ge2 Se16,Li16 Sn2.044 Ge1.956 Se16,Li16 Sn2.044 Ge1.956 Se16,48,0,0.0,spacegroup+split_site_pairs,12,0,Li,1,1x1x1,0.01100000000000001,0.000733333333333334,True,0.0012222222222222287,0.0,0.0,True,,4,,36,Li16 Sn2 Ge2 Se16,none,False,,,OBELIX/ordered_cifs/qer_ordered_04.cif
qno,OBELIX/cifs/qno.cif,ok,,Li6 Ti12 P18 O72,Li2 Ti4 P6 O24,Li2 Ti4 P6 O24,48,0,0.0,spacegroup,0,0,,3,3x1x1,0.016666666666666635,0.004861111111111098,True,0.0,0.0,0.0,True,,0,,108,Li6 Ti12 P18 O72,none,False,,,OBELIX/ordered_cifs/qno_ordered.cif
qno,OBELIX/cifs/qno.cif,ok,,Li6 Ti12 P18 O72,Li2 Ti4 P6 O24,Li2 Ti4 P6 O24,48,0,0.0,spacegroup,0,0,,3,3x1x1,0.016666666666666635,0.004861111111111098,True,0.0,0.0,0.0,True,,1,,108,Li6 Ti12 P18 O72,none,False,,,OBELIX/ordered_cifs/qno_ordered_01.cif
qno,OBELIX/cifs/qno.cif,ok,,Li6 Ti12 P18 O72,Li2 Ti4 P6 O24,Li2 Ti4 P6 O24,48,0,0.0,spacegroup,0,0,,3,3x1x1,0.016666666666666635,0.004861111111111098,True,0.0,0.0,0.0,True,,2,,108,Li6 Ti12 P18 O72,none,False,,,OBELIX/ordered_cifs/qno_ordered_02.cif
qy4,OBELIX/cifs/qy4.cif,copied_ordered,,Na20 Li12 Ti8 S32,Na10 Li6 Ti4 S16,Na10 Li6 Ti4 S16,36,0,0.0,,0,0,,,,,,,0.0,0.0,0.0,True,,,,36,Na10 Li6 Ti4 S16,none,False,,,OBELIX/ordered_cifs/qy4_ordered.cif
r99,OBELIX/cifs/r99.cif,ok,,Li0.56 La2.48 Mg2 W2 O12,Li0.56 La2.48 Mg2 W2 O12,Li0.56 La2.48 Mg2 W2 O12,20,0,0.0,spacegroup,0,0,,5,5x1x1,0.032000000000000056,0.010399999999999996,True,0.0,0.003936311366651929,0.003936311366651929,True,,0,,95,Li3 La12 Mg10 W10 O60,none,False,,,OBELIX/ordered_cifs/r99_ordered.cif
r99,OBELIX/cifs/r99.cif,ok,,Li0.56 La2.48 Mg2 W2 O12,Li0.56 La2.48 Mg2 W2 O12,Li0.56 La2.48 Mg2 W2 O12,20,0,0.0,spacegroup,0,0,,5,5x1x1,0.032000000000000056,0.010399999999999996,True,0.0,0.003936311366651929,0.003936311366651929,True,,1,,95,Li3 La12 Mg10 W10 O60,none,False,,,OBELIX/ordered_cifs/r99_ordered_01.cif
r99,OBELIX/cifs/r99.cif,ok,,Li0.56 La2.48 Mg2 W2 O12,Li0.56 La2.48 Mg2 W2 O12,Li0.56 La2.48 Mg2 W2 O12,20,0,0.0,spacegroup,0,0,,5,5x1x1,0.032000000000000056,0.010399999999999996,True,0.0,0.003936311366651929,0.003936311366651929,True,,2,,95,Li3 La12 Mg10 W10 O60,none,False,,,OBELIX/ordered_cifs/r99_ordered_02.cif
r99,OBELIX/cifs/r99.cif,ok,,Li0.56 La2.48 Mg2 W2 O12,Li0.56 La2.48 Mg2 W2 O12,Li0.56 La2.48 Mg2 W2 O12,20,0,0.0,spacegroup,0,0,,5,5x1x1,0.032000000000000056,0.010399999999999996,True,0.0,0.003936311366651929,0.003936311366651929,True,,3,,95,Li3 La12 Mg10 W10 O60,none,False,,,OBELIX/ordered_cifs/r99_ordered_03.cif
r99,OBELIX/cifs/r99.cif,ok,,Li0.56 La2.48 Mg2 W2 O12,Li0.56 La2.48 Mg2 W2 O12,Li0.56 La2.48 Mg2 W2 O12,20,0,0.0,spacegroup,0,0,,5,5x1x1,0.032000000000000056,0.010399999999999996,True,0.0,0.003936311366651929,0.003936311366651929,True,,4,,95,Li3 La12 Mg10 W10 O60,none,False,,,OBELIX/ordered_cifs/r99_ordered_04.cif
ro9,OBELIX/cifs/ro9.cif,copied_ordered,,Li6 B2 P4 O16,Li6 B2 P4 O16,Li6 B2 P4 O16,28,0,0.0,,0,0,,,,,,,0.0,0.0,0.0,True,,,,28,Li6 B2 P4 O16,none,False,,,OBELIX/ordered_cifs/ro9_ordered.cif
rr5,OBELIX/cifs/rr5.cif,copied_ordered,,Li6 Ti12 P18 O72,Li2 Ti4 P6 O24,Li2 Ti4 P6 O24,36,0,0.0,,0,0,,,,,,,0.0,0.0,0.0,True,,,,36,Li2 Ti4 P6 O24,none,False,,,OBELIX/ordered_cifs/rr5_ordered.cif
rty,OBELIX/cifs/rty.cif,ok,,Li20 Sn1.32 Ge0.66 P4 S24,Li19.944 Sn1.31648 Ge0.68352 P4 S24,Li19.944 Sn1.31648 Ge0.68352 P4 S24,70,0,0.0,spacegroup,0,0,,2,1x2x1,0.045880000000000004,0.01259,True,0.0008328175095123069,0.0035894357743097224,0.0035379937655023626,True,,0,,100,Li40 Sn3 Ge1 P8 S48,none,False,,,OBELIX/ordered_cifs/rty_ordered.cif
rty,OBELIX/cifs/rty.cif,ok,,Li20 Sn1.32 Ge0.66 P4 S24,Li19.944 Sn1.31648 Ge0.68352 P4 S24,Li19.944 Sn1.31648 Ge0.68352 P4 S24,70,0,0.0,spacegroup,0,0,,2,1x2x1,0.045880000000000004,0.01259,True,0.0008328175095123069,0.0035894357743097224,0.0035379937655023626,True,,1,,100,Li40 Sn3 Ge1 P8 S48,none,False,,,OBELIX/ordered_cifs/rty_ordered_01.cif
rty,OBELIX/cifs/rty.cif,ok,,Li20 Sn1.32 Ge0.66 P4 S24,Li19.944 Sn1.31648 Ge0.68352 P4 S24,Li19.944 Sn1.31648 Ge0.68352 P4 S24,70,0,0.0,spacegroup,0,0,,2,1x2x1,0.045880000000000004,0.01259,True,0.0008328175095123069,0.0035894357743097224,0.0035379937655023626,True,,2,,100,Li40 Sn3 Ge1 P8 S48,none,False,,,OBELIX/ordered_cifs/rty_ordered_02.cif
rty,OBELIX/cifs/rty.cif,ok,,Li20 Sn1.32 Ge0.66 P4 S24,Li19.944 Sn1.31648 Ge0.68352 P4 S24,Li19.944 Sn1.31648 Ge0.68352 P4 S24,70,0,0.0,spacegroup,0,0,,2,1x2x1,0.045880000000000004,0.01259,True,0.0008328175095123069,0.0035894357743097224,0.0035379937655023626,True,,3,,100,Li40 Sn3 Ge1 P8 S48,none,False,,,OBELIX/ordered_cifs/rty_ordered_03.cif
rty,OBELIX/cifs/rty.cif,ok,,Li20 Sn1.32 Ge0.66 P4 S24,Li19.944 Sn1.31648 Ge0.68352 P4 S24,Li19.944 Sn1.31648 Ge0.68352 P4 S24,70,0,0.0,spacegroup,0,0,,2,1x2x1,0.045880000000000004,0.01259,True,0.0008328175095123069,0.0035894357743097224,0.0035379937655023626,True,,4,,100,Li40 Sn3 Ge1 P8 S48,none,False,,,OBELIX/ordered_cifs/rty_ordered_04.cif
rwr,OBELIX/cifs/rwr.cif,copied_ordered,,Li64 Ge8 P32,Li64 Ge8 P32,Li64 Ge8 P32,104,0,0.0,,0,0,,,,,,,0.0,0.0,0.0,True,,,,104,Li64 Ge8 P32,none,False,,,OBELIX/ordered_cifs/rwr_ordered.cif
s2v,OBELIX/cifs/s2v.cif,ok,,Li44.56 La23.6 Zr16 Fe1.52 O96,Li22.284 La11.808 Zr8 Fe0.756 O48,Li22.284 La11.808 Zr8 Fe0.756 O48,104,0,0.0,spacegroup,0,0,,3,1x1x3,0.01922222222222225,0.005538461538461544,True,7.66204012830618e-05,0.001222252441267141,0.0011456320399840791,True,,0,,272,Li67 La35 Zr24 Fe2 O144,none,False,,,OBELIX/ordered_cifs/s2v_ordered.cif
s2v,OBELIX/cifs/s2v.cif,ok,,Li44.56 La23.6 Zr16 Fe1.52 O96,Li22.284 La11.808 Zr8 Fe0.756 O48,Li22.284 La11.808 Zr8 Fe0.756 O48,104,0,0.0,spacegroup,0,0,,3,1x1x3,0.01922222222222225,0.005538461538461544,True,7.66204012830618e-05,0.001222252441267141,0.0011456320399840791,True,,1,,272,Li67 La35 Zr24 Fe2 O144,none,False,,,OBELIX/ordered_cifs/s2v_ordered_01.cif
s2v,OBELIX/cifs/s2v.cif,ok,,Li44.56 La23.6 Zr16 Fe1.52 O96,Li22.284 La11.808 Zr8 Fe0.756 O48,Li22.284 La11.808 Zr8 Fe0.756 O48,104,0,0.0,spacegroup,0,0,,3,1x1x3,0.01922222222222225,0.005538461538461544,True,7.66204012830618e-05,0.001222252441267141,0.0011456320399840791,True,,2,,272,Li67 La35 Zr24 Fe2 O144,none,False,,,OBELIX/ordered_cifs/s2v_ordered_02.cif
s2v,OBELIX/cifs/s2v.cif,ok,,Li44.56 La23.6 Zr16 Fe1.52 O96,Li22.284 La11.808 Zr8 Fe0.756 O48,Li22.284 La11.808 Zr8 Fe0.756 O48,104,0,0.0,spacegroup,0,0,,3,1x1x3,0.01922222222222225,0.005538461538461544,True,7.66204012830618e-05,0.001222252441267141,0.0011456320399840791,True,,3,,272,Li67 La35 Zr24 Fe2 O144,none,False,,,OBELIX/ordered_cifs/s2v_ordered_03.cif
s2v,OBELIX/cifs/s2v.cif,ok,,Li44.56 La23.6 Zr16 Fe1.52 O96,Li22.284 La11.808 Zr8 Fe0.756 O48,Li22.284 La11.808 Zr8 Fe0.756 O48,104,0,0.0,spacegroup,0,0,,3,1x1x3,0.01922222222222225,0.005538461538461544,True,7.66204012830618e-05,0.001222252441267141,0.0011456320399840791,True,,4,,272,Li67 La35 Zr24 Fe2 O144,none,False,,,OBELIX/ordered_cifs/s2v_ordered_04.cif
s3h,OBELIX/cifs/s3h.cif,approximation_warning,Reference elements absent from source CIF: Li,Li1 La1 Ti2 O6,La1 Ti2 O6,La1 Ti2 O6,10,0,0.0,spacegroup,0,0,,2,1x2x1,0.030000000000000027,0.015000000000000013,True,0.1,0.1,0.0,True,Li,0,,18,La2 Ti4 O12,none,False,,,OBELIX/ordered_cifs/s3h_ordered.cif
s3h,OBELIX/cifs/s3h.cif,approximation_warning,Reference elements absent from source CIF: Li,Li1 La1 Ti2 O6,La1 Ti2 O6,La1 Ti2 O6,10,0,0.0,spacegroup,0,0,,2,1x2x1,0.030000000000000027,0.015000000000000013,True,0.1,0.1,0.0,True,Li,1,,18,La2 Ti4 O12,none,False,,,OBELIX/ordered_cifs/s3h_ordered_01.cif
sg0,OBELIX/cifs/sg0.cif,copied_ordered,,Li4 Sc4 O8,Li2 Sc2 O4,Li2 Sc2 O4,8,0,0.0,,0,0,,,,,,,0.0,0.0,0.0,True,,,,8,Li2 Sc2 O4,none,False,,,OBELIX/ordered_cifs/sg0_ordered.cif
sib,OBELIX/cifs/sib.cif,ok,,Li0.44 La2.52 Mg2 W2 O12,Li0.44 La2.52 Mg2 W2 O12,Li0.44 La2.52 Mg2 W2 O12,20,0,0.0,spacegroup,0,0,,5,5x1x1,0.04599999999999996,0.015999999999999993,True,2.7755575615628914e-17,0.005386479935362343,0.005386479935362343,True,,0,,94,Li2 La12 Mg10 W10 O60,none,False,,,OBELIX/ordered_cifs/sib_ordered.cif
sib,OBELIX/cifs/sib.cif,ok,,Li0.44 La2.52 Mg2 W2 O12,Li0.44 La2.52 Mg2 W2 O12,Li0.44 La2.52 Mg2 W2 O12,20,0,0.0,spacegroup,0,0,,5,5x1x1,0.04599999999999996,0.015999999999999993,True,2.7755575615628914e-17,0.005386479935362343,0.005386479935362343,True,,1,,94,Li2 La12 Mg10 W10 O60,none,False,,,OBELIX/ordered_cifs/sib_ordered_01.cif
sib,OBELIX/cifs/sib.cif,ok,,Li0.44 La2.52 Mg2 W2 O12,Li0.44 La2.52 Mg2 W2 O12,Li0.44 La2.52 Mg2 W2 O12,20,0,0.0,spacegroup,0,0,,5,5x1x1,0.04599999999999996,0.015999999999999993,True,2.7755575615628914e-17,0.005386479935362343,0.005386479935362343,True,,2,,94,Li2 La12 Mg10 W10 O60,none,False,,,OBELIX/ordered_cifs/sib_ordered_02.cif
sib,OBELIX/cifs/sib.cif,ok,,Li0.44 La2.52 Mg2 W2 O12,Li0.44 La2.52 Mg2 W2 O12,Li0.44 La2.52 Mg2 W2 O12,20,0,0.0,spacegroup,0,0,,5,5x1x1,0.04599999999999996,0.015999999999999993,True,2.7755575615628914e-17,0.005386479935362343,0.005386479935362343,True,,3,,94,Li2 La12 Mg10 W10 O60,none,False,,,OBELIX/ordered_cifs/sib_ordered_03.cif
sib,OBELIX/cifs/sib.cif,ok,,Li0.44 La2.52 Mg2 W2 O12,Li0.44 La2.52 Mg2 W2 O12,Li0.44 La2.52 Mg2 W2 O12,20,0,0.0,spacegroup,0,0,,5,5x1x1,0.04599999999999996,0.015999999999999993,True,2.7755575615628914e-17,0.005386479935362343,0.005386479935362343,True,,4,,94,Li2 La12 Mg10 W10 O60,none,False,,,OBELIX/ordered_cifs/sib_ordered_04.cif
skm,OBELIX/cifs/skm.cif,copied_ordered,,Li10 Bi2 O10,Li5 Bi1 O5,Li5 Bi1 O5,11,0,0.0,,0,0,,,,,,,0.0,0.0,0.0,True,,,,11,Li5 Bi1 O5,none,False,,,OBELIX/ordered_cifs/skm_ordered.cif
sqm,OBELIX/cifs/sqm.cif,ok,,Ba4 Sr4 Li48 La16 Ta16 O96,Ba1.998 Sr2.0004 Li24 La8.0004 Ta8 O48,Ba1.998 Sr2.0004 Li24 La8.0004 Ta8 O48,104,0,0.0,spacegroup,0,0,,1,1x1x1,0.040000000000000036,0.01203333333333334,True,2.1455856418540337e-05,0.0,0.0,True,,0,,92,Ba2 Sr2 Li24 La8 Ta8 O48,none,False,,,OBELIX/ordered_cifs/sqm_ordered.cif
sqm,OBELIX/cifs/sqm.cif,ok,,Ba4 Sr4 Li48 La16 Ta16 O96,Ba1.998 Sr2.0004 Li24 La8.0004 Ta8 O48,Ba1.998 Sr2.0004 Li24 La8.0004 Ta8 O48,104,0,0.0,spacegroup,0,0,,1,1x1x1,0.040000000000000036,0.01203333333333334,True,2.1455856418540337e-05,0.0,0.0,True,,1,,92,Ba2 Sr2 Li24 La8 Ta8 O48,none,False,,,OBELIX/ordered_cifs/sqm_ordered_01.cif
sqm,OBELIX/cifs/sqm.cif,ok,,Ba4 Sr4 Li48 La16 Ta16 O96,Ba1.998 Sr2.0004 Li24 La8.0004 Ta8 O48,Ba1.998 Sr2.0004 Li24 La8.0004 Ta8 O48,104,0,0.0,spacegroup,0,0,,1,1x1x1,0.040000000000000036,0.01203333333333334,True,2.1455856418540337e-05,0.0,0.0,True,,2,,92,Ba2 Sr2 Li24 La8 Ta8 O48,none,False,,,OBELIX/ordered_cifs/sqm_ordered_02.cif
sqm,OBELIX/cifs/sqm.cif,ok,,Ba4 Sr4 Li48 La16 Ta16 O96,Ba1.998 Sr2.0004 Li24 La8.0004 Ta8 O48,Ba1.998 Sr2.0004 Li24 La8.0004 Ta8 O48,104,0,0.0,spacegroup,0,0,,1,1x1x1,0.040000000000000036,0.01203333333333334,True,2.1455856418540337e-05,0.0,0.0,True,,3,,92,Ba2 Sr2 Li24 La8 Ta8 O48,none,False,,,OBELIX/ordered_cifs/sqm_ordered_03.cif
sqm,OBELIX/cifs/sqm.cif,ok,,Ba4 Sr4 Li48 La16 Ta16 O96,Ba1.998 Sr2.0004 Li24 La8.0004 Ta8 O48,Ba1.998 Sr2.0004 Li24 La8.0004 Ta8 O48,104,0,0.0,spacegroup,0,0,,1,1x1x1,0.040000000000000036,0.01203333333333334,True,2.1455856418540337e-05,0.0,0.0,True,,4,,92,Ba2 Sr2 Li24 La8 Ta8 O48,none,False,,,OBELIX/ordered_cifs/sqm_ordered_04.cif
t0h,OBELIX/cifs/t0h.cif,copied_ordered,,Li8 Zr4 O12,Li4 Zr2 O6,Li4 Zr2 O6,12,0,0.0,,0,0,,,,,,,0.0,0.0,0.0,True,,,,12,Li4 Zr2 O6,none,False,,,OBELIX/ordered_cifs/t0h_ordered.cif
t2c,OBELIX/cifs/t2c.cif,ok,,Li24 P4 Se3.6 S16.4 Br4,Li6.006 P1 Se0.9 S4.1 Br1,Li6.006 P1 Se0.9 S4.1 Br1,25,0,0.0,spacegroup+split_site_clusters,0,6,Li,2,1x2x1,0.035666666666666666,0.0156875,True,0.0002484060611078198,0.007692307692307693,0.007660369770165251,True,,0,,26,Li12 P2 Se2 S8 Br2,none,False,,,OBELIX/ordered_cifs/t2c_ordered.cif
t2c,OBELIX/cifs/t2c.cif,ok,,Li24 P4 Se3.6 S16.4 Br4,Li6.006 P1 Se0.9 S4.1 Br1,Li6.006 P1 Se0.9 S4.1 Br1,25,0,0.0,spacegroup+split_site_clusters,0,6,Li,2,1x2x1,0.035666666666666666,0.0156875,True,0.0002484060611078198,0.007692307692307693,0.007660369770165251,True,,1,,26,Li12 P2 Se2 S8 Br2,none,False,,,OBELIX/ordered_cifs/t2c_ordered_01.cif
t2c,OBELIX/cifs/t2c.cif,ok,,Li24 P4 Se3.6 S16.4 Br4,Li6.006 P1 Se0.9 S4.1 Br1,Li6.006 P1 Se0.9 S4.1 Br1,25,0,0.0,spacegroup+split_site_clusters,0,6,Li,2,1x2x1,0.035666666666666666,0.0156875,True,0.0002484060611078198,0.007692307692307693,0.007660369770165251,True,,2,,26,Li12 P2 Se2 S8 Br2,none,False,,,OBELIX/ordered_cifs/t2c_ordered_02.cif
t2c,OBELIX/cifs/t2c.cif,ok,,Li24 P4 Se3.6 S16.4 Br4,Li6.006 P1 Se0.9 S4.1 Br1,Li6.006 P1 Se0.9 S4.1 Br1,25,0,0.0,spacegroup+split_site_clusters,0,6,Li,2,1x2x1,0.035666666666666666,0.0156875,True,0.0002484060611078198,0.007692307692307693,0.007660369770165251,True,,3,,26,Li12 P2 Se2 S8 Br2,none,False,,,OBELIX/ordered_cifs/t2c_ordered_03.cif
t2c,OBELIX/cifs/t2c.cif,ok,,Li24 P4 Se3.6 S16.4 Br4,Li6.006 P1 Se0.9 S4.1 Br1,Li6.006 P1 Se0.9 S4.1 Br1,25,0,0.0,spacegroup+split_site_clusters,0,6,Li,2,1x2x1,0.035666666666666666,0.0156875,True,0.0002484060611078198,0.007692307692307693,0.007660369770165251,True,,4,,26,Li12 P2 Se2 S8 Br2,none,False,,,OBELIX/ordered_cifs/t2c_ordered_04.cif
t3k,OBELIX/cifs/t3k.cif,ok,,Li15.2 Mn7.2 Ga0.8 Cl32,Li3.8 Mn1.8 Ga0.2 Cl8,Li3.8 Mn1.8 Ga0.2 Cl8,14,0,0.0,spacegroup,0,0,,4,1x2x2,0.025000000000000022,0.01250000000000001,True,0.0,0.003689064558629775,0.003689064558629775,True,,0,,55,Li15 Mn7 Ga1 Cl32,none,False,,,OBELIX/ordered_cifs/t3k_ordered.cif
t3k,OBELIX/cifs/t3k.cif,ok,,Li15.2 Mn7.2 Ga0.8 Cl32,Li3.8 Mn1.8 Ga0.2 Cl8,Li3.8 Mn1.8 Ga0.2 Cl8,14,0,0.0,spacegroup,0,0,,4,1x2x2,0.025000000000000022,0.01250000000000001,True,0.0,0.003689064558629775,0.003689064558629775,True,,1,,55,Li15 Mn7 Ga1 Cl32,none,False,,,OBELIX/ordered_cifs/t3k_ordered_01.cif
t3k,OBELIX/cifs/t3k.cif,ok,,Li15.2 Mn7.2 Ga0.8 Cl32,Li3.8 Mn1.8 Ga0.2 Cl8,Li3.8 Mn1.8 Ga0.2 Cl8,14,0,0.0,spacegroup,0,0,,4,1x2x2,0.025000000000000022,0.01250000000000001,True,0.0,0.003689064558629775,0.003689064558629775,True,,2,,55,Li15 Mn7 Ga1 Cl32,none,False,,,OBELIX/ordered_cifs/t3k_ordered_02.cif
t3k,OBELIX/cifs/t3k.cif,ok,,Li15.2 Mn7.2 Ga0.8 Cl32,Li3.8 Mn1.8 Ga0.2 Cl8,Li3.8 Mn1.8 Ga0.2 Cl8,14,0,0.0,spacegroup,0,0,,4,1x2x2,0.025000000000000022,0.01250000000000001,True,0.0,0.003689064558629775,0.003689064558629775,True,,3,,55,Li15 Mn7 Ga1 Cl32,none,False,,,OBELIX/ordered_cifs/t3k_ordered_03.cif
t3k,OBELIX/cifs/t3k.cif,ok,,Li15.2 Mn7.2 Ga0.8 Cl32,Li3.8 Mn1.8 Ga0.2 Cl8,Li3.8 Mn1.8 Ga0.2 Cl8,14,0,0.0,spacegroup,0,0,,4,1x2x2,0.025000000000000022,0.01250000000000001,True,0.0,0.003689064558629775,0.003689064558629775,True,,4,,55,Li15 Mn7 Ga1 Cl32,none,False,,,OBELIX/ordered_cifs/t3k_ordered_04.cif
tbj,OBELIX/cifs/tbj.cif,ok,,Li40 La24 Sb16 O96,Li19.944 La12 Sb8 O48,Li19.944 La12 Sb8 O48,128,0,0.0,spacegroup,0,0,,1,1x1x1,0.020000000000000018,0.006809523809523821,True,0.000492048659063965,0.0,0.0,True,,0,,88,Li20 La12 Sb8 O48,none,False,,,OBELIX/ordered_cifs/tbj_ordered.cif
tbj,OBELIX/cifs/tbj.cif,ok,,Li40 La24 Sb16 O96,Li19.944 La12 Sb8 O48,Li19.944 La12 Sb8 O48,128,0,0.0,spacegroup,0,0,,1,1x1x1,0.020000000000000018,0.006809523809523821,True,0.000492048659063965,0.0,0.0,True,,1,,88,Li20 La12 Sb8 O48,none,False,,,OBELIX/ordered_cifs/tbj_ordered_01.cif
tbj,OBELIX/cifs/tbj.cif,ok,,Li40 La24 Sb16 O96,Li19.944 La12 Sb8 O48,Li19.944 La12 Sb8 O48,128,0,0.0,spacegroup,0,0,,1,1x1x1,0.020000000000000018,0.006809523809523821,True,0.000492048659063965,0.0,0.0,True,,2,,88,Li20 La12 Sb8 O48,none,False,,,OBELIX/ordered_cifs/tbj_ordered_02.cif
tbj,OBELIX/cifs/tbj.cif,ok,,Li40 La24 Sb16 O96,Li19.944 La12 Sb8 O48,Li19.944 La12 Sb8 O48,128,0,0.0,spacegroup,0,0,,1,1x1x1,0.020000000000000018,0.006809523809523821,True,0.000492048659063965,0.0,0.0,True,,3,,88,Li20 La12 Sb8 O48,none,False,,,OBELIX/ordered_cifs/tbj_ordered_03.cif
tbj,OBELIX/cifs/tbj.cif,ok,,Li40 La24 Sb16 O96,Li19.944 La12 Sb8 O48,Li19.944 La12 Sb8 O48,128,0,0.0,spacegroup,0,0,,1,1x1x1,0.020000000000000018,0.006809523809523821,True,0.000492048659063965,0.0,0.0,True,,4,,88,Li20 La12 Sb8 O48,none,False,,,OBELIX/ordered_cifs/tbj_ordered_04.cif
tbu,OBELIX/cifs/tbu.cif,ok,,Li7 Zn1 Ga1 P4 O16,Li7 Zn1 Ga1 P4 O16,Li7 Zn1 Ga1 P4 O16,32,0,0.0,spacegroup,0,0,,1,1x1x1,0.0,0.0,True,0.0,0.0,0.0,True,,0,,29,Li7 Zn1 Ga1 P4 O16,none,False,,,OBELIX/ordered_cifs/tbu_ordered.cif
tbu,OBELIX/cifs/tbu.cif,ok,,Li7 Zn1 Ga1 P4 O16,Li7 Zn1 Ga1 P4 O16,Li7 Zn1 Ga1 P4 O16,32,0,0.0,spacegroup,0,0,,1,1x1x1,0.0,0.0,True,0.0,0.0,0.0,True,,1,,29,Li7 Zn1 Ga1 P4 O16,none,False,,,OBELIX/ordered_cifs/tbu_ordered_01.cif
tbu,OBELIX/cifs/tbu.cif,ok,,Li7 Zn1 Ga1 P4 O16,Li7 Zn1 Ga1 P4 O16,Li7 Zn1 Ga1 P4 O16,32,0,0.0,spacegroup,0,0,,1,1x1x1,0.0,0.0,True,0.0,0.0,0.0,True,,2,,29,Li7 Zn1 Ga1 P4 O16,none,False,,,OBELIX/ordered_cifs/tbu_ordered_02.cif
tbu,OBELIX/cifs/tbu.cif,ok,,Li7 Zn1 Ga1 P4 O16,Li7 Zn1 Ga1 P4 O16,Li7 Zn1 Ga1 P4 O16,32,0,0.0,spacegroup,0,0,,1,1x1x1,0.0,0.0,True,0.0,0.0,0.0,True,,3,,29,Li7 Zn1 Ga1 P4 O16,none,False,,,OBELIX/ordered_cifs/tbu_ordered_03.cif
tbu,OBELIX/cifs/tbu.cif,ok,,Li7 Zn1 Ga1 P4 O16,Li7 Zn1 Ga1 P4 O16,Li7 Zn1 Ga1 P4 O16,32,0,0.0,spacegroup,0,0,,1,1x1x1,0.0,0.0,True,0.0,0.0,0.0,True,,4,,29,Li7 Zn1 Ga1 P4 O16,none,False,,,OBELIX/ordered_cifs/tbu_ordered_04.cif
tjh,OBELIX/cifs/tjh.cif,ok,,Li10.2 Al4.2 Ge7.8 P18 O72,Li2.94 Al0.948 Ge3.052 P6 O24,Li2.94 Al0.948 Ge3.052 P6 O24,48,0,0.0,spacegroup,0,0,,1,1x1x1,0.020000000000000018,0.0077037037037037005,True,0.013101749042384106,0.011562364503540978,0.0,True,,0,,37,Li3 Al1 Ge3 P6 O24,none,False,,,OBELIX/ordered_cifs/tjh_ordered.cif
tjh,OBELIX/cifs/tjh.cif,ok,,Li10.2 Al4.2 Ge7.8 P18 O72,Li2.94 Al0.948 Ge3.052 P6 O24,Li2.94 Al0.948 Ge3.052 P6 O24,48,0,0.0,spacegroup,0,0,,1,1x1x1,0.020000000000000018,0.0077037037037037005,True,0.013101749042384106,0.011562364503540978,0.0,True,,1,,37,Li3 Al1 Ge3 P6 O24,none,False,,,OBELIX/ordered_cifs/tjh_ordered_01.cif
tjh,OBELIX/cifs/tjh.cif,ok,,Li10.2 Al4.2 Ge7.8 P18 O72,Li2.94 Al0.948 Ge3.052 P6 O24,Li2.94 Al0.948 Ge3.052 P6 O24,48,0,0.0,spacegroup,0,0,,1,1x1x1,0.020000000000000018,0.0077037037037037005,True,0.013101749042384106,0.011562364503540978,0.0,True,,2,,37,Li3 Al1 Ge3 P6 O24,none,False,,,OBELIX/ordered_cifs/tjh_ordered_02.cif
tjh,OBELIX/cifs/tjh.cif,ok,,Li10.2 Al4.2 Ge7.8 P18 O72,Li2.94 Al0.948 Ge3.052 P6 O24,Li2.94 Al0.948 Ge3.052 P6 O24,48,0,0.0,spacegroup,0,0,,1,1x1x1,0.020000000000000018,0.0077037037037037005,True,0.013101749042384106,0.011562364503540978,0.0,True,,3,,37,Li3 Al1 Ge3 P6 O24,none,False,,,OBELIX/ordered_cifs/tjh_ordered_03.cif
tjh,OBELIX/cifs/tjh.cif,ok,,Li10.2 Al4.2 Ge7.8 P18 O72,Li2.94 Al0.948 Ge3.052 P6 O24,Li2.94 Al0.948 Ge3.052 P6 O24,48,0,0.0,spacegroup,0,0,,1,1x1x1,0.020000000000000018,0.0077037037037037005,True,0.013101749042384106,0.011562364503540978,0.0,True,,4,,37,Li3 Al1 Ge3 P6 O24,none,False,,,OBELIX/ordered_cifs/tjh_ordered_04.cif
tka,OBELIX/cifs/tka.cif,copied_ordered,,Li4 Si8 N12,Li2 Si4 N6,Li2 Si4 N6,12,0,0.0,,0,0,,,,,,,0.0,0.0,0.0,True,,,,12,Li2 Si4 N6,none,False,,,OBELIX/ordered_cifs/tka_ordered.cif
tvf,OBELIX/cifs/tvf.cif,ok,,Li12 H16 I4 N8,Li12 H16.002 I4 N8,Li12 H16.002 I4 N8,42,0,0.0,spacegroup,0,0,,1,1x1x1,0.00033333333333340764,6.666666666667598e-05,True,2.999850007501248e-05,0.0,0.0,True,,0,,40,Li12 H16 I4 N8,none,False,,,OBELIX/ordered_cifs/tvf_ordered.cif
tvf,OBELIX/cifs/tvf.cif,ok,,Li12 H16 I4 N8,Li12 H16.002 I4 N8,Li12 H16.002 I4 N8,42,0,0.0,spacegroup,0,0,,1,1x1x1,0.00033333333333340764,6.666666666667598e-05,True,2.999850007501248e-05,0.0,0.0,True,,1,,40,Li12 H16 I4 N8,none,False,,,OBELIX/ordered_cifs/tvf_ordered_01.cif
tvf,OBELIX/cifs/tvf.cif,ok,,Li12 H16 I4 N8,Li12 H16.002 I4 N8,Li12 H16.002 I4 N8,42,0,0.0,spacegroup,0,0,,1,1x1x1,0.00033333333333340764,6.666666666667598e-05,True,2.999850007501248e-05,0.0,0.0,True,,2,,40,Li12 H16 I4 N8,none,False,,,OBELIX/ordered_cifs/tvf_ordered_02.cif
tws,OBELIX/cifs/tws.cif,copied_ordered,,Li24 Zr8 O28,Li12 Zr4 O14,Li12 Zr4 O14,30,0,0.0,,0,0,,,,,,,0.0,0.0,0.0,True,,,,30,Li12 Zr4 O14,none,False,,,OBELIX/ordered_cifs/tws_ordered.cif
u0c,OBELIX/cifs/u0c.cif,ok,,Li9.6 Mg1.6 Ti12.8 O32,Li2.4 Mg0.4 Ti3.2 O8,Li2.4 Mg0.4 Ti3.2 O8,14,0,0.0,spacegroup,0,0,,3,1x1x3,0.033333333333333326,0.013555555555555569,True,3.469446951953614e-18,0.00952380952380949,0.00952380952380949,True,,0,,42,Li7 Mg1 Ti10 O24,none,False,,,OBELIX/ordered_cifs/u0c_ordered.cif
u0c,OBELIX/cifs/u0c.cif,ok,,Li9.6 Mg1.6 Ti12.8 O32,Li2.4 Mg0.4 Ti3.2 O8,Li2.4 Mg0.4 Ti3.2 O8,14,0,0.0,spacegroup,0,0,,3,1x1x3,0.033333333333333326,0.013555555555555569,True,3.469446951953614e-18,0.00952380952380949,0.00952380952380949,True,,1,,42,Li7 Mg1 Ti10 O24,none,False,,,OBELIX/ordered_cifs/u0c_ordered_01.cif
u0c,OBELIX/cifs/u0c.cif,ok,,Li9.6 Mg1.6 Ti12.8 O32,Li2.4 Mg0.4 Ti3.2 O8,Li2.4 Mg0.4 Ti3.2 O8,14,0,0.0,spacegroup,0,0,,3,1x1x3,0.033333333333333326,0.013555555555555569,True,3.469446951953614e-18,0.00952380952380949,0.00952380952380949,True,,2,,42,Li7 Mg1 Ti10 O24,none,False,,,OBELIX/ordered_cifs/u0c_ordered_02.cif
u0c,OBELIX/cifs/u0c.cif,ok,,Li9.6 Mg1.6 Ti12.8 O32,Li2.4 Mg0.4 Ti3.2 O8,Li2.4 Mg0.4 Ti3.2 O8,14,0,0.0,spacegroup,0,0,,3,1x1x3,0.033333333333333326,0.013555555555555569,True,3.469446951953614e-18,0.00952380952380949,0.00952380952380949,True,,3,,42,Li7 Mg1 Ti10 O24,none,False,,,OBELIX/ordered_cifs/u0c_ordered_03.cif
u0c,OBELIX/cifs/u0c.cif,ok,,Li9.6 Mg1.6 Ti12.8 O32,Li2.4 Mg0.4 Ti3.2 O8,Li2.4 Mg0.4 Ti3.2 O8,14,0,0.0,spacegroup,0,0,,3,1x1x3,0.033333333333333326,0.013555555555555569,True,3.469446951953614e-18,0.00952380952380949,0.00952380952380949,True,,4,,42,Li7 Mg1 Ti10 O24,none,False,,,OBELIX/ordered_cifs/u0c_ordered_04.cif
u2y,OBELIX/cifs/u2y.cif,approximation_warning,Reference elements absent from source CIF: Li,Li0.43 La1.19 Ti2 O6,La1.19 Ti2 O6,La1.19 Ti2 O6,10,0,0.0,spacegroup,0,0,,7,7x1x1,0.04285714285714293,0.010476190476190491,True,0.044698544698544694,0.044698544698544694,0.0033664309031555817,True,Li,0,,64,La8 Ti14 O42,none,False,,,OBELIX/ordered_cifs/u2y_ordered.cif
u2y,OBELIX/cifs/u2y.cif,approximation_warning,Reference elements absent from source CIF: Li,Li0.43 La1.19 Ti2 O6,La1.19 Ti2 O6,La1.19 Ti2 O6,10,0,0.0,spacegroup,0,0,,7,7x1x1,0.04285714285714293,0.010476190476190491,True,0.044698544698544694,0.044698544698544694,0.0033664309031555817,True,Li,1,,64,La8 Ti14 O42,none,False,,,OBELIX/ordered_cifs/u2y_ordered_01.cif
u2y,OBELIX/cifs/u2y.cif,approximation_warning,Reference elements absent from source CIF: Li,Li0.43 La1.19 Ti2 O6,La1.19 Ti2 O6,La1.19 Ti2 O6,10,0,0.0,spacegroup,0,0,,7,7x1x1,0.04285714285714293,0.010476190476190491,True,0.044698544698544694,0.044698544698544694,0.0033664309031555817,True,Li,2,,64,La8 Ti14 O42,none,False,,,OBELIX/ordered_cifs/u2y_ordered_02.cif
u2y,OBELIX/cifs/u2y.cif,approximation_warning,Reference elements absent from source CIF: Li,Li0.43 La1.19 Ti2 O6,La1.19 Ti2 O6,La1.19 Ti2 O6,10,0,0.0,spacegroup,0,0,,7,7x1x1,0.04285714285714293,0.010476190476190491,True,0.044698544698544694,0.044698544698544694,0.0033664309031555817,True,Li,3,,64,La8 Ti14 O42,none,False,,,OBELIX/ordered_cifs/u2y_ordered_03.cif
u2y,OBELIX/cifs/u2y.cif,approximation_warning,Reference elements absent from source CIF: Li,Li0.43 La1.19 Ti2 O6,La1.19 Ti2 O6,La1.19 Ti2 O6,10,0,0.0,spacegroup,0,0,,7,7x1x1,0.04285714285714293,0.010476190476190491,True,0.044698544698544694,0.044698544698544694,0.0033664309031555817,True,Li,4,,64,La8 Ti14 O42,none,False,,,OBELIX/ordered_cifs/u2y_ordered_04.cif
u8r,OBELIX/cifs/u8r.cif,approximation_warning,Reference elements absent from source CIF: Li,Ba3 Li1 Zr1 Ta5 Si4 O26,Ba3 Zr1.0002 Ta4.9998 Si4 O26,Ba3 Zr1.0002 Ta4.9998 Si4 O26,39,0,0.0,spacegroup,0,0,,1,1x1x1,3.333333333332966e-05,7.407407407406592e-06,True,0.025,0.025,5.128205128185348e-06,True,Li,0,,39,Ba3 Zr1 Ta5 Si4 O26,none,False,,,OBELIX/ordered_cifs/u8r_ordered.cif
uaz,OBELIX/cifs/uaz.cif,ok,,Li48 Ca8 La16 Nb16 O96,Li24 Ca3.9996 La8.0004 Nb8 O48,Li24 Ca3.9996 La8.0004 Nb8 O48,128,0,0.0,spacegroup,0,0,,1,1x1x1,0.006666666666666654,0.0020916666666666514,True,4.34782608696449e-06,0.0,0.0,True,,0,,92,Li24 Ca4 La8 Nb8 O48,none,False,,,OBELIX/ordered_cifs/uaz_ordered.cif
uaz,OBELIX/cifs/uaz.cif,ok,,Li48 Ca8 La16 Nb16 O96,Li24 Ca3.9996 La8.0004 Nb8 O48,Li24 Ca3.9996 La8.0004 Nb8 O48,128,0,0.0,spacegroup,0,0,,1,1x1x1,0.006666666666666654,0.0020916666666666514,True,4.34782608696449e-06,0.0,0.0,True,,1,,92,Li24 Ca4 La8 Nb8 O48,none,False,,,OBELIX/ordered_cifs/uaz_ordered_01.cif
uaz,OBELIX/cifs/uaz.cif,ok,,Li48 Ca8 La16 Nb16 O96,Li24 Ca3.9996 La8.0004 Nb8 O48,Li24 Ca3.9996 La8.0004 Nb8 O48,128,0,0.0,spacegroup,0,0,,1,1x1x1,0.006666666666666654,0.0020916666666666514,True,4.34782608696449e-06,0.0,0.0,True,,2,,92,Li24 Ca4 La8 Nb8 O48,none,False,,,OBELIX/ordered_cifs/uaz_ordered_02.cif
uaz,OBELIX/cifs/uaz.cif,ok,,Li48 Ca8 La16 Nb16 O96,Li24 Ca3.9996 La8.0004 Nb8 O48,Li24 Ca3.9996 La8.0004 Nb8 O48,128,0,0.0,spacegroup,0,0,,1,1x1x1,0.006666666666666654,0.0020916666666666514,True,4.34782608696449e-06,0.0,0.0,True,,3,,92,Li24 Ca4 La8 Nb8 O48,none,False,,,OBELIX/ordered_cifs/uaz_ordered_03.cif
uaz,OBELIX/cifs/uaz.cif,ok,,Li48 Ca8 La16 Nb16 O96,Li24 Ca3.9996 La8.0004 Nb8 O48,Li24 Ca3.9996 La8.0004 Nb8 O48,128,0,0.0,spacegroup,0,0,,1,1x1x1,0.006666666666666654,0.0020916666666666514,True,4.34782608696449e-06,0.0,0.0,True,,4,,92,Li24 Ca4 La8 Nb8 O48,none,False,,,OBELIX/ordered_cifs/uaz_ordered_04.cif
ueu,OBELIX/cifs/ueu.cif,ok,,Li45.92 La24 Zr12 Ta4 O96,Li22.944 La12 Zr5.904 Ta1.976 O48,Li22.944 La12 Zr5.904 Ta1.976 O48,128,0,0.0,spacegroup,0,0,,1,1x1x1,0.015000000000000013,0.004370370370370382,True,0.000958216151531549,0.000328607188765484,0.0001268000034846395,True,,0,,91,Li23 La12 Zr6 Ta2 O48,none,False,,,OBELIX/ordered_cifs/ueu_ordered.cif
ueu,OBELIX/cifs/ueu.cif,ok,,Li45.92 La24 Zr12 Ta4 O96,Li22.944 La12 Zr5.904 Ta1.976 O48,Li22.944 La12 Zr5.904 Ta1.976 O48,128,0,0.0,spacegroup,0,0,,1,1x1x1,0.015000000000000013,0.004370370370370382,True,0.000958216151531549,0.000328607188765484,0.0001268000034846395,True,,1,,91,Li23 La12 Zr6 Ta2 O48,none,False,,,OBELIX/ordered_cifs/ueu_ordered_01.cif
ueu,OBELIX/cifs/ueu.cif,ok,,Li45.92 La24 Zr12 Ta4 O96,Li22.944 La12 Zr5.904 Ta1.976 O48,Li22.944 La12 Zr5.904 Ta1.976 O48,128,0,0.0,spacegroup,0,0,,1,1x1x1,0.015000000000000013,0.004370370370370382,True,0.000958216151531549,0.000328607188765484,0.0001268000034846395,True,,2,,91,Li23 La12 Zr6 Ta2 O48,none,False,,,OBELIX/ordered_cifs/ueu_ordered_02.cif
ueu,OBELIX/cifs/ueu.cif,ok,,Li45.92 La24 Zr12 Ta4 O96,Li22.944 La12 Zr5.904 Ta1.976 O48,Li22.944 La12 Zr5.904 Ta1.976 O48,128,0,0.0,spacegroup,0,0,,1,1x1x1,0.015000000000000013,0.004370370370370382,True,0.000958216151531549,0.000328607188765484,0.0001268000034846395,True,,3,,91,Li23 La12 Zr6 Ta2 O48,none,False,,,OBELIX/ordered_cifs/ueu_ordered_03.cif
ueu,OBELIX/cifs/ueu.cif,ok,,Li45.92 La24 Zr12 Ta4 O96,Li22.944 La12 Zr5.904 Ta1.976 O48,Li22.944 La12 Zr5.904 Ta1.976 O48,128,0,0.0,spacegroup,0,0,,1,1x1x1,0.015000000000000013,0.004370370370370382,True,0.000958216151531549,0.000328607188765484,0.0001268000034846395,True,,4,,91,Li23 La12 Zr6 Ta2 O48,none,False,,,OBELIX/ordered_cifs/ueu_ordered_04.cif
uex,OBELIX/cifs/uex.cif,ok,,K2 Na4 Li6 Fe4 Si24 O60,K2 Na4 Li6 Fe4 Si24 O60,K2 Na4 Li6 Fe4 Si24 O60,104,0,0.0,spacegroup+split_site_pairs,4,0,Na,1,1x1x1,0.0,0.0,True,0.0,0.0,0.0,True,,0,,100,K2 Na4 Li6 Fe4 Si24 O60,none,False,,,OBELIX/ordered_cifs/uex_ordered.cif
ui6,OBELIX/cifs/ui6.cif,ok,,Li20.7 Si2.16 Sn0.54 P3.3 S24,Li20.648 Si2.16 Sn0.54 P3.3 S24,Li20.648 Si2.16 Sn0.54 P3.3 S24,62,0,0.0,spacegroup,0,0,,2,1x2x1,0.04999999999999999,0.010607142857142858,True,0.0006075112693340046,0.0042181732966196095,0.0041513470569928684,True,,0,,101,Li41 Si4 Sn1 P7 S48,none,False,,,OBELIX/ordered_cifs/ui6_ordered.cif
ui6,OBELIX/cifs/ui6.cif,ok,,Li20.7 Si2.16 Sn0.54 P3.3 S24,Li20.648 Si2.16 Sn0.54 P3.3 S24,Li20.648 Si2.16 Sn0.54 P3.3 S24,62,0,0.0,spacegroup,0,0,,2,1x2x1,0.04999999999999999,0.010607142857142858,True,0.0006075112693340046,0.0042181732966196095,0.0041513470569928684,True,,1,,101,Li41 Si4 Sn1 P7 S48,none,False,,,OBELIX/ordered_cifs/ui6_ordered_01.cif
ui6,OBELIX/cifs/ui6.cif,ok,,Li20.7 Si2.16 Sn0.54 P3.3 S24,Li20.648 Si2.16 Sn0.54 P3.3 S24,Li20.648 Si2.16 Sn0.54 P3.3 S24,62,0,0.0,spacegroup,0,0,,2,1x2x1,0.04999999999999999,0.010607142857142858,True,0.0006075112693340046,0.0042181732966196095,0.0041513470569928684,True,,2,,101,Li41 Si4 Sn1 P7 S48,none,False,,,OBELIX/ordered_cifs/ui6_ordered_02.cif
ui6,OBELIX/cifs/ui6.cif,ok,,Li20.7 Si2.16 Sn0.54 P3.3 S24,Li20.648 Si2.16 Sn0.54 P3.3 S24,Li20.648 Si2.16 Sn0.54 P3.3 S24,62,0,0.0,spacegroup,0,0,,2,1x2x1,0.04999999999999999,0.010607142857142858,True,0.0006075112693340046,0.0042181732966196095,0.0041513470569928684,True,,3,,101,Li41 Si4 Sn1 P7 S48,none,False,,,OBELIX/ordered_cifs/ui6_ordered_03.cif
ui6,OBELIX/cifs/ui6.cif,ok,,Li20.7 Si2.16 Sn0.54 P3.3 S24,Li20.648 Si2.16 Sn0.54 P3.3 S24,Li20.648 Si2.16 Sn0.54 P3.3 S24,62,0,0.0,spacegroup,0,0,,2,1x2x1,0.04999999999999999,0.010607142857142858,True,0.0006075112693340046,0.0042181732966196095,0.0041513470569928684,True,,4,,101,Li41 Si4 Sn1 P7 S48,none,False,,,OBELIX/ordered_cifs/ui6_ordered_04.cif
um1,OBELIX/cifs/um1.cif,ok,,Li18 Ga18 Ge18 O72,Li6 Ga6 Ge6 O24,Li6 Ga6 Ge6 O24,42,0,0.0,spacegroup,0,0,,1,1x1x1,0.0,0.0,True,0.0,0.0,0.0,True,,0,,42,Li6 Ga6 Ge6 O24,none,False,,,OBELIX/ordered_cifs/um1_ordered.cif
um1,OBELIX/cifs/um1.cif,ok,,Li18 Ga18 Ge18 O72,Li6 Ga6 Ge6 O24,Li6 Ga6 Ge6 O24,42,0,0.0,spacegroup,0,0,,1,1x1x1,0.0,0.0,True,0.0,0.0,0.0,True,,1,,42,Li6 Ga6 Ge6 O24,none,False,,,OBELIX/ordered_cifs/um1_ordered_01.cif
um1,OBELIX/cifs/um1.cif,ok,,Li18 Ga18 Ge18 O72,Li6 Ga6 Ge6 O24,Li6 Ga6 Ge6 O24,42,0,0.0,spacegroup,0,0,,1,1x1x1,0.0,0.0,True,0.0,0.0,0.0,True,,2,,42,Li6 Ga6 Ge6 O24,none,False,,,OBELIX/ordered_cifs/um1_ordered_02.cif
um1,OBELIX/cifs/um1.cif,ok,,Li18 Ga18 Ge18 O72,Li6 Ga6 Ge6 O24,Li6 Ga6 Ge6 O24,42,0,0.0,spacegroup,0,0,,1,1x1x1,0.0,0.0,True,0.0,0.0,0.0,True,,3,,42,Li6 Ga6 Ge6 O24,none,False,,,OBELIX/ordered_cifs/um1_ordered_03.cif
um1,OBELIX/cifs/um1.cif,ok,,Li18 Ga18 Ge18 O72,Li6 Ga6 Ge6 O24,Li6 Ga6 Ge6 O24,42,0,0.0,spacegroup,0,0,,1,1x1x1,0.0,0.0,True,0.0,0.0,0.0,True,,4,,42,Li6 Ga6 Ge6 O24,none,False,,,OBELIX/ordered_cifs/um1_ordered_04.cif
uox,OBELIX/cifs/uox.cif,ok,,Li7.4 Zn1.4 Ga0.6 P4 O16,Li7.4 Zn1.4 Ga0.6 P4 O16,Li7.4 Zn1.4 Ga0.6 P4 O16,32,0,0.0,spacegroup,0,0,,2,2x1x1,0.025000000000000022,0.013636363636363646,True,1.1102230246251565e-16,0.003459010722933243,0.0034590107229332395,True,,0,,59,Li15 Zn3 Ga1 P8 O32,none,False,,,OBELIX/ordered_cifs/uox_ordered.cif
uox,OBELIX/cifs/uox.cif,ok,,Li7.4 Zn1.4 Ga0.6 P4 O16,Li7.4 Zn1.4 Ga0.6 P4 O16,Li7.4 Zn1.4 Ga0.6 P4 O16,32,0,0.0,spacegroup,0,0,,2,2x1x1,0.025000000000000022,0.013636363636363646,True,1.1102230246251565e-16,0.003459010722933243,0.0034590107229332395,True,,1,,59,Li15 Zn3 Ga1 P8 O32,none,False,,,OBELIX/ordered_cifs/uox_ordered_01.cif
uox,OBELIX/cifs/uox.cif,ok,,Li7.4 Zn1.4 Ga0.6 P4 O16,Li7.4 Zn1.4 Ga0.6 P4 O16,Li7.4 Zn1.4 Ga0.6 P4 O16,32,0,0.0,spacegroup,0,0,,2,2x1x1,0.025000000000000022,0.013636363636363646,True,1.1102230246251565e-16,0.003459010722933243,0.0034590107229332395,True,,2,,59,Li15 Zn3 Ga1 P8 O32,none,False,,,OBELIX/ordered_cifs/uox_ordered_02.cif
uox,OBELIX/cifs/uox.cif,ok,,Li7.4 Zn1.4 Ga0.6 P4 O16,Li7.4 Zn1.4 Ga0.6 P4 O16,Li7.4 Zn1.4 Ga0.6 P4 O16,32,0,0.0,spacegroup,0,0,,2,2x1x1,0.025000000000000022,0.013636363636363646,True,1.1102230246251565e-16,0.003459010722933243,0.0034590107229332395,True,,3,,59,Li15 Zn3 Ga1 P8 O32,none,False,,,OBELIX/ordered_cifs/uox_ordered_03.cif
uox,OBELIX/cifs/uox.cif,ok,,Li7.4 Zn1.4 Ga0.6 P4 O16,Li7.4 Zn1.4 Ga0.6 P4 O16,Li7.4 Zn1.4 Ga0.6 P4 O16,32,0,0.0,spacegroup,0,0,,2,2x1x1,0.025000000000000022,0.013636363636363646,True,1.1102230246251565e-16,0.003459010722933243,0.0034590107229332395,True,,4,,59,Li15 Zn3 Ga1 P8 O32,none,False,,,OBELIX/ordered_cifs/uox_ordered_04.cif
ur9,OBELIX/cifs/ur9.cif,copied_ordered,,Li6 Zr12 P18 O72,Li2 Zr4 P6 O24,Li2 Zr4 P6 O24,36,0,0.0,,0,0,,,,,,,0.0,0.0,0.0,True,,,,36,Li2 Zr4 P6 O24,none,False,,,OBELIX/ordered_cifs/ur9_ordered.cif
usu,OBELIX/cifs/usu.cif,ok,,Li8.8 Al0.8 Sn1.2 S8,Li8.8266 Al0.8 Sn1.2 S8,Li8.8266 Al0.8 Sn1.2 S8,28,0,0.0,spacegroup+split_site_pairs,9,0,Li,4,2x1x2,0.040000000000000036,0.01620909090909088,True,0.0007515396391387652,0.00559910414333703,0.004847564504198265,True,,0,,76,Li36 Al3 Sn5 S32,none,False,,,OBELIX/ordered_cifs/usu_ordered.cif
usu,OBELIX/cifs/usu.cif,ok,,Li8.8 Al0.8 Sn1.2 S8,Li8.8266 Al0.8 Sn1.2 S8,Li8.8266 Al0.8 Sn1.2 S8,28,0,0.0,spacegroup+split_site_pairs,9,0,Li,4,2x1x2,0.040000000000000036,0.01620909090909088,True,0.0007515396391387652,0.00559910414333703,0.004847564504198265,True,,1,,76,Li36 Al3 Sn5 S32,none,False,,,OBELIX/ordered_cifs/usu_ordered_01.cif
usu,OBELIX/cifs/usu.cif,ok,,Li8.8 Al0.8 Sn1.2 S8,Li8.8266 Al0.8 Sn1.2 S8,Li8.8266 Al0.8 Sn1.2 S8,28,0,0.0,spacegroup+split_site_pairs,9,0,Li,4,2x1x2,0.040000000000000036,0.01620909090909088,True,0.0007515396391387652,0.00559910414333703,0.004847564504198265,True,,2,,76,Li36 Al3 Sn5 S32,none,False,,,OBELIX/ordered_cifs/usu_ordered_02.cif
usu,OBELIX/cifs/usu.cif,ok,,Li8.8 Al0.8 Sn1.2 S8,Li8.8266 Al0.8 Sn1.2 S8,Li8.8266 Al0.8 Sn1.2 S8,28,0,0.0,spacegroup+split_site_pairs,9,0,Li,4,2x1x2,0.040000000000000036,0.01620909090909088,True,0.0007515396391387652,0.00559910414333703,0.004847564504198265,True,,3,,76,Li36 Al3 Sn5 S32,none,False,,,OBELIX/ordered_cifs/usu_ordered_03.cif
usu,OBELIX/cifs/usu.cif,ok,,Li8.8 Al0.8 Sn1.2 S8,Li8.8266 Al0.8 Sn1.2 S8,Li8.8266 Al0.8 Sn1.2 S8,28,0,0.0,spacegroup+split_site_pairs,9,0,Li,4,2x1x2,0.040000000000000036,0.01620909090909088,True,0.0007515396391387652,0.00559910414333703,0.004847564504198265,True,,4,,76,Li36 Al3 Sn5 S32,none,False,,,OBELIX/ordered_cifs/usu_ordered_04.cif
uu4,OBELIX/cifs/uu4.cif,copied_ordered,,Li8 V8 O24,Li4 V4 O12,Li4 V4 O12,20,0,0.0,,0,0,,,,,,,0.0,0.0,0.0,True,,,,20,Li4 V4 O12,none,False,,,OBELIX/ordered_cifs/uu4_ordered.cif
uut,OBELIX/cifs/uut.cif,ok,,Li24 P4 Se1.2 S18.8 Br4,Li6.006 P1 Se0.3 S4.7 Br1,Li6.006 P1 Se0.3 S4.7 Br1,25,0,0.0,spacegroup+split_site_clusters,0,6,Li,5,5x1x1,0.025880000000000014,0.013852499999999995,True,0.0002484060611077643,0.007692307692307696,0.0076816617182602145,True,,0,,65,Li30 P5 Se2 S23 Br5,none,False,,,OBELIX/ordered_cifs/uut_ordered.cif
uut,OBELIX/cifs/uut.cif,ok,,Li24 P4 Se1.2 S18.8 Br4,Li6.006 P1 Se0.3 S4.7 Br1,Li6.006 P1 Se0.3 S4.7 Br1,25,0,0.0,spacegroup+split_site_clusters,0,6,Li,5,5x1x1,0.025880000000000014,0.013852499999999995,True,0.0002484060611077643,0.007692307692307696,0.0076816617182602145,True,,1,,65,Li30 P5 Se2 S23 Br5,none,False,,,OBELIX/ordered_cifs/uut_ordered_01.cif
uut,OBELIX/cifs/uut.cif,ok,,Li24 P4 Se1.2 S18.8 Br4,Li6.006 P1 Se0.3 S4.7 Br1,Li6.006 P1 Se0.3 S4.7 Br1,25,0,0.0,spacegroup+split_site_clusters,0,6,Li,5,5x1x1,0.025880000000000014,0.013852499999999995,True,0.0002484060611077643,0.007692307692307696,0.0076816617182602145,True,,2,,65,Li30 P5 Se2 S23 Br5,none,False,,,OBELIX/ordered_cifs/uut_ordered_02.cif
uut,OBELIX/cifs/uut.cif,ok,,Li24 P4 Se1.2 S18.8 Br4,Li6.006 P1 Se0.3 S4.7 Br1,Li6.006 P1 Se0.3 S4.7 Br1,25,0,0.0,spacegroup+split_site_clusters,0,6,Li,5,5x1x1,0.025880000000000014,0.013852499999999995,True,0.0002484060611077643,0.007692307692307696,0.0076816617182602145,True,,3,,65,Li30 P5 Se2 S23 Br5,none,False,,,OBELIX/ordered_cifs/uut_ordered_03.cif
uut,OBELIX/cifs/uut.cif,ok,,Li24 P4 Se1.2 S18.8 Br4,Li6.006 P1 Se0.3 S4.7 Br1,Li6.006 P1 Se0.3 S4.7 Br1,25,0,0.0,spacegroup+split_site_clusters,0,6,Li,5,5x1x1,0.025880000000000014,0.013852499999999995,True,0.0002484060611077643,0.007692307692307696,0.0076816617182602145,True,,4,,65,Li30 P5 Se2 S23 Br5,none,False,,,OBELIX/ordered_cifs/uut_ordered_04.cif
uw9,OBELIX/cifs/uw9.cif,ok,,Sr8 Li48 La16 Bi16 O96,Sr3.996 Li23.9784 La8.004 Bi8 O48,Sr3.996 Li23.9784 La8.004 Bi8 O48,128,0,0.0,spacegroup,0,0,,1,1x1x1,0.04033333333333333,0.012575000000000006,True,0.00017357572420606537,0.0,0.0,True,,0,,92,Sr4 Li24 La8 Bi8 O48,none,False,,,OBELIX/ordered_cifs/uw9_ordered.cif
uw9,OBELIX/cifs/uw9.cif,ok,,Sr8 Li48 La16 Bi16 O96,Sr3.996 Li23.9784 La8.004 Bi8 O48,Sr3.996 Li23.9784 La8.004 Bi8 O48,128,0,0.0,spacegroup,0,0,,1,1x1x1,0.04033333333333333,0.012575000000000006,True,0.00017357572420606537,0.0,0.0,True,,1,,92,Sr4 Li24 La8 Bi8 O48,none,False,,,OBELIX/ordered_cifs/uw9_ordered_01.cif
uw9,OBELIX/cifs/uw9.cif,ok,,Sr8 Li48 La16 Bi16 O96,Sr3.996 Li23.9784 La8.004 Bi8 O48,Sr3.996 Li23.9784 La8.004 Bi8 O48,128,0,0.0,spacegroup,0,0,,1,1x1x1,0.04033333333333333,0.012575000000000006,True,0.00017357572420606537,0.0,0.0,True,,2,,92,Sr4 Li24 La8 Bi8 O48,none,False,,,OBELIX/ordered_cifs/uw9_ordered_02.cif
uw9,OBELIX/cifs/uw9.cif,ok,,Sr8 Li48 La16 Bi16 O96,Sr3.996 Li23.9784 La8.004 Bi8 O48,Sr3.996 Li23.9784 La8.004 Bi8 O48,128,0,0.0,spacegroup,0,0,,1,1x1x1,0.04033333333333333,0.012575000000000006,True,0.00017357572420606537,0.0,0.0,True,,3,,92,Sr4 Li24 La8 Bi8 O48,none,False,,,OBELIX/ordered_cifs/uw9_ordered_03.cif
uw9,OBELIX/cifs/uw9.cif,ok,,Sr8 Li48 La16 Bi16 O96,Sr3.996 Li23.9784 La8.004 Bi8 O48,Sr3.996 Li23.9784 La8.004 Bi8 O48,128,0,0.0,spacegroup,0,0,,1,1x1x1,0.04033333333333333,0.012575000000000006,True,0.00017357572420606537,0.0,0.0,True,,4,,92,Sr4 Li24 La8 Bi8 O48,none,False,,,OBELIX/ordered_cifs/uw9_ordered_04.cif
uwh,OBELIX/cifs/uwh.cif,ok,,Li40.64 La24 Zr3.12 Ta12.08 O96,Li20.328 La12 Zr1.576 Ta6.032 O48,Li20.328 La12 Zr1.576 Ta6.032 O48,128,0,0.0,spacegroup,0,0,,2,1x2x1,0.020666666666666667,0.007944444444444452,True,0.00017872208822894073,0.0018353461824799355,0.001786423183802871,True,,0,,176,Li41 La24 Zr3 Ta12 O96,none,False,,,OBELIX/ordered_cifs/uwh_ordered.cif
uwh,OBELIX/cifs/uwh.cif,ok,,Li40.64 La24 Zr3.12 Ta12.08 O96,Li20.328 La12 Zr1.576 Ta6.032 O48,Li20.328 La12 Zr1.576 Ta6.032 O48,128,0,0.0,spacegroup,0,0,,2,1x2x1,0.020666666666666667,0.007944444444444452,True,0.00017872208822894073,0.0018353461824799355,0.001786423183802871,True,,1,,176,Li41 La24 Zr3 Ta12 O96,none,False,,,OBELIX/ordered_cifs/uwh_ordered_01.cif
uwh,OBELIX/cifs/uwh.cif,ok,,Li40.64 La24 Zr3.12 Ta12.08 O96,Li20.328 La12 Zr1.576 Ta6.032 O48,Li20.328 La12 Zr1.576 Ta6.032 O48,128,0,0.0,spacegroup,0,0,,2,1x2x1,0.020666666666666667,0.007944444444444452,True,0.00017872208822894073,0.0018353461824799355,0.001786423183802871,True,,2,,176,Li41 La24 Zr3 Ta12 O96,none,False,,,OBELIX/ordered_cifs/uwh_ordered_02.cif
uwh,OBELIX/cifs/uwh.cif,ok,,Li40.64 La24 Zr3.12 Ta12.08 O96,Li20.328 La12 Zr1.576 Ta6.032 O48,Li20.328 La12 Zr1.576 Ta6.032 O48,128,0,0.0,spacegroup,0,0,,2,1x2x1,0.020666666666666667,0.007944444444444452,True,0.00017872208822894073,0.0018353461824799355,0.001786423183802871,True,,3,,176,Li41 La24 Zr3 Ta12 O96,none,False,,,OBELIX/ordered_cifs/uwh_ordered_03.cif
uwh,OBELIX/cifs/uwh.cif,ok,,Li40.64 La24 Zr3.12 Ta12.08 O96,Li20.328 La12 Zr1.576 Ta6.032 O48,Li20.328 La12 Zr1.576 Ta6.032 O48,128,0,0.0,spacegroup,0,0,,2,1x2x1,0.020666666666666667,0.007944444444444452,True,0.00017872208822894073,0.0018353461824799355,0.001786423183802871,True,,4,,176,Li41 La24 Zr3 Ta12 O96,none,False,,,OBELIX/ordered_cifs/uwh_ordered_04.cif
ux3,OBELIX/cifs/ux3.cif,ok,,Li0.57 Sm9.02 Si6 O25.82,Li0.568 Sm9.024 Si6 O25.82,Li0.568 Sm9.024 Si6 O25.82,42,0,0.0,spacegroup,0,0,,4,2x1x2,0.03500000000000003,0.011600000000000008,True,8.607061807314187e-05,0.0016435789920455461,0.0015946190388381049,True,,0,,165,Li2 Sm36 Si24 O103,none,False,,,OBELIX/ordered_cifs/ux3_ordered.cif
ux3,OBELIX/cifs/ux3.cif,ok,,Li0.57 Sm9.02 Si6 O25.82,Li0.568 Sm9.024 Si6 O25.82,Li0.568 Sm9.024 Si6 O25.82,42,0,0.0,spacegroup,0,0,,4,2x1x2,0.03500000000000003,0.011600000000000008,True,8.607061807314187e-05,0.0016435789920455461,0.0015946190388381049,True,,1,,165,Li2 Sm36 Si24 O103,none,False,,,OBELIX/ordered_cifs/ux3_ordered_01.cif
ux3,OBELIX/cifs/ux3.cif,ok,,Li0.57 Sm9.02 Si6 O25.82,Li0.568 Sm9.024 Si6 O25.82,Li0.568 Sm9.024 Si6 O25.82,42,0,0.0,spacegroup,0,0,,4,2x1x2,0.03500000000000003,0.011600000000000008,True,8.607061807314187e-05,0.0016435789920455461,0.0015946190388381049,True,,2,,165,Li2 Sm36 Si24 O103,none,False,,,OBELIX/ordered_cifs/ux3_ordered_02.cif
ux3,OBELIX/cifs/ux3.cif,ok,,Li0.57 Sm9.02 Si6 O25.82,Li0.568 Sm9.024 Si6 O25.82,Li0.568 Sm9.024 Si6 O25.82,42,0,0.0,spacegroup,0,0,,4,2x1x2,0.03500000000000003,0.011600000000000008,True,8.607061807314187e-05,0.0016435789920455461,0.0015946190388381049,True,,3,,165,Li2 Sm36 Si24 O103,none,False,,,OBELIX/ordered_cifs/ux3_ordered_03.cif
ux3,OBELIX/cifs/ux3.cif,ok,,Li0.57 Sm9.02 Si6 O25.82,Li0.568 Sm9.024 Si6 O25.82,Li0.568 Sm9.024 Si6 O25.82,42,0,0.0,spacegroup,0,0,,4,2x1x2,0.03500000000000003,0.011600000000000008,True,8.607061807314187e-05,0.0016435789920455461,0.0015946190388381049,True,,4,,165,Li2 Sm36 Si24 O103,none,False,,,OBELIX/ordered_cifs/ux3_ordered_04.cif
uxi,OBELIX/cifs/uxi.cif,ok,,Li13.2 Mn5.2 In2.8 Cl32,Li3.3 Mn1.3 In0.7 Cl8,Li3.3 Mn1.3 In0.7 Cl8,14,0,0.0,spacegroup,0,0,,3,1x1x3,0.016666666666666663,0.008333333333333318,True,0.0,0.0026315789473684154,0.0026315789473684154,True,,0,,40,Li10 Mn4 In2 Cl24,none,False,,,OBELIX/ordered_cifs/uxi_ordered.cif
uxi,OBELIX/cifs/uxi.cif,ok,,Li13.2 Mn5.2 In2.8 Cl32,Li3.3 Mn1.3 In0.7 Cl8,Li3.3 Mn1.3 In0.7 Cl8,14,0,0.0,spacegroup,0,0,,3,1x1x3,0.016666666666666663,0.008333333333333318,True,0.0,0.0026315789473684154,0.0026315789473684154,True,,1,,40,Li10 Mn4 In2 Cl24,none,False,,,OBELIX/ordered_cifs/uxi_ordered_01.cif
uxi,OBELIX/cifs/uxi.cif,ok,,Li13.2 Mn5.2 In2.8 Cl32,Li3.3 Mn1.3 In0.7 Cl8,Li3.3 Mn1.3 In0.7 Cl8,14,0,0.0,spacegroup,0,0,,3,1x1x3,0.016666666666666663,0.008333333333333318,True,0.0,0.0026315789473684154,0.0026315789473684154,True,,2,,40,Li10 Mn4 In2 Cl24,none,False,,,OBELIX/ordered_cifs/uxi_ordered_02.cif
uxi,OBELIX/cifs/uxi.cif,ok,,Li13.2 Mn5.2 In2.8 Cl32,Li3.3 Mn1.3 In0.7 Cl8,Li3.3 Mn1.3 In0.7 Cl8,14,0,0.0,spacegroup,0,0,,3,1x1x3,0.016666666666666663,0.008333333333333318,True,0.0,0.0026315789473684154,0.0026315789473684154,True,,3,,40,Li10 Mn4 In2 Cl24,none,False,,,OBELIX/ordered_cifs/uxi_ordered_03.cif
uxi,OBELIX/cifs/uxi.cif,ok,,Li13.2 Mn5.2 In2.8 Cl32,Li3.3 Mn1.3 In0.7 Cl8,Li3.3 Mn1.3 In0.7 Cl8,14,0,0.0,spacegroup,0,0,,3,1x1x3,0.016666666666666663,0.008333333333333318,True,0.0,0.0026315789473684154,0.0026315789473684154,True,,4,,40,Li10 Mn4 In2 Cl24,none,False,,,OBELIX/ordered_cifs/uxi_ordered_04.cif
uxo,OBELIX/cifs/uxo.cif,ok,,Li11.52 P4 N0.56 O14.92,Li11.52 P4 N0.56 O14.92,Li11.52 P4 N0.56 O14.92,32,0,0.0,spacegroup,0,0,,3,3x1x1,0.048333333333333325,0.022023809523809525,True,1.6653345369377348e-16,0.01385037748798901,0.013850377487989004,True,,0,,94,Li35 P12 N3 O44,none,False,,,OBELIX/ordered_cifs/uxo_ordered.cif
uxo,OBELIX/cifs/uxo.cif,ok,,Li11.52 P4 N0.56 O14.92,Li11.52 P4 N0.56 O14.92,Li11.52 P4 N0.56 O14.92,32,0,0.0,spacegroup,0,0,,3,3x1x1,0.048333333333333325,0.022023809523809525,True,1.6653345369377348e-16,0.01385037748798901,0.013850377487989004,True,,1,,94,Li35 P12 N3 O44,none,False,,,OBELIX/ordered_cifs/uxo_ordered_01.cif
uxo,OBELIX/cifs/uxo.cif,ok,,Li11.52 P4 N0.56 O14.92,Li11.52 P4 N0.56 O14.92,Li11.52 P4 N0.56 O14.92,32,0,0.0,spacegroup,0,0,,3,3x1x1,0.048333333333333325,0.022023809523809525,True,1.6653345369377348e-16,0.01385037748798901,0.013850377487989004,True,,2,,94,Li35 P12 N3 O44,none,False,,,OBELIX/ordered_cifs/uxo_ordered_02.cif
uxo,OBELIX/cifs/uxo.cif,ok,,Li11.52 P4 N0.56 O14.92,Li11.52 P4 N0.56 O14.92,Li11.52 P4 N0.56 O14.92,32,0,0.0,spacegroup,0,0,,3,3x1x1,0.048333333333333325,0.022023809523809525,True,1.6653345369377348e-16,0.01385037748798901,0.013850377487989004,True,,3,,94,Li35 P12 N3 O44,none,False,,,OBELIX/ordered_cifs/uxo_ordered_03.cif
uxo,OBELIX/cifs/uxo.cif,ok,,Li11.52 P4 N0.56 O14.92,Li11.52 P4 N0.56 O14.92,Li11.52 P4 N0.56 O14.92,32,0,0.0,spacegroup,0,0,,3,3x1x1,0.048333333333333325,0.022023809523809525,True,1.6653345369377348e-16,0.01385037748798901,0.013850377487989004,True,,4,,94,Li35 P12 N3 O44,none,False,,,OBELIX/ordered_cifs/uxo_ordered_04.cif
vg0,OBELIX/cifs/vg0.cif,ok,,Li9 Al3 Ge9 P18 O72,Li2 Al1 Ge3 P6 O24,Li2 Al1 Ge3 P6 O24,36,0,0.0,spacegroup,0,0,,1,1x1x1,0.0,0.0,True,0.025525525525525533,0.025525525525525533,0.0,True,,0,,36,Li2 Al1 Ge3 P6 O24,none,False,,,OBELIX/ordered_cifs/vg0_ordered.cif
vj7,OBELIX/cifs/vj7.cif,ok,,Li25 Si1 P3 S20 Br4,Li6.25002 Si0.25 P0.75 S5 Br1,Li6.25002 Si0.25 P0.75 S5 Br1,25,0,0.0,spacegroup+split_site_clusters,0,6,Li,5,5x1x1,0.050000000000000044,0.031620370370370354,True,7.974356066031696e-07,0.010159651669085612,0.010158854233479009,True,,0,,65,Li30 Si1 P4 S25 Br5,none,False,,,OBELIX/ordered_cifs/vj7_ordered.cif
vj7,OBELIX/cifs/vj7.cif,ok,,Li25 Si1 P3 S20 Br4,Li6.25002 Si0.25 P0.75 S5 Br1,Li6.25002 Si0.25 P0.75 S5 Br1,25,0,0.0,spacegroup+split_site_clusters,0,6,Li,5,5x1x1,0.050000000000000044,0.031620370370370354,True,7.974356066031696e-07,0.010159651669085612,0.010158854233479009,True,,1,,65,Li30 Si1 P4 S25 Br5,none,False,,,OBELIX/ordered_cifs/vj7_ordered_01.cif
vj7,OBELIX/cifs/vj7.cif,ok,,Li25 Si1 P3 S20 Br4,Li6.25002 Si0.25 P0.75 S5 Br1,Li6.25002 Si0.25 P0.75 S5 Br1,25,0,0.0,spacegroup+split_site_clusters,0,6,Li,5,5x1x1,0.050000000000000044,0.031620370370370354,True,7.974356066031696e-07,0.010159651669085612,0.010158854233479009,True,,2,,65,Li30 Si1 P4 S25 Br5,none,False,,,OBELIX/ordered_cifs/vj7_ordered_02.cif
vj7,OBELIX/cifs/vj7.cif,ok,,Li25 Si1 P3 S20 Br4,Li6.25002 Si0.25 P0.75 S5 Br1,Li6.25002 Si0.25 P0.75 S5 Br1,25,0,0.0,spacegroup+split_site_clusters,0,6,Li,5,5x1x1,0.050000000000000044,0.031620370370370354,True,7.974356066031696e-07,0.010159651669085612,0.010158854233479009,True,,3,,65,Li30 Si1 P4 S25 Br5,none,False,,,OBELIX/ordered_cifs/vj7_ordered_03.cif
vj7,OBELIX/cifs/vj7.cif,ok,,Li25 Si1 P3 S20 Br4,Li6.25002 Si0.25 P0.75 S5 Br1,Li6.25002 Si0.25 P0.75 S5 Br1,25,0,0.0,spacegroup+split_site_clusters,0,6,Li,5,5x1x1,0.050000000000000044,0.031620370370370354,True,7.974356066031696e-07,0.010159651669085612,0.010158854233479009,True,,4,,65,Li30 Si1 P4 S25 Br5,none,False,,,OBELIX/ordered_cifs/vj7_ordered_04.cif
vlm,OBELIX/cifs/vlm.cif,ok,,Li0.35 La0.65 Ti0.7 Al0.3 O3,Li0.349 La0.651 Ti0.702 Al0.297 O3,Li0.349 La0.651 Ti0.702 Al0.297 O3,5,0,0.0,spacegroup,0,0,,3,1x1x3,0.03633333333333333,0.01733333333333334,True,0.0005881176235247032,0.006666666666666668,0.006238581049543224,True,,0,,15,Li1 La2 Ti2 Al1 O9,none,False,,,OBELIX/ordered_cifs/vlm_ordered.cif
vlm,OBELIX/cifs/vlm.cif,ok,,Li0.35 La0.65 Ti0.7 Al0.3 O3,Li0.349 La0.651 Ti0.702 Al0.297 O3,Li0.349 La0.651 Ti0.702 Al0.297 O3,5,0,0.0,spacegroup,0,0,,3,1x1x3,0.03633333333333333,0.01733333333333334,True,0.0005881176235247032,0.006666666666666668,0.006238581049543224,True,,1,,15,Li1 La2 Ti2 Al1 O9,none,False,,,OBELIX/ordered_cifs/vlm_ordered_01.cif
vqj,OBELIX/cifs/vqj.cif,approximation_warning,Occupancy error 0.055000 exceeds tolerance 0.050000,Li24 P4 S20 I1 Br3,Li5.994 P1 S4.99915584 I0.24993107 Br0.74991309,Li5.994 P1 S4.99915584 I0.24993107 Br0.74991309,25,0,0.0,spacegroup+split_site_clusters,0,6,Li,10,1x2x5,0.05499999999999999,0.01930106257378983,False,0.00021313251514132325,0.0076923076923077205,0.007550065573616704,True,,0,,130,Li60 P10 S49 I3 Br8,none,False,,,OBELIX/ordered_cifs/vqj_ordered.cif
vqj,OBELIX/cifs/vqj.cif,approximation_warning,Occupancy error 0.055000 exceeds tolerance 0.050000,Li24 P4 S20 I1 Br3,Li5.994 P1 S4.99915584 I0.24993107 Br0.74991309,Li5.994 P1 S4.99915584 I0.24993107 Br0.74991309,25,0,0.0,spacegroup+split_site_clusters,0,6,Li,10,1x2x5,0.05499999999999999,0.01930106257378983,False,0.00021313251514132325,0.0076923076923077205,0.007550065573616704,True,,1,,130,Li60 P10 S49 I3 Br8,none,False,,,OBELIX/ordered_cifs/vqj_ordered_01.cif
vqj,OBELIX/cifs/vqj.cif,approximation_warning,Occupancy error 0.055000 exceeds tolerance 0.050000,Li24 P4 S20 I1 Br3,Li5.994 P1 S4.99915584 I0.24993107 Br0.74991309,Li5.994 P1 S4.99915584 I0.24993107 Br0.74991309,25,0,0.0,spacegroup+split_site_clusters,0,6,Li,10,1x2x5,0.05499999999999999,0.01930106257378983,False,0.00021313251514132325,0.0076923076923077205,0.007550065573616704,True,,2,,130,Li60 P10 S49 I3 Br8,none,False,,,OBELIX/ordered_cifs/vqj_ordered_02.cif
vqj,OBELIX/cifs/vqj.cif,approximation_warning,Occupancy error 0.055000 exceeds tolerance 0.050000,Li24 P4 S20 I1 Br3,Li5.994 P1 S4.99915584 I0.24993107 Br0.74991309,Li5.994 P1 S4.99915584 I0.24993107 Br0.74991309,25,0,0.0,spacegroup+split_site_clusters,0,6,Li,10,1x2x5,0.05499999999999999,0.01930106257378983,False,0.00021313251514132325,0.0076923076923077205,0.007550065573616704,True,,3,,130,Li60 P10 S49 I3 Br8,none,False,,,OBELIX/ordered_cifs/vqj_ordered_03.cif
vqj,OBELIX/cifs/vqj.cif,approximation_warning,Occupancy error 0.055000 exceeds tolerance 0.050000,Li24 P4 S20 I1 Br3,Li5.994 P1 S4.99915584 I0.24993107 Br0.74991309,Li5.994 P1 S4.99915584 I0.24993107 Br0.74991309,25,0,0.0,spacegroup+split_site_clusters,0,6,Li,10,1x2x5,0.05499999999999999,0.01930106257378983,False,0.00021313251514132325,0.0076923076923077205,0.007550065573616704,True,,4,,130,Li60 P10 S49 I3 Br8,none,False,,,OBELIX/ordered_cifs/vqj_ordered_04.cif
vqu,OBELIX/cifs/vqu.cif,ok,,Li40 Nd24 Sb16 O96,Li20.016 Nd12 Sb8 O48,Li20.016 Nd12 Sb8 O48,128,0,0.0,spacegroup,0,0,,1,1x1x1,0.03666666666666668,0.012999999999999996,True,0.00014047032770914125,0.0,0.0,True,,0,,88,Li20 Nd12 Sb8 O48,none,False,,,OBELIX/ordered_cifs/vqu_ordered.cif
vqu,OBELIX/cifs/vqu.cif,ok,,Li40 Nd24 Sb16 O96,Li20.016 Nd12 Sb8 O48,Li20.016 Nd12 Sb8 O48,128,0,0.0,spacegroup,0,0,,1,1x1x1,0.03666666666666668,0.012999999999999996,True,0.00014047032770914125,0.0,0.0,True,,1,,88,Li20 Nd12 Sb8 O48,none,False,,,OBELIX/ordered_cifs/vqu_ordered_01.cif
vqu,OBELIX/cifs/vqu.cif,ok,,Li40 Nd24 Sb16 O96,Li20.016 Nd12 Sb8 O48,Li20.016 Nd12 Sb8 O48,128,0,0.0,spacegroup,0,0,,1,1x1x1,0.03666666666666668,0.012999999999999996,True,0.00014047032770914125,0.0,0.0,True,,2,,88,Li20 Nd12 Sb8 O48,none,False,,,OBELIX/ordered_cifs/vqu_ordered_02.cif
vqu,OBELIX/cifs/vqu.cif,ok,,Li40 Nd24 Sb16 O96,Li20.016 Nd12 Sb8 O48,Li20.016 Nd12 Sb8 O48,128,0,0.0,spacegroup,0,0,,1,1x1x1,0.03666666666666668,0.012999999999999996,True,0.00014047032770914125,0.0,0.0,True,,3,,88,Li20 Nd12 Sb8 O48,none,False,,,OBELIX/ordered_cifs/vqu_ordered_03.cif
vqu,OBELIX/cifs/vqu.cif,ok,,Li40 Nd24 Sb16 O96,Li20.016 Nd12 Sb8 O48,Li20.016 Nd12 Sb8 O48,128,0,0.0,spacegroup,0,0,,1,1x1x1,0.03666666666666668,0.012999999999999996,True,0.00014047032770914125,0.0,0.0,True,,4,,88,Li20 Nd12 Sb8 O48,none,False,,,OBELIX/ordered_cifs/vqu_ordered_04.cif
vwy,OBELIX/cifs/vwy.cif,approximation_warning,Occupancy error 0.055556 exceeds tolerance 0.050000,Li0.66 La1.12 Ti2 O6,Li0.66 La1.104 Ti2 O6,Li0.66 La1.104 Ti2 O6,10,0,0.0,spacegroup,0,0,,9,3x3x1,0.05555555555555558,0.022133333333333345,False,0.0014510128186761562,0.010013398208871024,0.009902812936316022,True,,0,,87,Li5 La10 Ti18 O54,none,False,,,OBELIX/ordered_cifs/vwy_ordered.cif
vwy,OBELIX/cifs/vwy.cif,approximation_warning,Occupancy error 0.055556 exceeds tolerance 0.050000,Li0.66 La1.12 Ti2 O6,Li0.66 La1.104 Ti2 O6,Li0.66 La1.104 Ti2 O6,10,0,0.0,spacegroup,0,0,,9,3x3x1,0.05555555555555558,0.022133333333333345,False,0.0014510128186761562,0.010013398208871024,0.009902812936316022,True,,1,,87,Li5 La10 Ti18 O54,none,False,,,OBELIX/ordered_cifs/vwy_ordered_01.cif
vwy,OBELIX/cifs/vwy.cif,approximation_warning,Occupancy error 0.055556 exceeds tolerance 0.050000,Li0.66 La1.12 Ti2 O6,Li0.66 La1.104 Ti2 O6,Li0.66 La1.104 Ti2 O6,10,0,0.0,spacegroup,0,0,,9,3x3x1,0.05555555555555558,0.022133333333333345,False,0.0014510128186761562,0.010013398208871024,0.009902812936316022,True,,2,,87,Li5 La10 Ti18 O54,none,False,,,OBELIX/ordered_cifs/vwy_ordered_02.cif
vwy,OBELIX/cifs/vwy.cif,approximation_warning,Occupancy error 0.055556 exceeds tolerance 0.050000,Li0.66 La1.12 Ti2 O6,Li0.66 La1.104 Ti2 O6,Li0.66 La1.104 Ti2 O6,10,0,0.0,spacegroup,0,0,,9,3x3x1,0.05555555555555558,0.022133333333333345,False,0.0014510128186761562,0.010013398208871024,0.009902812936316022,True,,3,,87,Li5 La10 Ti18 O54,none,False,,,OBELIX/ordered_cifs/vwy_ordered_03.cif
vwy,OBELIX/cifs/vwy.cif,approximation_warning,Occupancy error 0.055556 exceeds tolerance 0.050000,Li0.66 La1.12 Ti2 O6,Li0.66 La1.104 Ti2 O6,Li0.66 La1.104 Ti2 O6,10,0,0.0,spacegroup,0,0,,9,3x3x1,0.05555555555555558,0.022133333333333345,False,0.0014510128186761562,0.010013398208871024,0.009902812936316022,True,,4,,87,Li5 La10 Ti18 O54,none,False,,,OBELIX/ordered_cifs/vwy_ordered_04.cif
vy5,OBELIX/cifs/vy5.cif,ok,,K0.4 Li3.6 Sb4 O12,K1.2 Li10.8 Sb12 O36,K1.2 Li10.8 Sb12 O36,60,0,0.0,spacegroup,0,0,,1,1x1x1,0.025000000000000022,0.008333333333333337,True,0.0,0.003333333333333334,0.003333333333333334,True,,0,,60,K1 Li11 Sb12 O36,none,False,,,OBELIX/ordered_cifs/vy5_ordered.cif
w7d,OBELIX/cifs/w7d.cif,copied_ordered,,Li12 P4 O16,Li12 P4 O16,Li12 P4 O16,32,0,0.0,,0,0,,,,,,,0.0,0.0,0.0,True,,,,32,Li12 P4 O16,none,False,,,OBELIX/ordered_cifs/w7d_ordered.cif
w87,OBELIX/cifs/w87.cif,ok,,Li24 P4 S20 Br4,Li6.0 P1 S5 Br1,Li6.0 P1 S5 Br1,37,0,0.0,spacegroup,0,0,,6,1x3x2,0.019666666666666666,0.008203703703703711,True,1.1102230246251565e-16,0.0,0.0,True,,0,,78,Li36 P6 S30 Br6,none,False,,,OBELIX/ordered_cifs/w87_ordered.cif
w87,OBELIX/cifs/w87.cif,ok,,Li24 P4 S20 Br4,Li6.0 P1 S5 Br1,Li6.0 P1 S5 Br1,37,0,0.0,spacegroup,0,0,,6,1x3x2,0.019666666666666666,0.008203703703703711,True,1.1102230246251565e-16,0.0,0.0,True,,1,,78,Li36 P6 S30 Br6,none,False,,,OBELIX/ordered_cifs/w87_ordered_01.cif
w87,OBELIX/cifs/w87.cif,ok,,Li24 P4 S20 Br4,Li6.0 P1 S5 Br1,Li6.0 P1 S5 Br1,37,0,0.0,spacegroup,0,0,,6,1x3x2,0.019666666666666666,0.008203703703703711,True,1.1102230246251565e-16,0.0,0.0,True,,2,,78,Li36 P6 S30 Br6,none,False,,,OBELIX/ordered_cifs/w87_ordered_02.cif
w87,OBELIX/cifs/w87.cif,ok,,Li24 P4 S20 Br4,Li6.0 P1 S5 Br1,Li6.0 P1 S5 Br1,37,0,0.0,spacegroup,0,0,,6,1x3x2,0.019666666666666666,0.008203703703703711,True,1.1102230246251565e-16,0.0,0.0,True,,3,,78,Li36 P6 S30 Br6,none,False,,,OBELIX/ordered_cifs/w87_ordered_03.cif
w87,OBELIX/cifs/w87.cif,ok,,Li24 P4 S20 Br4,Li6.0 P1 S5 Br1,Li6.0 P1 S5 Br1,37,0,0.0,spacegroup,0,0,,6,1x3x2,0.019666666666666666,0.008203703703703711,True,1.1102230246251565e-16,0.0,0.0,True,,4,,78,Li36 P6 S30 Br6,none,False,,,OBELIX/ordered_cifs/w87_ordered_04.cif
wa3,OBELIX/cifs/wa3.cif,ok,,Li51.2 La24 Zr16 Al1.6 O96,Li25.584 La12 Zr8 Al0.78 O48,Li25.584 La12 Zr8 Al0.78 O48,176,0,0.0,spacegroup,0,0,,1,1x1x1,0.04233333333333328,0.011399999999999995,True,0.00020871217047005973,0.005228993869455467,0.0051628956949864024,True,,0,,94,Li25 La12 Zr8 Al1 O48,none,False,,,OBELIX/ordered_cifs/wa3_ordered.cif
wa3,OBELIX/cifs/wa3.cif,ok,,Li51.2 La24 Zr16 Al1.6 O96,Li25.584 La12 Zr8 Al0.78 O48,Li25.584 La12 Zr8 Al0.78 O48,176,0,0.0,spacegroup,0,0,,1,1x1x1,0.04233333333333328,0.011399999999999995,True,0.00020871217047005973,0.005228993869455467,0.0051628956949864024,True,,1,,94,Li25 La12 Zr8 Al1 O48,none,False,,,OBELIX/ordered_cifs/wa3_ordered_01.cif
wa3,OBELIX/cifs/wa3.cif,ok,,Li51.2 La24 Zr16 Al1.6 O96,Li25.584 La12 Zr8 Al0.78 O48,Li25.584 La12 Zr8 Al0.78 O48,176,0,0.0,spacegroup,0,0,,1,1x1x1,0.04233333333333328,0.011399999999999995,True,0.00020871217047005973,0.005228993869455467,0.0051628956949864024,True,,2,,94,Li25 La12 Zr8 Al1 O48,none,False,,,OBELIX/ordered_cifs/wa3_ordered_02.cif
wa3,OBELIX/cifs/wa3.cif,ok,,Li51.2 La24 Zr16 Al1.6 O96,Li25.584 La12 Zr8 Al0.78 O48,Li25.584 La12 Zr8 Al0.78 O48,176,0,0.0,spacegroup,0,0,,1,1x1x1,0.04233333333333328,0.011399999999999995,True,0.00020871217047005973,0.005228993869455467,0.0051628956949864024,True,,3,,94,Li25 La12 Zr8 Al1 O48,none,False,,,OBELIX/ordered_cifs/wa3_ordered_03.cif
wa3,OBELIX/cifs/wa3.cif,ok,,Li51.2 La24 Zr16 Al1.6 O96,Li25.584 La12 Zr8 Al0.78 O48,Li25.584 La12 Zr8 Al0.78 O48,176,0,0.0,spacegroup,0,0,,1,1x1x1,0.04233333333333328,0.011399999999999995,True,0.00020871217047005973,0.005228993869455467,0.0051628956949864024,True,,4,,94,Li25 La12 Zr8 Al1 O48,none,False,,,OBELIX/ordered_cifs/wa3_ordered_04.cif
wgw,OBELIX/cifs/wgw.cif,ok,,Sr3 Li4 Nb6 O20,Sr1.524 Li2 Nb3 O10,Sr1.524 Li2 Nb3 O10,19,0,0.0,spacegroup+split_site_pairs,2,0,O,2,1x2x1,0.01200000000000001,0.0020000000000000018,True,0.0013203934772562098,0.0,0.0,True,,0,,33,Sr3 Li4 Nb6 O20,none,False,,,OBELIX/ordered_cifs/wgw_ordered.cif
wsd,OBELIX/cifs/wsd.cif,ok,,Li25.2 Si1.2 P2.8 S20 Br4,Li6.3 Si0.3 P0.7 S5 Br1,Li6.3 Si0.3 P0.7 S5 Br1,25,0,0.0,spacegroup+split_site_clusters,0,6,Li,6,1x3x2,0.033333333333333326,0.01645061728395063,True,5.551115123125783e-17,0.012145748987854199,0.012145748987854199,True,,0,,78,Li36 Si2 P4 S30 Br6,none,False,,,OBELIX/ordered_cifs/wsd_ordered.cif
wsd,OBELIX/cifs/wsd.cif,ok,,Li25.2 Si1.2 P2.8 S20 Br4,Li6.3 Si0.3 P0.7 S5 Br1,Li6.3 Si0.3 P0.7 S5 Br1,25,0,0.0,spacegroup+split_site_clusters,0,6,Li,6,1x3x2,0.033333333333333326,0.01645061728395063,True,5.551115123125783e-17,0.012145748987854199,0.012145748987854199,True,,1,,78,Li36 Si2 P4 S30 Br6,none,False,,,OBELIX/ordered_cifs/wsd_ordered_01.cif
wsd,OBELIX/cifs/wsd.cif,ok,,Li25.2 Si1.2 P2.8 S20 Br4,Li6.3 Si0.3 P0.7 S5 Br1,Li6.3 Si0.3 P0.7 S5 Br1,25,0,0.0,spacegroup+split_site_clusters,0,6,Li,6,1x3x2,0.033333333333333326,0.01645061728395063,True,5.551115123125783e-17,0.012145748987854199,0.012145748987854199,True,,2,,78,Li36 Si2 P4 S30 Br6,none,False,,,OBELIX/ordered_cifs/wsd_ordered_02.cif
wsd,OBELIX/cifs/wsd.cif,ok,,Li25.2 Si1.2 P2.8 S20 Br4,Li6.3 Si0.3 P0.7 S5 Br1,Li6.3 Si0.3 P0.7 S5 Br1,25,0,0.0,spacegroup+split_site_clusters,0,6,Li,6,1x3x2,0.033333333333333326,0.01645061728395063,True,5.551115123125783e-17,0.012145748987854199,0.012145748987854199,True,,3,,78,Li36 Si2 P4 S30 Br6,none,False,,,OBELIX/ordered_cifs/wsd_ordered_03.cif
wsd,OBELIX/cifs/wsd.cif,ok,,Li25.2 Si1.2 P2.8 S20 Br4,Li6.3 Si0.3 P0.7 S5 Br1,Li6.3 Si0.3 P0.7 S5 Br1,25,0,0.0,spacegroup+split_site_clusters,0,6,Li,6,1x3x2,0.033333333333333326,0.01645061728395063,True,5.551115123125783e-17,0.012145748987854199,0.012145748987854199,True,,4,,78,Li36 Si2 P4 S30 Br6,none,False,,,OBELIX/ordered_cifs/wsd_ordered_04.cif
wyu,OBELIX/cifs/wyu.cif,copied_ordered,,Li56 La24 Zr16 O96,Li28 La12 Zr8 O48,Li28 La12 Zr8 O48,96,0,0.0,,0,0,,,,,,,0.0,0.0,0.0,True,,,,96,Li28 La12 Zr8 O48,none,False,,,OBELIX/ordered_cifs/wyu_ordered.cif
x2i,OBELIX/cifs/x2i.cif,copied_ordered,,Li8 Bi8 O16,Li4 Bi4 O8,Li4 Bi4 O8,16,0,0.0,,0,0,,,,,,,0.0,0.0,0.0,True,,,,16,Li4 Bi4 O8,none,False,,,OBELIX/ordered_cifs/x2i_ordered.cif
x2v,OBELIX/cifs/x2v.cif,ok,,Li24.3 Si0.3 P3.7 S20 Br4,Li6.07506 Si0.075 P0.925 S5 Br1,Li6.07506 Si0.075 P0.925 S5 Br1,25,0,0.0,spacegroup+split_site_clusters,0,6,Li,8,2x2x2,0.050000000000000044,0.020764444444444457,True,2.456766618030848e-06,0.0038792469480806004,0.003879220625581121,True,,0,,104,Li48 Si1 P7 S40 Br8,none,False,,,OBELIX/ordered_cifs/x2v_ordered.cif
x2v,OBELIX/cifs/x2v.cif,ok,,Li24.3 Si0.3 P3.7 S20 Br4,Li6.07506 Si0.075 P0.925 S5 Br1,Li6.07506 Si0.075 P0.925 S5 Br1,25,0,0.0,spacegroup+split_site_clusters,0,6,Li,8,2x2x2,0.050000000000000044,0.020764444444444457,True,2.456766618030848e-06,0.0038792469480806004,0.003879220625581121,True,,1,,104,Li48 Si1 P7 S40 Br8,none,False,,,OBELIX/ordered_cifs/x2v_ordered_01.cif
x2v,OBELIX/cifs/x2v.cif,ok,,Li24.3 Si0.3 P3.7 S20 Br4,Li6.07506 Si0.075 P0.925 S5 Br1,Li6.07506 Si0.075 P0.925 S5 Br1,25,0,0.0,spacegroup+split_site_clusters,0,6,Li,8,2x2x2,0.050000000000000044,0.020764444444444457,True,2.456766618030848e-06,0.0038792469480806004,0.003879220625581121,True,,2,,104,Li48 Si1 P7 S40 Br8,none,False,,,OBELIX/ordered_cifs/x2v_ordered_02.cif
x2v,OBELIX/cifs/x2v.cif,ok,,Li24.3 Si0.3 P3.7 S20 Br4,Li6.07506 Si0.075 P0.925 S5 Br1,Li6.07506 Si0.075 P0.925 S5 Br1,25,0,0.0,spacegroup+split_site_clusters,0,6,Li,8,2x2x2,0.050000000000000044,0.020764444444444457,True,2.456766618030848e-06,0.0038792469480806004,0.003879220625581121,True,,3,,104,Li48 Si1 P7 S40 Br8,none,False,,,OBELIX/ordered_cifs/x2v_ordered_03.cif
x2v,OBELIX/cifs/x2v.cif,ok,,Li24.3 Si0.3 P3.7 S20 Br4,Li6.07506 Si0.075 P0.925 S5 Br1,Li6.07506 Si0.075 P0.925 S5 Br1,25,0,0.0,spacegroup+split_site_clusters,0,6,Li,8,2x2x2,0.050000000000000044,0.020764444444444457,True,2.456766618030848e-06,0.0038792469480806004,0.003879220625581121,True,,4,,104,Li48 Si1 P7 S40 Br8,none,False,,,OBELIX/ordered_cifs/x2v_ordered_04.cif
x9d,OBELIX/cifs/x9d.cif,ok,,Li24.5 Si0.5 P3.5 S20 Br4,Li6.12504 Si0.125 P0.875 S5 Br1,Li6.12504 Si0.125 P0.875 S5 Br1,25,0,0.0,spacegroup+split_site_clusters,0,6,Li,6,1x3x2,0.04166666666666666,0.017754444444444455,True,1.6253918718178717e-06,0.00512820512820511,0.005126579736333292,True,,0,,78,Li36 Si1 P5 S30 Br6,none,False,,,OBELIX/ordered_cifs/x9d_ordered.cif
x9d,OBELIX/cifs/x9d.cif,ok,,Li24.5 Si0.5 P3.5 S20 Br4,Li6.12504 Si0.125 P0.875 S5 Br1,Li6.12504 Si0.125 P0.875 S5 Br1,25,0,0.0,spacegroup+split_site_clusters,0,6,Li,6,1x3x2,0.04166666666666666,0.017754444444444455,True,1.6253918718178717e-06,0.00512820512820511,0.005126579736333292,True,,1,,78,Li36 Si1 P5 S30 Br6,none,False,,,OBELIX/ordered_cifs/x9d_ordered_01.cif
x9d,OBELIX/cifs/x9d.cif,ok,,Li24.5 Si0.5 P3.5 S20 Br4,Li6.12504 Si0.125 P0.875 S5 Br1,Li6.12504 Si0.125 P0.875 S5 Br1,25,0,0.0,spacegroup+split_site_clusters,0,6,Li,6,1x3x2,0.04166666666666666,0.017754444444444455,True,1.6253918718178717e-06,0.00512820512820511,0.005126579736333292,True,,2,,78,Li36 Si1 P5 S30 Br6,none,False,,,OBELIX/ordered_cifs/x9d_ordered_02.cif
x9d,OBELIX/cifs/x9d.cif,ok,,Li24.5 Si0.5 P3.5 S20 Br4,Li6.12504 Si0.125 P0.875 S5 Br1,Li6.12504 Si0.125 P0.875 S5 Br1,25,0,0.0,spacegroup+split_site_clusters,0,6,Li,6,1x3x2,0.04166666666666666,0.017754444444444455,True,1.6253918718178717e-06,0.00512820512820511,0.005126579736333292,True,,3,,78,Li36 Si1 P5 S30 Br6,none,False,,,OBELIX/ordered_cifs/x9d_ordered_03.cif
x9d,OBELIX/cifs/x9d.cif,ok,,Li24.5 Si0.5 P3.5 S20 Br4,Li6.12504 Si0.125 P0.875 S5 Br1,Li6.12504 Si0.125 P0.875 S5 Br1,25,0,0.0,spacegroup+split_site_clusters,0,6,Li,6,1x3x2,0.04166666666666666,0.017754444444444455,True,1.6253918718178717e-06,0.00512820512820511,0.005126579736333292,True,,4,,78,Li36 Si1 P5 S30 Br6,none,False,,,OBELIX/ordered_cifs/x9d_ordered_04.cif
xa0,OBELIX/cifs/xa0.cif,ok,,Li9 Ti9 Al3 P18 O72,Li9.0006 Ti9 Al3 P18 O72,Li9.0006 Ti9 Al3 P18 O72,126,0,0.0,spacegroup,0,0,,2,1x2x1,3.333333333332966e-05,5.555555555554943e-06,True,4.967102442243743e-06,0.0,0.0,True,,0,,222,Li18 Ti18 Al6 P36 O144,none,False,,,OBELIX/ordered_cifs/xa0_ordered.cif
xa0,OBELIX/cifs/xa0.cif,ok,,Li9 Ti9 Al3 P18 O72,Li9.0006 Ti9 Al3 P18 O72,Li9.0006 Ti9 Al3 P18 O72,126,0,0.0,spacegroup,0,0,,2,1x2x1,3.333333333332966e-05,5.555555555554943e-06,True,4.967102442243743e-06,0.0,0.0,True,,1,,222,Li18 Ti18 Al6 P36 O144,none,False,,,OBELIX/ordered_cifs/xa0_ordered_01.cif
xa0,OBELIX/cifs/xa0.cif,ok,,Li9 Ti9 Al3 P18 O72,Li9.0006 Ti9 Al3 P18 O72,Li9.0006 Ti9 Al3 P18 O72,126,0,0.0,spacegroup,0,0,,2,1x2x1,3.333333333332966e-05,5.555555555554943e-06,True,4.967102442243743e-06,0.0,0.0,True,,2,,222,Li18 Ti18 Al6 P36 O144,none,False,,,OBELIX/ordered_cifs/xa0_ordered_02.cif
xa0,OBELIX/cifs/xa0.cif,ok,,Li9 Ti9 Al3 P18 O72,Li9.0006 Ti9 Al3 P18 O72,Li9.0006 Ti9 Al3 P18 O72,126,0,0.0,spacegroup,0,0,,2,1x2x1,3.333333333332966e-05,5.555555555554943e-06,True,4.967102442243743e-06,0.0,0.0,True,,3,,222,Li18 Ti18 Al6 P36 O144,none,False,,,OBELIX/ordered_cifs/xa0_ordered_03.cif
xa0,OBELIX/cifs/xa0.cif,ok,,Li9 Ti9 Al3 P18 O72,Li9.0006 Ti9 Al3 P18 O72,Li9.0006 Ti9 Al3 P18 O72,126,0,0.0,spacegroup,0,0,,2,1x2x1,3.333333333332966e-05,5.555555555554943e-06,True,4.967102442243743e-06,0.0,0.0,True,,4,,222,Li18 Ti18 Al6 P36 O144,none,False,,,OBELIX/ordered_cifs/xa0_ordered_04.cif
xas,OBELIX/cifs/xas.cif,copied_ordered,,Li16 Sn8 S24,Li8 Sn4 S12,Li8 Sn4 S12,24,0,0.0,,0,0,,,,,,,0.0,0.0,0.0,True,,,,24,Li8 Sn4 S12,none,False,,,OBELIX/ordered_cifs/xas_ordered.cif
xk3,OBELIX/cifs/xk3.cif,ok,,Li16 Ge4 Se16,Li16 Ge4 Se16,Li16 Ge4 Se16,48,0,0.0,spacegroup+split_site_pairs,12,0,Li,1,1x1x1,0.0,0.0,True,1.1102230246251565e-16,0.0,0.0,True,,0,,36,Li16 Ge4 Se16,none,False,,,OBELIX/ordered_cifs/xk3_ordered.cif
xk3,OBELIX/cifs/xk3.cif,ok,,Li16 Ge4 Se16,Li16 Ge4 Se16,Li16 Ge4 Se16,48,0,0.0,spacegroup+split_site_pairs,12,0,Li,1,1x1x1,0.0,0.0,True,1.1102230246251565e-16,0.0,0.0,True,,1,,36,Li16 Ge4 Se16,none,False,,,OBELIX/ordered_cifs/xk3_ordered_01.cif
xk3,OBELIX/cifs/xk3.cif,ok,,Li16 Ge4 Se16,Li16 Ge4 Se16,Li16 Ge4 Se16,48,0,0.0,spacegroup+split_site_pairs,12,0,Li,1,1x1x1,0.0,0.0,True,1.1102230246251565e-16,0.0,0.0,True,,2,,36,Li16 Ge4 Se16,none,False,,,OBELIX/ordered_cifs/xk3_ordered_02.cif
xk3,OBELIX/cifs/xk3.cif,ok,,Li16 Ge4 Se16,Li16 Ge4 Se16,Li16 Ge4 Se16,48,0,0.0,spacegroup+split_site_pairs,12,0,Li,1,1x1x1,0.0,0.0,True,1.1102230246251565e-16,0.0,0.0,True,,3,,36,Li16 Ge4 Se16,none,False,,,OBELIX/ordered_cifs/xk3_ordered_03.cif
xk3,OBELIX/cifs/xk3.cif,ok,,Li16 Ge4 Se16,Li16 Ge4 Se16,Li16 Ge4 Se16,48,0,0.0,spacegroup+split_site_pairs,12,0,Li,1,1x1x1,0.0,0.0,True,1.1102230246251565e-16,0.0,0.0,True,,4,,36,Li16 Ge4 Se16,none,False,,,OBELIX/ordered_cifs/xk3_ordered_04.cif
xog,OBELIX/cifs/xog.cif,ok,,Li40 La24 Sb16 O96,Li19.98 La12 Sb8 O48,Li19.98 La12 Sb8 O48,128,0,0.0,spacegroup,0,0,,1,1x1x1,0.04033333333333333,0.014285714285714271,True,0.00017565975738292883,0.0,0.0,True,,0,,88,Li20 La12 Sb8 O48,none,False,,,OBELIX/ordered_cifs/xog_ordered.cif
xog,OBELIX/cifs/xog.cif,ok,,Li40 La24 Sb16 O96,Li19.98 La12 Sb8 O48,Li19.98 La12 Sb8 O48,128,0,0.0,spacegroup,0,0,,1,1x1x1,0.04033333333333333,0.014285714285714271,True,0.00017565975738292883,0.0,0.0,True,,1,,88,Li20 La12 Sb8 O48,none,False,,,OBELIX/ordered_cifs/xog_ordered_01.cif
xog,OBELIX/cifs/xog.cif,ok,,Li40 La24 Sb16 O96,Li19.98 La12 Sb8 O48,Li19.98 La12 Sb8 O48,128,0,0.0,spacegroup,0,0,,1,1x1x1,0.04033333333333333,0.014285714285714271,True,0.00017565975738292883,0.0,0.0,True,,2,,88,Li20 La12 Sb8 O48,none,False,,,OBELIX/ordered_cifs/xog_ordered_02.cif
xog,OBELIX/cifs/xog.cif,ok,,Li40 La24 Sb16 O96,Li19.98 La12 Sb8 O48,Li19.98 La12 Sb8 O48,128,0,0.0,spacegroup,0,0,,1,1x1x1,0.04033333333333333,0.014285714285714271,True,0.00017565975738292883,0.0,0.0,True,,3,,88,Li20 La12 Sb8 O48,none,False,,,OBELIX/ordered_cifs/xog_ordered_03.cif
xog,OBELIX/cifs/xog.cif,ok,,Li40 La24 Sb16 O96,Li19.98 La12 Sb8 O48,Li19.98 La12 Sb8 O48,128,0,0.0,spacegroup,0,0,,1,1x1x1,0.04033333333333333,0.014285714285714271,True,0.00017565975738292883,0.0,0.0,True,,4,,88,Li20 La12 Sb8 O48,none,False,,,OBELIX/ordered_cifs/xog_ordered_04.cif
xq3,OBELIX/cifs/xq3.cif,ok,,Sr3 Li4 Nb5.77 Fe0.23 O19.77,Sr1.5072 Li2 Nb2.878 Fe0.12 O10,Sr1.5072 Li2 Nb2.878 Fe0.12 O10,19,0,0.0,spacegroup+split_site_pairs,2,0,O,6,3x2x1,0.04666666666666666,0.007180952380952385,True,0.0025739680334954107,0.004358507257500255,0.0028305741171989404,True,,0,,99,Sr9 Li12 Nb17 Fe1 O60,none,False,,,OBELIX/ordered_cifs/xq3_ordered.cif
xq3,OBELIX/cifs/xq3.cif,ok,,Sr3 Li4 Nb5.77 Fe0.23 O19.77,Sr1.5072 Li2 Nb2.878 Fe0.12 O10,Sr1.5072 Li2 Nb2.878 Fe0.12 O10,19,0,0.0,spacegroup+split_site_pairs,2,0,O,6,3x2x1,0.04666666666666666,0.007180952380952385,True,0.0025739680334954107,0.004358507257500255,0.0028305741171989404,True,,1,,99,Sr9 Li12 Nb17 Fe1 O60,none,False,,,OBELIX/ordered_cifs/xq3_ordered_01.cif
xq3,OBELIX/cifs/xq3.cif,ok,,Sr3 Li4 Nb5.77 Fe0.23 O19.77,Sr1.5072 Li2 Nb2.878 Fe0.12 O10,Sr1.5072 Li2 Nb2.878 Fe0.12 O10,19,0,0.0,spacegroup+split_site_pairs,2,0,O,6,3x2x1,0.04666666666666666,0.007180952380952385,True,0.0025739680334954107,0.004358507257500255,0.0028305741171989404,True,,2,,99,Sr9 Li12 Nb17 Fe1 O60,none,False,,,OBELIX/ordered_cifs/xq3_ordered_02.cif
xq3,OBELIX/cifs/xq3.cif,ok,,Sr3 Li4 Nb5.77 Fe0.23 O19.77,Sr1.5072 Li2 Nb2.878 Fe0.12 O10,Sr1.5072 Li2 Nb2.878 Fe0.12 O10,19,0,0.0,spacegroup+split_site_pairs,2,0,O,6,3x2x1,0.04666666666666666,0.007180952380952385,True,0.0025739680334954107,0.004358507257500255,0.0028305741171989404,True,,3,,99,Sr9 Li12 Nb17 Fe1 O60,none,False,,,OBELIX/ordered_cifs/xq3_ordered_03.cif
xq3,OBELIX/cifs/xq3.cif,ok,,Sr3 Li4 Nb5.77 Fe0.23 O19.77,Sr1.5072 Li2 Nb2.878 Fe0.12 O10,Sr1.5072 Li2 Nb2.878 Fe0.12 O10,19,0,0.0,spacegroup+split_site_pairs,2,0,O,6,3x2x1,0.04666666666666666,0.007180952380952385,True,0.0025739680334954107,0.004358507257500255,0.0028305741171989404,True,,4,,99,Sr9 Li12 Nb17 Fe1 O60,none,False,,,OBELIX/ordered_cifs/xq3_ordered_04.cif
xub,OBELIX/cifs/xub.cif,ok,,Li9.12 Mg2.4 Ti12.48 O32,Li2.28 Mg0.6 Ti3.12 O8,Li2.28 Mg0.6 Ti3.12 O8,14,0,0.0,spacegroup,0,0,,2,1x2x1,0.04999999999999999,0.020000000000000007,True,2.7755575615628914e-17,0.015714285714285736,0.01571428571428571,True,,0,,28,Li5 Mg1 Ti6 O16,none,False,,,OBELIX/ordered_cifs/xub_ordered.cif
xub,OBELIX/cifs/xub.cif,ok,,Li9.12 Mg2.4 Ti12.48 O32,Li2.28 Mg0.6 Ti3.12 O8,Li2.28 Mg0.6 Ti3.12 O8,14,0,0.0,spacegroup,0,0,,2,1x2x1,0.04999999999999999,0.020000000000000007,True,2.7755575615628914e-17,0.015714285714285736,0.01571428571428571,True,,1,,28,Li5 Mg1 Ti6 O16,none,False,,,OBELIX/ordered_cifs/xub_ordered_01.cif
xub,OBELIX/cifs/xub.cif,ok,,Li9.12 Mg2.4 Ti12.48 O32,Li2.28 Mg0.6 Ti3.12 O8,Li2.28 Mg0.6 Ti3.12 O8,14,0,0.0,spacegroup,0,0,,2,1x2x1,0.04999999999999999,0.020000000000000007,True,2.7755575615628914e-17,0.015714285714285736,0.01571428571428571,True,,2,,28,Li5 Mg1 Ti6 O16,none,False,,,OBELIX/ordered_cifs/xub_ordered_02.cif
xub,OBELIX/cifs/xub.cif,ok,,Li9.12 Mg2.4 Ti12.48 O32,Li2.28 Mg0.6 Ti3.12 O8,Li2.28 Mg0.6 Ti3.12 O8,14,0,0.0,spacegroup,0,0,,2,1x2x1,0.04999999999999999,0.020000000000000007,True,2.7755575615628914e-17,0.015714285714285736,0.01571428571428571,True,,3,,28,Li5 Mg1 Ti6 O16,none,False,,,OBELIX/ordered_cifs/xub_ordered_03.cif
xub,OBELIX/cifs/xub.cif,ok,,Li9.12 Mg2.4 Ti12.48 O32,Li2.28 Mg0.6 Ti3.12 O8,Li2.28 Mg0.6 Ti3.12 O8,14,0,0.0,spacegroup,0,0,,2,1x2x1,0.04999999999999999,0.020000000000000007,True,2.7755575615628914e-17,0.015714285714285736,0.01571428571428571,True,,4,,28,Li5 Mg1 Ti6 O16,none,False,,,OBELIX/ordered_cifs/xub_ordered_04.cif
xut,OBELIX/cifs/xut.cif,ok,,Sr8 Li8 Ta16 O48 F8,Sr1.996 Li1.996 Ta4 O12 F2,Sr1.996 Li1.996 Ta4 O12 F2,34,0,0.0,spacegroup+split_site_pairs,8,0,O,1,1x1x1,0.0020000000000000018,0.00017391304347826102,True,0.00019841925989616538,0.0,0.0,True,,0,,22,Sr2 Li2 Ta4 O12 F2,none,False,,,OBELIX/ordered_cifs/xut_ordered.cif
xut,OBELIX/cifs/xut.cif,ok,,Sr8 Li8 Ta16 O48 F8,Sr1.996 Li1.996 Ta4 O12 F2,Sr1.996 Li1.996 Ta4 O12 F2,34,0,0.0,spacegroup+split_site_pairs,8,0,O,1,1x1x1,0.0020000000000000018,0.00017391304347826102,True,0.00019841925989616538,0.0,0.0,True,,1,,22,Sr2 Li2 Ta4 O12 F2,none,False,,,OBELIX/ordered_cifs/xut_ordered_01.cif
xut,OBELIX/cifs/xut.cif,ok,,Sr8 Li8 Ta16 O48 F8,Sr1.996 Li1.996 Ta4 O12 F2,Sr1.996 Li1.996 Ta4 O12 F2,34,0,0.0,spacegroup+split_site_pairs,8,0,O,1,1x1x1,0.0020000000000000018,0.00017391304347826102,True,0.00019841925989616538,0.0,0.0,True,,2,,22,Sr2 Li2 Ta4 O12 F2,none,False,,,OBELIX/ordered_cifs/xut_ordered_02.cif
xut,OBELIX/cifs/xut.cif,ok,,Sr8 Li8 Ta16 O48 F8,Sr1.996 Li1.996 Ta4 O12 F2,Sr1.996 Li1.996 Ta4 O12 F2,34,0,0.0,spacegroup+split_site_pairs,8,0,O,1,1x1x1,0.0020000000000000018,0.00017391304347826102,True,0.00019841925989616538,0.0,0.0,True,,3,,22,Sr2 Li2 Ta4 O12 F2,none,False,,,OBELIX/ordered_cifs/xut_ordered_03.cif
xut,OBELIX/cifs/xut.cif,ok,,Sr8 Li8 Ta16 O48 F8,Sr1.996 Li1.996 Ta4 O12 F2,Sr1.996 Li1.996 Ta4 O12 F2,34,0,0.0,spacegroup+split_site_pairs,8,0,O,1,1x1x1,0.0020000000000000018,0.00017391304347826102,True,0.00019841925989616538,0.0,0.0,True,,4,,22,Sr2 Li2 Ta4 O12 F2,none,False,,,OBELIX/ordered_cifs/xut_ordered_04.cif
xz4,OBELIX/cifs/xz4.cif,ok,,Li2 Ce2 Mo4 O16,Li1 Ce1 Mo2 O8,Li1 Ce1 Mo2 O8,12,0,0.0,spacegroup,0,0,,1,1x1x1,0.0,0.0,True,0.0,0.0,0.0,True,,0,,12,Li1 Ce1 Mo2 O8,none,False,,,OBELIX/ordered_cifs/xz4_ordered.cif
y2l,OBELIX/cifs/y2l.cif,copied_ordered,,Li10 Al2 S8,Li10 Al2 S8,Li10 Al2 S8,20,0,0.0,,0,0,,,,,,,0.0,0.0,0.0,True,,,,20,Li10 Al2 S8,none,False,,,OBELIX/ordered_cifs/y2l_ordered.cif
yab,OBELIX/cifs/yab.cif,ok,,Sr7.2 Li8 Ta16 O48 F6.4,Sr0.934 Li1 Ta2 O24 F8,Sr0.934 Li1 Ta2 O24 F8,36,0,0.0,spacegroup,0,0,,1,1x1x1,0.032999999999999974,0.010999999999999982,True,0.1478640227748796,0.14745586708203529,0.00010203892321108965,True,,0,,36,Sr1 Li1 Ta2 O24 F8,none,False,,,OBELIX/ordered_cifs/yab_ordered.cif
yav,OBELIX/cifs/yav.cif,ok,,Li8 V4 Cl16,Li4 V2 Cl8,Li4 V2 Cl8,14,0,0.0,spacegroup,0,0,,1,1x1x1,0.0,0.0,True,0.0,0.0,0.0,True,,0,,14,Li4 V2 Cl8,none,False,,,OBELIX/ordered_cifs/yav_ordered.cif
ym6,OBELIX/cifs/ym6.cif,ok,,Li7.8 Ti10.2 Al1.8 P18 O72,Li2.6 Ti3.3996 Al0.6 P6 O24,Li2.6 Ti3.3996 Al0.6 P6 O24,48,0,0.0,spacegroup,0,0,,2,1x2x1,0.02510000000000001,0.007429629629629638,True,9.913811354608781e-06,0.002994236095516134,0.0029843222841615252,True,,0,,73,Li5 Ti7 Al1 P12 O48,none,False,,,OBELIX/ordered_cifs/ym6_ordered.cif
ym6,OBELIX/cifs/ym6.cif,ok,,Li7.8 Ti10.2 Al1.8 P18 O72,Li2.6 Ti3.3996 Al0.6 P6 O24,Li2.6 Ti3.3996 Al0.6 P6 O24,48,0,0.0,spacegroup,0,0,,2,1x2x1,0.02510000000000001,0.007429629629629638,True,9.913811354608781e-06,0.002994236095516134,0.0029843222841615252,True,,1,,73,Li5 Ti7 Al1 P12 O48,none,False,,,OBELIX/ordered_cifs/ym6_ordered_01.cif
ym6,OBELIX/cifs/ym6.cif,ok,,Li7.8 Ti10.2 Al1.8 P18 O72,Li2.6 Ti3.3996 Al0.6 P6 O24,Li2.6 Ti3.3996 Al0.6 P6 O24,48,0,0.0,spacegroup,0,0,,2,1x2x1,0.02510000000000001,0.007429629629629638,True,9.913811354608781e-06,0.002994236095516134,0.0029843222841615252,True,,2,,73,Li5 Ti7 Al1 P12 O48,none,False,,,OBELIX/ordered_cifs/ym6_ordered_02.cif
ym6,OBELIX/cifs/ym6.cif,ok,,Li7.8 Ti10.2 Al1.8 P18 O72,Li2.6 Ti3.3996 Al0.6 P6 O24,Li2.6 Ti3.3996 Al0.6 P6 O24,48,0,0.0,spacegroup,0,0,,2,1x2x1,0.02510000000000001,0.007429629629629638,True,9.913811354608781e-06,0.002994236095516134,0.0029843222841615252,True,,3,,73,Li5 Ti7 Al1 P12 O48,none,False,,,OBELIX/ordered_cifs/ym6_ordered_03.cif
ym6,OBELIX/cifs/ym6.cif,ok,,Li7.8 Ti10.2 Al1.8 P18 O72,Li2.6 Ti3.3996 Al0.6 P6 O24,Li2.6 Ti3.3996 Al0.6 P6 O24,48,0,0.0,spacegroup,0,0,,2,1x2x1,0.02510000000000001,0.007429629629629638,True,9.913811354608781e-06,0.002994236095516134,0.0029843222841615252,True,,4,,73,Li5 Ti7 Al1 P12 O48,none,False,,,OBELIX/ordered_cifs/ym6_ordered_04.cif
ymc,OBELIX/cifs/ymc.cif,ok,,Li24 P4 S20 I2 Br2,Li6.006 P1 S5 I0.5 Br0.5,Li6.006 P1 S5 I0.5 Br0.5,25,0,0.0,spacegroup+split_site_clusters,0,6,Li,2,1x2x1,0.030000000000000027,0.014400000000000013,True,0.0002484060611078198,0.0,0.0,True,,0,,26,Li12 P2 S10 I1 Br1,none,False,,,OBELIX/ordered_cifs/ymc_ordered.cif
ymc,OBELIX/cifs/ymc.cif,ok,,Li24 P4 S20 I2 Br2,Li6.006 P1 S5 I0.5 Br0.5,Li6.006 P1 S5 I0.5 Br0.5,25,0,0.0,spacegroup+split_site_clusters,0,6,Li,2,1x2x1,0.030000000000000027,0.014400000000000013,True,0.0002484060611078198,0.0,0.0,True,,1,,26,Li12 P2 S10 I1 Br1,none,False,,,OBELIX/ordered_cifs/ymc_ordered_01.cif
ymc,OBELIX/cifs/ymc.cif,ok,,Li24 P4 S20 I2 Br2,Li6.006 P1 S5 I0.5 Br0.5,Li6.006 P1 S5 I0.5 Br0.5,25,0,0.0,spacegroup+split_site_clusters,0,6,Li,2,1x2x1,0.030000000000000027,0.014400000000000013,True,0.0002484060611078198,0.0,0.0,True,,2,,26,Li12 P2 S10 I1 Br1,none,False,,,OBELIX/ordered_cifs/ymc_ordered_02.cif
ymc,OBELIX/cifs/ymc.cif,ok,,Li24 P4 S20 I2 Br2,Li6.006 P1 S5 I0.5 Br0.5,Li6.006 P1 S5 I0.5 Br0.5,25,0,0.0,spacegroup+split_site_clusters,0,6,Li,2,1x2x1,0.030000000000000027,0.014400000000000013,True,0.0002484060611078198,0.0,0.0,True,,3,,26,Li12 P2 S10 I1 Br1,none,False,,,OBELIX/ordered_cifs/ymc_ordered_03.cif
ymc,OBELIX/cifs/ymc.cif,ok,,Li24 P4 S20 I2 Br2,Li6.006 P1 S5 I0.5 Br0.5,Li6.006 P1 S5 I0.5 Br0.5,25,0,0.0,spacegroup+split_site_clusters,0,6,Li,2,1x2x1,0.030000000000000027,0.014400000000000013,True,0.0002484060611078198,0.0,0.0,True,,4,,26,Li12 P2 S10 I1 Br1,none,False,,,OBELIX/ordered_cifs/ymc_ordered_04.cif
yq2,OBELIX/cifs/yq2.cif,ok,,Li6.6 Ti11.4 Al0.6 P18 O72,Li2.228 Ti3.7984 Al0.2016 P6 O24,Li2.228 Ti3.7984 Al0.2016 P6 O24,48,0,0.0,spacegroup,0,0,,3,1x1x3,0.03293333333333337,0.01042777777777778,True,0.0007259120719178003,0.004054944497947188,0.003929648414273304,True,,0,,109,Li7 Ti11 Al1 P18 O72,none,False,,,OBELIX/ordered_cifs/yq2_ordered.cif
yq2,OBELIX/cifs/yq2.cif,ok,,Li6.6 Ti11.4 Al0.6 P18 O72,Li2.228 Ti3.7984 Al0.2016 P6 O24,Li2.228 Ti3.7984 Al0.2016 P6 O24,48,0,0.0,spacegroup,0,0,,3,1x1x3,0.03293333333333337,0.01042777777777778,True,0.0007259120719178003,0.004054944497947188,0.003929648414273304,True,,1,,109,Li7 Ti11 Al1 P18 O72,none,False,,,OBELIX/ordered_cifs/yq2_ordered_01.cif
yq2,OBELIX/cifs/yq2.cif,ok,,Li6.6 Ti11.4 Al0.6 P18 O72,Li2.228 Ti3.7984 Al0.2016 P6 O24,Li2.228 Ti3.7984 Al0.2016 P6 O24,48,0,0.0,spacegroup,0,0,,3,1x1x3,0.03293333333333337,0.01042777777777778,True,0.0007259120719178003,0.004054944497947188,0.003929648414273304,True,,2,,109,Li7 Ti11 Al1 P18 O72,none,False,,,OBELIX/ordered_cifs/yq2_ordered_02.cif
yq2,OBELIX/cifs/yq2.cif,ok,,Li6.6 Ti11.4 Al0.6 P18 O72,Li2.228 Ti3.7984 Al0.2016 P6 O24,Li2.228 Ti3.7984 Al0.2016 P6 O24,48,0,0.0,spacegroup,0,0,,3,1x1x3,0.03293333333333337,0.01042777777777778,True,0.0007259120719178003,0.004054944497947188,0.003929648414273304,True,,3,,109,Li7 Ti11 Al1 P18 O72,none,False,,,OBELIX/ordered_cifs/yq2_ordered_03.cif
yq2,OBELIX/cifs/yq2.cif,ok,,Li6.6 Ti11.4 Al0.6 P18 O72,Li2.228 Ti3.7984 Al0.2016 P6 O24,Li2.228 Ti3.7984 Al0.2016 P6 O24,48,0,0.0,spacegroup,0,0,,3,1x1x3,0.03293333333333337,0.01042777777777778,True,0.0007259120719178003,0.004054944497947188,0.003929648414273304,True,,4,,109,Li7 Ti11 Al1 P18 O72,none,False,,,OBELIX/ordered_cifs/yq2_ordered_04.cif
yqu,OBELIX/cifs/yqu.cif,ok,,Li7.2 Ti10.8 Al1.2 P18 O72,Li2.336 Ti3.66 Al0.34 P6 O24,Li2.336 Ti3.66 Al0.34 P6 O24,48,0,0.0,spacegroup,0,0,,2,1x2x1,0.040000000000000036,0.014518518518518521,True,0.00182545327855764,0.0030106879421948063,0.0011852346636371663,True,,0,,73,Li5 Ti7 Al1 P12 O48,none,False,,,OBELIX/ordered_cifs/yqu_ordered.cif
yqu,OBELIX/cifs/yqu.cif,ok,,Li7.2 Ti10.8 Al1.2 P18 O72,Li2.336 Ti3.66 Al0.34 P6 O24,Li2.336 Ti3.66 Al0.34 P6 O24,48,0,0.0,spacegroup,0,0,,2,1x2x1,0.040000000000000036,0.014518518518518521,True,0.00182545327855764,0.0030106879421948063,0.0011852346636371663,True,,1,,73,Li5 Ti7 Al1 P12 O48,none,False,,,OBELIX/ordered_cifs/yqu_ordered_01.cif
yqu,OBELIX/cifs/yqu.cif,ok,,Li7.2 Ti10.8 Al1.2 P18 O72,Li2.336 Ti3.66 Al0.34 P6 O24,Li2.336 Ti3.66 Al0.34 P6 O24,48,0,0.0,spacegroup,0,0,,2,1x2x1,0.040000000000000036,0.014518518518518521,True,0.00182545327855764,0.0030106879421948063,0.0011852346636371663,True,,2,,73,Li5 Ti7 Al1 P12 O48,none,False,,,OBELIX/ordered_cifs/yqu_ordered_02.cif
yqu,OBELIX/cifs/yqu.cif,ok,,Li7.2 Ti10.8 Al1.2 P18 O72,Li2.336 Ti3.66 Al0.34 P6 O24,Li2.336 Ti3.66 Al0.34 P6 O24,48,0,0.0,spacegroup,0,0,,2,1x2x1,0.040000000000000036,0.014518518518518521,True,0.00182545327855764,0.0030106879421948063,0.0011852346636371663,True,,3,,73,Li5 Ti7 Al1 P12 O48,none,False,,,OBELIX/ordered_cifs/yqu_ordered_03.cif
yqu,OBELIX/cifs/yqu.cif,ok,,Li7.2 Ti10.8 Al1.2 P18 O72,Li2.336 Ti3.66 Al0.34 P6 O24,Li2.336 Ti3.66 Al0.34 P6 O24,48,0,0.0,spacegroup,0,0,,2,1x2x1,0.040000000000000036,0.014518518518518521,True,0.00182545327855764,0.0030106879421948063,0.0011852346636371663,True,,4,,73,Li5 Ti7 Al1 P12 O48,none,False,,,OBELIX/ordered_cifs/yqu_ordered_04.cif
ysm,OBELIX/cifs/ysm.cif,ok,,Sr8 Li8.8 Zr0.8 Nb15.2 O48 F8,Sr1.916 Li2.084 Zr0.2 Nb3.8 O12 F2,Sr1.916 Li2.084 Zr0.2 Nb3.8 O12 F2,34,0,0.0,spacegroup+split_site_pairs,8,0,O,3,1x1x3,0.033333333333333326,0.004724637681159422,True,0.004914004914004844,0.008190008190008202,0.00606060606060606,True,,0,,66,Sr6 Li6 Zr1 Nb11 O36 F6,none,False,,,OBELIX/ordered_cifs/ysm_ordered.cif
ysm,OBELIX/cifs/ysm.cif,ok,,Sr8 Li8.8 Zr0.8 Nb15.2 O48 F8,Sr1.916 Li2.084 Zr0.2 Nb3.8 O12 F2,Sr1.916 Li2.084 Zr0.2 Nb3.8 O12 F2,34,0,0.0,spacegroup+split_site_pairs,8,0,O,3,1x1x3,0.033333333333333326,0.004724637681159422,True,0.004914004914004844,0.008190008190008202,0.00606060606060606,True,,1,,66,Sr6 Li6 Zr1 Nb11 O36 F6,none,False,,,OBELIX/ordered_cifs/ysm_ordered_01.cif
ysm,OBELIX/cifs/ysm.cif,ok,,Sr8 Li8.8 Zr0.8 Nb15.2 O48 F8,Sr1.916 Li2.084 Zr0.2 Nb3.8 O12 F2,Sr1.916 Li2.084 Zr0.2 Nb3.8 O12 F2,34,0,0.0,spacegroup+split_site_pairs,8,0,O,3,1x1x3,0.033333333333333326,0.004724637681159422,True,0.004914004914004844,0.008190008190008202,0.00606060606060606,True,,2,,66,Sr6 Li6 Zr1 Nb11 O36 F6,none,False,,,OBELIX/ordered_cifs/ysm_ordered_02.cif
ysm,OBELIX/cifs/ysm.cif,ok,,Sr8 Li8.8 Zr0.8 Nb15.2 O48 F8,Sr1.916 Li2.084 Zr0.2 Nb3.8 O12 F2,Sr1.916 Li2.084 Zr0.2 Nb3.8 O12 F2,34,0,0.0,spacegroup+split_site_pairs,8,0,O,3,1x1x3,0.033333333333333326,0.004724637681159422,True,0.004914004914004844,0.008190008190008202,0.00606060606060606,True,,3,,66,Sr6 Li6 Zr1 Nb11 O36 F6,none,False,,,OBELIX/ordered_cifs/ysm_ordered_03.cif
ysm,OBELIX/cifs/ysm.cif,ok,,Sr8 Li8.8 Zr0.8 Nb15.2 O48 F8,Sr1.916 Li2.084 Zr0.2 Nb3.8 O12 F2,Sr1.916 Li2.084 Zr0.2 Nb3.8 O12 F2,34,0,0.0,spacegroup+split_site_pairs,8,0,O,3,1x1x3,0.033333333333333326,0.004724637681159422,True,0.004914004914004844,0.008190008190008202,0.00606060606060606,True,,4,,66,Sr6 Li6 Zr1 Nb11 O36 F6,none,False,,,OBELIX/ordered_cifs/ysm_ordered_04.cif
ywe,OBELIX/cifs/ywe.cif,ok,,Li24 P4 S20 I4,Li6.006 P1 S5 I1,Li6.006 P1 S5 I1,25,0,0.0,spacegroup+split_site_clusters,0,6,Li,2,1x2x1,0.031,0.007833333333333336,True,0.00024840606110787533,0.0,0.0,True,,0,,26,Li12 P2 S10 I2,none,False,,,OBELIX/ordered_cifs/ywe_ordered.cif
ywe,OBELIX/cifs/ywe.cif,ok,,Li24 P4 S20 I4,Li6.006 P1 S5 I1,Li6.006 P1 S5 I1,25,0,0.0,spacegroup+split_site_clusters,0,6,Li,2,1x2x1,0.031,0.007833333333333336,True,0.00024840606110787533,0.0,0.0,True,,1,,26,Li12 P2 S10 I2,none,False,,,OBELIX/ordered_cifs/ywe_ordered_01.cif
ywe,OBELIX/cifs/ywe.cif,ok,,Li24 P4 S20 I4,Li6.006 P1 S5 I1,Li6.006 P1 S5 I1,25,0,0.0,spacegroup+split_site_clusters,0,6,Li,2,1x2x1,0.031,0.007833333333333336,True,0.00024840606110787533,0.0,0.0,True,,2,,26,Li12 P2 S10 I2,none,False,,,OBELIX/ordered_cifs/ywe_ordered_02.cif
ywe,OBELIX/cifs/ywe.cif,ok,,Li24 P4 S20 I4,Li6.006 P1 S5 I1,Li6.006 P1 S5 I1,25,0,0.0,spacegroup+split_site_clusters,0,6,Li,2,1x2x1,0.031,0.007833333333333336,True,0.00024840606110787533,0.0,0.0,True,,3,,26,Li12 P2 S10 I2,none,False,,,OBELIX/ordered_cifs/ywe_ordered_03.cif
ywe,OBELIX/cifs/ywe.cif,ok,,Li24 P4 S20 I4,Li6.006 P1 S5 I1,Li6.006 P1 S5 I1,25,0,0.0,spacegroup+split_site_clusters,0,6,Li,2,1x2x1,0.031,0.007833333333333336,True,0.00024840606110787533,0.0,0.0,True,,4,,26,Li12 P2 S10 I2,none,False,,,OBELIX/ordered_cifs/ywe_ordered_04.cif
z16,OBELIX/cifs/z16.cif,ok,,Li24 P4 Se0.4 S19.6 Br4,Li6.006 P1 Se0.1 S4.9 Br1,Li6.006 P1 Se0.1 S4.9 Br1,25,0,0.0,spacegroup+split_site_clusters,0,6,Li,9,3x3x1,0.024403333333333332,0.00963604938271605,True,0.0002484060611078198,0.0008547008547009072,0.0008511521966850294,True,,0,,117,Li54 P9 Se1 S44 Br9,none,False,,,OBELIX/ordered_cifs/z16_ordered.cif
z16,OBELIX/cifs/z16.cif,ok,,Li24 P4 Se0.4 S19.6 Br4,Li6.006 P1 Se0.1 S4.9 Br1,Li6.006 P1 Se0.1 S4.9 Br1,25,0,0.0,spacegroup+split_site_clusters,0,6,Li,9,3x3x1,0.024403333333333332,0.00963604938271605,True,0.0002484060611078198,0.0008547008547009072,0.0008511521966850294,True,,1,,117,Li54 P9 Se1 S44 Br9,none,False,,,OBELIX/ordered_cifs/z16_ordered_01.cif
z16,OBELIX/cifs/z16.cif,ok,,Li24 P4 Se0.4 S19.6 Br4,Li6.006 P1 Se0.1 S4.9 Br1,Li6.006 P1 Se0.1 S4.9 Br1,25,0,0.0,spacegroup+split_site_clusters,0,6,Li,9,3x3x1,0.024403333333333332,0.00963604938271605,True,0.0002484060611078198,0.0008547008547009072,0.0008511521966850294,True,,2,,117,Li54 P9 Se1 S44 Br9,none,False,,,OBELIX/ordered_cifs/z16_ordered_02.cif
z16,OBELIX/cifs/z16.cif,ok,,Li24 P4 Se0.4 S19.6 Br4,Li6.006 P1 Se0.1 S4.9 Br1,Li6.006 P1 Se0.1 S4.9 Br1,25,0,0.0,spacegroup+split_site_clusters,0,6,Li,9,3x3x1,0.024403333333333332,0.00963604938271605,True,0.0002484060611078198,0.0008547008547009072,0.0008511521966850294,True,,3,,117,Li54 P9 Se1 S44 Br9,none,False,,,OBELIX/ordered_cifs/z16_ordered_03.cif
z16,OBELIX/cifs/z16.cif,ok,,Li24 P4 Se0.4 S19.6 Br4,Li6.006 P1 Se0.1 S4.9 Br1,Li6.006 P1 Se0.1 S4.9 Br1,25,0,0.0,spacegroup+split_site_clusters,0,6,Li,9,3x3x1,0.024403333333333332,0.00963604938271605,True,0.0002484060611078198,0.0008547008547009072,0.0008511521966850294,True,,4,,117,Li54 P9 Se1 S44 Br9,none,False,,,OBELIX/ordered_cifs/z16_ordered_04.cif
z2s,OBELIX/cifs/z2s.cif,ok,,Li44 Nd24 Zr16 Al4 O96,Li21.864 Nd12 Zr8 Al2.0004 O48,Li21.864 Nd12 Zr8 Al2.0004 O48,128,0,0.0,spacegroup,0,0,,1,1x1x1,0.016699999999999937,0.005924999999999993,True,0.0011274651882937081,0.0,0.0,True,,0,,92,Li22 Nd12 Zr8 Al2 O48,none,False,,,OBELIX/ordered_cifs/z2s_ordered.cif
z2s,OBELIX/cifs/z2s.cif,ok,,Li44 Nd24 Zr16 Al4 O96,Li21.864 Nd12 Zr8 Al2.0004 O48,Li21.864 Nd12 Zr8 Al2.0004 O48,128,0,0.0,spacegroup,0,0,,1,1x1x1,0.016699999999999937,0.005924999999999993,True,0.0011274651882937081,0.0,0.0,True,,1,,92,Li22 Nd12 Zr8 Al2 O48,none,False,,,OBELIX/ordered_cifs/z2s_ordered_01.cif
z2s,OBELIX/cifs/z2s.cif,ok,,Li44 Nd24 Zr16 Al4 O96,Li21.864 Nd12 Zr8 Al2.0004 O48,Li21.864 Nd12 Zr8 Al2.0004 O48,128,0,0.0,spacegroup,0,0,,1,1x1x1,0.016699999999999937,0.005924999999999993,True,0.0011274651882937081,0.0,0.0,True,,2,,92,Li22 Nd12 Zr8 Al2 O48,none,False,,,OBELIX/ordered_cifs/z2s_ordered_02.cif
z2s,OBELIX/cifs/z2s.cif,ok,,Li44 Nd24 Zr16 Al4 O96,Li21.864 Nd12 Zr8 Al2.0004 O48,Li21.864 Nd12 Zr8 Al2.0004 O48,128,0,0.0,spacegroup,0,0,,1,1x1x1,0.016699999999999937,0.005924999999999993,True,0.0011274651882937081,0.0,0.0,True,,3,,92,Li22 Nd12 Zr8 Al2 O48,none,False,,,OBELIX/ordered_cifs/z2s_ordered_03.cif
z2s,OBELIX/cifs/z2s.cif,ok,,Li44 Nd24 Zr16 Al4 O96,Li21.864 Nd12 Zr8 Al2.0004 O48,Li21.864 Nd12 Zr8 Al2.0004 O48,128,0,0.0,spacegroup,0,0,,1,1x1x1,0.016699999999999937,0.005924999999999993,True,0.0011274651882937081,0.0,0.0,True,,4,,92,Li22 Nd12 Zr8 Al2 O48,none,False,,,OBELIX/ordered_cifs/z2s_ordered_04.cif
z7n,OBELIX/cifs/z7n.cif,ok,,Li5.16 Hf12.21 P18 O72,Li1.74 Hf4.064 P6 O24,Li1.74 Hf4.064 P6 O24,48,0,0.0,spacegroup,0,0,,1,1x1x1,0.03200000000000003,0.013416666666666664,True,0.0005398052274859372,0.007497438763155444,0.0069576335356695065,True,,0,,36,Li2 Hf4 P6 O24,none,False,,,OBELIX/ordered_cifs/z7n_ordered.cif
z7n,OBELIX/cifs/z7n.cif,ok,,Li5.16 Hf12.21 P18 O72,Li1.74 Hf4.064 P6 O24,Li1.74 Hf4.064 P6 O24,48,0,0.0,spacegroup,0,0,,1,1x1x1,0.03200000000000003,0.013416666666666664,True,0.0005398052274859372,0.007497438763155444,0.0069576335356695065,True,,1,,36,Li2 Hf4 P6 O24,none,False,,,OBELIX/ordered_cifs/z7n_ordered_01.cif
z7n,OBELIX/cifs/z7n.cif,ok,,Li5.16 Hf12.21 P18 O72,Li1.74 Hf4.064 P6 O24,Li1.74 Hf4.064 P6 O24,48,0,0.0,spacegroup,0,0,,1,1x1x1,0.03200000000000003,0.013416666666666664,True,0.0005398052274859372,0.007497438763155444,0.0069576335356695065,True,,2,,36,Li2 Hf4 P6 O24,none,False,,,OBELIX/ordered_cifs/z7n_ordered_02.cif
z7n,OBELIX/cifs/z7n.cif,ok,,Li5.16 Hf12.21 P18 O72,Li1.74 Hf4.064 P6 O24,Li1.74 Hf4.064 P6 O24,48,0,0.0,spacegroup,0,0,,1,1x1x1,0.03200000000000003,0.013416666666666664,True,0.0005398052274859372,0.007497438763155444,0.0069576335356695065,True,,3,,36,Li2 Hf4 P6 O24,none,False,,,OBELIX/ordered_cifs/z7n_ordered_03.cif
z7n,OBELIX/cifs/z7n.cif,ok,,Li5.16 Hf12.21 P18 O72,Li1.74 Hf4.064 P6 O24,Li1.74 Hf4.064 P6 O24,48,0,0.0,spacegroup,0,0,,1,1x1x1,0.03200000000000003,0.013416666666666664,True,0.0005398052274859372,0.007497438763155444,0.0069576335356695065,True,,4,,36,Li2 Hf4 P6 O24,none,False,,,OBELIX/ordered_cifs/z7n_ordered_04.cif
z9y,OBELIX/cifs/z9y.cif,ok,,Li7.2 Ti10.8 Al1.2 P18 O72,Li2.3996 Ti3.6 Al0.4 P6 O24,Li2.3996 Ti3.6 Al0.4 P6 O24,48,0,0.0,spacegroup,0,0,,2,1x2x1,0.025000000000000022,0.008341666666666664,True,1.0264573611390437e-05,0.0030106879421948063,0.003009601104988893,True,,0,,73,Li5 Ti7 Al1 P12 O48,none,False,,,OBELIX/ordered_cifs/z9y_ordered.cif
z9y,OBELIX/cifs/z9y.cif,ok,,Li7.2 Ti10.8 Al1.2 P18 O72,Li2.3996 Ti3.6 Al0.4 P6 O24,Li2.3996 Ti3.6 Al0.4 P6 O24,48,0,0.0,spacegroup,0,0,,2,1x2x1,0.025000000000000022,0.008341666666666664,True,1.0264573611390437e-05,0.0030106879421948063,0.003009601104988893,True,,1,,73,Li5 Ti7 Al1 P12 O48,none,False,,,OBELIX/ordered_cifs/z9y_ordered_01.cif
z9y,OBELIX/cifs/z9y.cif,ok,,Li7.2 Ti10.8 Al1.2 P18 O72,Li2.3996 Ti3.6 Al0.4 P6 O24,Li2.3996 Ti3.6 Al0.4 P6 O24,48,0,0.0,spacegroup,0,0,,2,1x2x1,0.025000000000000022,0.008341666666666664,True,1.0264573611390437e-05,0.0030106879421948063,0.003009601104988893,True,,2,,73,Li5 Ti7 Al1 P12 O48,none,False,,,OBELIX/ordered_cifs/z9y_ordered_02.cif
z9y,OBELIX/cifs/z9y.cif,ok,,Li7.2 Ti10.8 Al1.2 P18 O72,Li2.3996 Ti3.6 Al0.4 P6 O24,Li2.3996 Ti3.6 Al0.4 P6 O24,48,0,0.0,spacegroup,0,0,,2,1x2x1,0.025000000000000022,0.008341666666666664,True,1.0264573611390437e-05,0.0030106879421948063,0.003009601104988893,True,,3,,73,Li5 Ti7 Al1 P12 O48,none,False,,,OBELIX/ordered_cifs/z9y_ordered_03.cif
z9y,OBELIX/cifs/z9y.cif,ok,,Li7.2 Ti10.8 Al1.2 P18 O72,Li2.3996 Ti3.6 Al0.4 P6 O24,Li2.3996 Ti3.6 Al0.4 P6 O24,48,0,0.0,spacegroup,0,0,,2,1x2x1,0.025000000000000022,0.008341666666666664,True,1.0264573611390437e-05,0.0030106879421948063,0.003009601104988893,True,,4,,73,Li5 Ti7 Al1 P12 O48,none,False,,,OBELIX/ordered_cifs/z9y_ordered_04.cif
zs0,OBELIX/cifs/zs0.cif,ok,,Li3.04 La4 Mg0.32 O8,Li3.048 La4 Mg0.312 O8,Li3.048 La4 Mg0.312 O8,16,0,0.0,spacegroup,0,0,,2,2x1x1,0.047,0.015666666666666672,True,0.000520833333333335,0.011424731182795696,0.01090389784946236,True,,0,,31,Li6 La8 Mg1 O16,none,False,,,OBELIX/ordered_cifs/zs0_ordered.cif
zs0,OBELIX/cifs/zs0.cif,ok,,Li3.04 La4 Mg0.32 O8,Li3.048 La4 Mg0.312 O8,Li3.048 La4 Mg0.312 O8,16,0,0.0,spacegroup,0,0,,2,2x1x1,0.047,0.015666666666666672,True,0.000520833333333335,0.011424731182795696,0.01090389784946236,True,,1,,31,Li6 La8 Mg1 O16,none,False,,,OBELIX/ordered_cifs/zs0_ordered_01.cif
zs0,OBELIX/cifs/zs0.cif,ok,,Li3.04 La4 Mg0.32 O8,Li3.048 La4 Mg0.312 O8,Li3.048 La4 Mg0.312 O8,16,0,0.0,spacegroup,0,0,,2,2x1x1,0.047,0.015666666666666672,True,0.000520833333333335,0.011424731182795696,0.01090389784946236,True,,2,,31,Li6 La8 Mg1 O16,none,False,,,OBELIX/ordered_cifs/zs0_ordered_02.cif
zs0,OBELIX/cifs/zs0.cif,ok,,Li3.04 La4 Mg0.32 O8,Li3.048 La4 Mg0.312 O8,Li3.048 La4 Mg0.312 O8,16,0,0.0,spacegroup,0,0,,2,2x1x1,0.047,0.015666666666666672,True,0.000520833333333335,0.011424731182795696,0.01090389784946236,True,,3,,31,Li6 La8 Mg1 O16,none,False,,,OBELIX/ordered_cifs/zs0_ordered_03.cif
zs0,OBELIX/cifs/zs0.cif,ok,,Li3.04 La4 Mg0.32 O8,Li3.048 La4 Mg0.312 O8,Li3.048 La4 Mg0.312 O8,16,0,0.0,spacegroup,0,0,,2,2x1x1,0.047,0.015666666666666672,True,0.000520833333333335,0.011424731182795696,0.01090389784946236,True,,4,,31,Li6 La8 Mg1 O16,none,False,,,OBELIX/ordered_cifs/zs0_ordered_04.cif
zv5,OBELIX/cifs/zv5.cif,ok,,Li16 Ge4 Se8 S8,Li16 Ge4 Se8.396 S7.604,Li16 Ge4 Se8.396 S7.604,48,0,0.0,spacegroup+split_site_pairs,12,0,Li,2,2x1x1,0.028000000000000025,0.0036250000000000032,True,0.011000000000000038,0.013888888888888895,0.0028888888888888575,True,,0,,72,Li32 Ge8 Se17 S15,none,False,,,OBELIX/ordered_cifs/zv5_ordered.cif
zv5,OBELIX/cifs/zv5.cif,ok,,Li16 Ge4 Se8 S8,Li16 Ge4 Se8.396 S7.604,Li16 Ge4 Se8.396 S7.604,48,0,0.0,spacegroup+split_site_pairs,12,0,Li,2,2x1x1,0.028000000000000025,0.0036250000000000032,True,0.011000000000000038,0.013888888888888895,0.0028888888888888575,True,,1,,72,Li32 Ge8 Se17 S15,none,False,,,OBELIX/ordered_cifs/zv5_ordered_01.cif
zv5,OBELIX/cifs/zv5.cif,ok,,Li16 Ge4 Se8 S8,Li16 Ge4 Se8.396 S7.604,Li16 Ge4 Se8.396 S7.604,48,0,0.0,spacegroup+split_site_pairs,12,0,Li,2,2x1x1,0.028000000000000025,0.0036250000000000032,True,0.011000000000000038,0.013888888888888895,0.0028888888888888575,True,,2,,72,Li32 Ge8 Se17 S15,none,False,,,OBELIX/ordered_cifs/zv5_ordered_02.cif
zv5,OBELIX/cifs/zv5.cif,ok,,Li16 Ge4 Se8 S8,Li16 Ge4 Se8.396 S7.604,Li16 Ge4 Se8.396 S7.604,48,0,0.0,spacegroup+split_site_pairs,12,0,Li,2,2x1x1,0.028000000000000025,0.0036250000000000032,True,0.011000000000000038,0.013888888888888895,0.0028888888888888575,True,,3,,72,Li32 Ge8 Se17 S15,none,False,,,OBELIX/ordered_cifs/zv5_ordered_03.cif
zv5,OBELIX/cifs/zv5.cif,ok,,Li16 Ge4 Se8 S8,Li16 Ge4 Se8.396 S7.604,Li16 Ge4 Se8.396 S7.604,48,0,0.0,spacegroup+split_site_pairs,12,0,Li,2,2x1x1,0.028000000000000025,0.0036250000000000032,True,0.011000000000000038,0.013888888888888895,0.0028888888888888575,True,,4,,72,Li32 Ge8 Se17 S15,none,False,,,OBELIX/ordered_cifs/zv5_ordered_04.cif
zxr,OBELIX/cifs/zxr.cif,ok,,Sr8 Li48 La16 Ta16 O96,Sr3.996 Li23.64 La8.0004 Ta8 O48,Sr3.996 Li23.64 La8.0004 Ta8 O48,104,0,0.0,spacegroup,0,0,,1,1x1x1,0.018000000000000016,0.005407407407407404,True,0.002893477112664411,0.0,0.0,True,,0,,92,Sr4 Li24 La8 Ta8 O48,none,False,,,OBELIX/ordered_cifs/zxr_ordered.cif
zxr,OBELIX/cifs/zxr.cif,ok,,Sr8 Li48 La16 Ta16 O96,Sr3.996 Li23.64 La8.0004 Ta8 O48,Sr3.996 Li23.64 La8.0004 Ta8 O48,104,0,0.0,spacegroup,0,0,,1,1x1x1,0.018000000000000016,0.005407407407407404,True,0.002893477112664411,0.0,0.0,True,,1,,92,Sr4 Li24 La8 Ta8 O48,none,False,,,OBELIX/ordered_cifs/zxr_ordered_01.cif
zxr,OBELIX/cifs/zxr.cif,ok,,Sr8 Li48 La16 Ta16 O96,Sr3.996 Li23.64 La8.0004 Ta8 O48,Sr3.996 Li23.64 La8.0004 Ta8 O48,104,0,0.0,spacegroup,0,0,,1,1x1x1,0.018000000000000016,0.005407407407407404,True,0.002893477112664411,0.0,0.0,True,,2,,92,Sr4 Li24 La8 Ta8 O48,none,False,,,OBELIX/ordered_cifs/zxr_ordered_02.cif
zxr,OBELIX/cifs/zxr.cif,ok,,Sr8 Li48 La16 Ta16 O96,Sr3.996 Li23.64 La8.0004 Ta8 O48,Sr3.996 Li23.64 La8.0004 Ta8 O48,104,0,0.0,spacegroup,0,0,,1,1x1x1,0.018000000000000016,0.005407407407407404,True,0.002893477112664411,0.0,0.0,True,,3,,92,Sr4 Li24 La8 Ta8 O48,none,False,,,OBELIX/ordered_cifs/zxr_ordered_03.cif
zxr,OBELIX/cifs/zxr.cif,ok,,Sr8 Li48 La16 Ta16 O96,Sr3.996 Li23.64 La8.0004 Ta8 O48,Sr3.996 Li23.64 La8.0004 Ta8 O48,104,0,0.0,spacegroup,0,0,,1,1x1x1,0.018000000000000016,0.005407407407407404,True,0.002893477112664411,0.0,0.0,True,,4,,92,Sr4 Li24 La8 Ta8 O48,none,False,,,OBELIX/ordered_cifs/zxr_ordered_04.cif
zzr,OBELIX/cifs/zzr.cif,ok,,Li20 Ge2 P4 S24,Li19.944 Ge2 P4 S24,Li19.944 Ge2 P4 S24,70,0,0.0,spacegroup,0,0,,2,1x2x1,0.025000000000000022,0.005346153846153851,True,0.0006727534839018889,0.0,0.0,True,,0,,100,Li40 Ge4 P8 S48,none,False,,,OBELIX/ordered_cifs/zzr_ordered.cif
zzr,OBELIX/cifs/zzr.cif,ok,,Li20 Ge2 P4 S24,Li19.944 Ge2 P4 S24,Li19.944 Ge2 P4 S24,70,0,0.0,spacegroup,0,0,,2,1x2x1,0.025000000000000022,0.005346153846153851,True,0.0006727534839018889,0.0,0.0,True,,1,,100,Li40 Ge4 P8 S48,none,False,,,OBELIX/ordered_cifs/zzr_ordered_01.cif
zzr,OBELIX/cifs/zzr.cif,ok,,Li20 Ge2 P4 S24,Li19.944 Ge2 P4 S24,Li19.944 Ge2 P4 S24,70,0,0.0,spacegroup,0,0,,2,1x2x1,0.025000000000000022,0.005346153846153851,True,0.0006727534839018889,0.0,0.0,True,,2,,100,Li40 Ge4 P8 S48,none,False,,,OBELIX/ordered_cifs/zzr_ordered_02.cif
zzr,OBELIX/cifs/zzr.cif,ok,,Li20 Ge2 P4 S24,Li19.944 Ge2 P4 S24,Li19.944 Ge2 P4 S24,70,0,0.0,spacegroup,0,0,,2,1x2x1,0.025000000000000022,0.005346153846153851,True,0.0006727534839018889,0.0,0.0,True,,3,,100,Li40 Ge4 P8 S48,none,False,,,OBELIX/ordered_cifs/zzr_ordered_03.cif
zzr,OBELIX/cifs/zzr.cif,ok,,Li20 Ge2 P4 S24,Li19.944 Ge2 P4 S24,Li19.944 Ge2 P4 S24,70,0,0.0,spacegroup,0,0,,2,1x2x1,0.025000000000000022,0.005346153846153851,True,0.0006727534839018889,0.0,0.0,True,,4,,100,Li40 Ge4 P8 S48,none,False,,,OBELIX/ordered_cifs/zzr_ordered_04.cif
