parent_id,source_file,stage,status,attempt,resolved,resolution,message,candidate_index,num_atoms,converged,relaxation_steps,relaxation_seconds,total_energy_ev,energy_per_atom_ev
09w,/root/Mattergen/OBELIX/cifs/09w.cif,ordering_approximation,approximation_warning,0,False,,Occupancy error 0.075000 exceeds tolerance 0.050000,0,104,,,,-428.0943908691406,-4.116292219895583
0ii,/root/Mattergen/OBELIX/cifs/0ii.cif,ordering_approximation,approximation_warning,0,False,,Occupancy error 0.105000 exceeds tolerance 0.050000,4,72,,,,-616.6650390625,-8.56479220920139
13q,/root/Mattergen/OBELIX/cifs/13q.cif,ordering_approximation,approximation_warning,0,False,,Occupancy error 0.055000 exceeds tolerance 0.050000,8,99,,,,-424.2293395996094,-4.285144844440499
1m8,/root/Mattergen/OBELIX/cifs/1m8.cif,mlip_relaxation,relaxation_step_limit,0,False,,Did not converge within 300 steps,0,110,False,300,91.417320681001,-577.5321655273438,-5.250292413884943
1m8,/root/Mattergen/OBELIX/cifs/1m8.cif,mlip_relaxation,relaxation_step_limit,0,False,,Did not converge within 300 steps,1,110,False,300,91.41727388900108,-547.7951049804688,-4.979955499822443
1m8,/root/Mattergen/OBELIX/cifs/1m8.cif,mlip_relaxation,relaxation_step_limit,0,False,,Did not converge within 300 steps,2,110,False,300,90.06848265000008,-553.5265502929688,-5.032059548117898
1m8,/root/Mattergen/OBELIX/cifs/1m8.cif,mlip_relaxation,relaxation_step_limit,0,False,,Did not converge within 300 steps,3,110,False,300,90.06818641300197,-582.076416015625,-5.2916037819602275
1m8,/root/Mattergen/OBELIX/cifs/1m8.cif,mlip_relaxation,relaxation_step_limit,0,False,,Did not converge within 300 steps,4,110,False,300,88.27236799899765,-568.6375732421875,-5.169432484019886
1m8,/root/Mattergen/OBELIX/cifs/1m8.cif,mlip_relaxation,relaxation_step_limit,0,False,,Did not converge within 300 steps,5,110,False,300,88.27212009199866,-534.1298217773438,-4.855725652521307
1m8,/root/Mattergen/OBELIX/cifs/1m8.cif,mlip_relaxation,relaxation_step_limit,0,False,,Did not converge within 300 steps,6,110,False,300,88.26970980799888,-569.4398803710938,-5.176726185191761
1m8,/root/Mattergen/OBELIX/cifs/1m8.cif,mlip_relaxation,relaxation_step_limit,0,False,,Did not converge within 300 steps,7,110,False,300,88.26946541900179,-579.2665405273438,-5.2660594593394885
1m8,/root/Mattergen/OBELIX/cifs/1m8.cif,mlip_relaxation,relaxation_step_limit,0,False,,Did not converge within 300 steps,8,110,False,300,88.26199592699777,-582.962158203125,-5.299655983664772
1m8,/root/Mattergen/OBELIX/cifs/1m8.cif,mlip_relaxation,relaxation_step_limit,0,False,,Did not converge within 300 steps,9,110,False,300,88.26172031799797,-559.4216918945312,-5.085651744495738
1xt,/root/Mattergen/OBELIX/cifs/1xt.cif,python_warning,UserWarning,0,False,,"/root/Mattergen/.venv/lib/python3.10/site-packages/pymatgen/io/cif.py:1684: Site labels are not unique, which is not compliant with the CIF spec (https://www.iucr.org/__data/iucr/cifdic_html/1/cif_core.dic/Iatom_site_label.html):`['Li0', 'Li0', 'Li0', 'Li0', 'Li1', 'Li1', 'Li1', 'Li1', 'Sb2', 'Sb2', 'Sb2', 'Sb2', 'Sb3', 'Sb3', 'Sb3', 'Sb3', 'O4', 'O4', 'O4', 'O4', 'O5', 'O5', 'O5', 'O5', 'O6', 'O6', 'O6', 'O6', 'O7', 'O7', 'O7', 'O7']`.",,,,,,,
20k,/root/Mattergen/OBELIX/cifs/20k.cif,mlip_relaxation,relaxation_step_limit,0,True,Excluded from ranking; a converged candidate was selected,Did not converge within 300 steps,1,92,False,300,112.73746376800045,-669.773681640625,-7.280148713485055
20k,/root/Mattergen/OBELIX/cifs/20k.cif,mlip_relaxation,relaxation_step_limit,0,True,Excluded from ranking; a converged candidate was selected,Did not converge within 300 steps,2,92,False,300,113.04779366000002,-689.4638061523438,-7.494171806003736
20k,/root/Mattergen/OBELIX/cifs/20k.cif,mlip_relaxation,relaxation_step_limit,0,True,Excluded from ranking; a converged candidate was selected,Did not converge within 300 steps,3,92,False,300,112.55951570699835,-682.0115356445312,-7.413168865701427
20k,/root/Mattergen/OBELIX/cifs/20k.cif,mlip_relaxation,relaxation_step_limit,0,True,Excluded from ranking; a converged candidate was selected,Did not converge within 300 steps,4,92,False,300,112.35964569299904,-680.3742065429688,-7.39537181024966
20k,/root/Mattergen/OBELIX/cifs/20k.cif,mlip_relaxation,relaxation_step_limit,0,True,Excluded from ranking; a converged candidate was selected,Did not converge within 300 steps,5,92,False,300,113.73427397799969,-679.4120483398438,-7.384913568911345
20k,/root/Mattergen/OBELIX/cifs/20k.cif,mlip_relaxation,relaxation_step_limit,0,True,Excluded from ranking; a converged candidate was selected,Did not converge within 300 steps,6,92,False,300,114.39169417000085,-690.0826416015625,-7.5008982782778535
20k,/root/Mattergen/OBELIX/cifs/20k.cif,mlip_relaxation,relaxation_step_limit,0,True,Excluded from ranking; a converged candidate was selected,Did not converge within 300 steps,7,92,False,300,115.71138309899834,-703.3899536132812,-7.645542974057405
20k,/root/Mattergen/OBELIX/cifs/20k.cif,mlip_relaxation,relaxation_step_limit,0,True,Excluded from ranking; a converged candidate was selected,Did not converge within 300 steps,9,92,False,300,100.086566658003,-669.1185302734375,-7.2730275029721465
240,/root/Mattergen/OBELIX/cifs/240.cif,ordering_approximation,approximation_warning,0,False,,Occupancy error 0.053333 exceeds tolerance 0.050000,3,104,True,63,19.64340670999809,-391.86541748046875,-3.7679367065429688
2d1,/root/Mattergen/OBELIX/cifs/2d1.cif,mlip_relaxation,relaxation_step_limit,0,True,Excluded from ranking; a converged candidate was selected,Did not converge within 300 steps,0,90,False,300,110.24084622899682,-665.173095703125,-7.390812174479167
2d1,/root/Mattergen/OBELIX/cifs/2d1.cif,mlip_relaxation,relaxation_step_limit,0,True,Excluded from ranking; a converged candidate was selected,Did not converge within 300 steps,1,90,False,300,110.2408010149993,-677.1620483398438,-7.524022759331597
2d1,/root/Mattergen/OBELIX/cifs/2d1.cif,mlip_relaxation,relaxation_step_limit,0,True,Excluded from ranking; a converged candidate was selected,Did not converge within 300 steps,2,90,False,300,112.68856112999856,-668.4544067382812,-7.427271185980903
2d1,/root/Mattergen/OBELIX/cifs/2d1.cif,mlip_relaxation,relaxation_step_limit,0,True,Excluded from ranking; a converged candidate was selected,Did not converge within 300 steps,3,90,False,300,112.68830343299851,-678.3939819335938,-7.537710910373264
2d1,/root/Mattergen/OBELIX/cifs/2d1.cif,mlip_relaxation,relaxation_step_limit,0,True,Excluded from ranking; a converged candidate was selected,Did not converge within 300 steps,4,90,False,300,110.26052263200108,-668.538330078125,-7.4282036675347225
2d1,/root/Mattergen/OBELIX/cifs/2d1.cif,mlip_relaxation,relaxation_step_limit,0,True,Excluded from ranking; a converged candidate was selected,Did not converge within 300 steps,5,90,False,300,110.26023199200063,-663.85595703125,-7.376177300347222
2d1,/root/Mattergen/OBELIX/cifs/2d1.cif,mlip_relaxation,relaxation_step_limit,0,True,Excluded from ranking; a converged candidate was selected,Did not converge within 300 steps,7,90,False,300,106.02797491099773,-670.5760498046875,-7.450844997829861
2r7,/root/Mattergen/OBELIX/cifs/2r7.cif,ordering_approximation,approximation_warning,0,False,,Occupancy error 0.117000 exceeds tolerance 0.050000,3,76,True,47,20.807366637000086,-514.7801513671875,-6.7734230443050985
2uv,/root/Mattergen/OBELIX/cifs/2uv.cif,python_warning,UserWarning,0,False,,"/root/Mattergen/.venv/lib/python3.10/site-packages/pymatgen/io/cif.py:1684: Site labels are not unique, which is not compliant with the CIF spec (https://www.iucr.org/__data/iucr/cifdic_html/1/cif_core.dic/Iatom_site_label.html):`['Li0', 'Li0', 'Li0', 'Li0', 'Li0', 'Li0', 'Li0', 'Li0', 'Li1', 'Li1', 'Li1', 'Li1', 'Li2', 'Li2', 'Li2', 'Li2', 'Sn3', 'Sn3', 'Sn3', 'Sn3', 'Se4', 'Se4', 'Se4', 'Se4', 'Se4', 'Se4', 'Se4', 'Se4', 'Se5', 'Se5', 'Se5', 'Se5', 'Se6', 'Se6', 'Se6', 'Se6']`.",,,,,,,
3rh,/root/Mattergen/OBELIX/cifs/3rh.cif,mlip_relaxation,relaxation_step_limit,0,True,Excluded from ranking; a converged candidate was selected,Did not converge within 300 steps,0,94,False,300,117.5117150599981,-706.1448974609375,-7.51217976022274
3rh,/root/Mattergen/OBELIX/cifs/3rh.cif,mlip_relaxation,relaxation_step_limit,0,True,Excluded from ranking; a converged candidate was selected,Did not converge within 300 steps,2,94,False,300,117.65541068200037,-674.0493774414062,-7.1707380578873
3rh,/root/Mattergen/OBELIX/cifs/3rh.cif,mlip_relaxation,relaxation_step_limit,0,True,Excluded from ranking; a converged candidate was selected,Did not converge within 300 steps,3,94,False,300,118.93920444300238,-698.107177734375,-7.4266721035571805
3rh,/root/Mattergen/OBELIX/cifs/3rh.cif,mlip_relaxation,relaxation_step_limit,0,True,Excluded from ranking; a converged candidate was selected,Did not converge within 300 steps,4,94,False,300,119.14744421499927,-686.4412841796875,-7.302566852975399
3rh,/root/Mattergen/OBELIX/cifs/3rh.cif,mlip_relaxation,relaxation_step_limit,0,True,Excluded from ranking; a converged candidate was selected,Did not converge within 300 steps,5,94,False,300,118.90244899400204,-683.193359375,-7.26801446143617
3rh,/root/Mattergen/OBELIX/cifs/3rh.cif,mlip_relaxation,relaxation_step_limit,0,True,Excluded from ranking; a converged candidate was selected,Did not converge within 300 steps,7,94,False,300,117.93735331399876,-697.2109985351562,-7.417138282288897
3rh,/root/Mattergen/OBELIX/cifs/3rh.cif,mlip_relaxation,relaxation_step_limit,0,True,Excluded from ranking; a converged candidate was selected,Did not converge within 300 steps,9,94,False,300,89.65357780699924,-694.7833862304688,-7.391312619473072
3rx,/root/Mattergen/OBELIX/cifs/3rx.cif,python_warning,UserWarning,0,False,,"/root/Mattergen/.venv/lib/python3.10/site-packages/pymatgen/io/cif.py:1684: Site labels are not unique, which is not compliant with the CIF spec (https://www.iucr.org/__data/iucr/cifdic_html/1/cif_core.dic/Iatom_site_label.html):`['Li0', 'Li0', 'Nd1', 'Nd1', 'Ti2', 'Ti2', 'O3', 'O3', 'O3', 'O3', 'O4', 'O4', 'O5', 'O5']`.",,,,,,,
3uq,/root/Mattergen/OBELIX/cifs/3uq.cif,mlip_relaxation,relaxation_step_limit,0,True,Excluded from ranking; a converged candidate was selected,Did not converge within 300 steps,1,73,False,300,141.97274608299995,-506.5770568847656,-6.9394117381474745
419,/root/Mattergen/OBELIX/cifs/419.cif,mlip_relaxation,relaxation_step_limit,0,True,Excluded from ranking; a converged candidate was selected,Did not converge within 300 steps,1,89,False,300,109.99338532800175,-681.3321533203125,-7.655417453037219
419,/root/Mattergen/OBELIX/cifs/419.cif,mlip_relaxation,relaxation_step_limit,0,True,Excluded from ranking; a converged candidate was selected,Did not converge within 300 steps,3,89,False,300,109.6502711510002,-683.9251098632812,-7.684551796216644
419,/root/Mattergen/OBELIX/cifs/419.cif,mlip_relaxation,relaxation_step_limit,0,True,Excluded from ranking; a converged candidate was selected,Did not converge within 300 steps,4,89,False,300,109.927004227,-679.3574829101562,-7.633230145057936
419,/root/Mattergen/OBELIX/cifs/419.cif,mlip_relaxation,relaxation_step_limit,0,True,Excluded from ranking; a converged candidate was selected,Did not converge within 300 steps,5,89,False,300,109.9811655070007,-694.5877075195312,-7.804356264264396
419,/root/Mattergen/OBELIX/cifs/419.cif,mlip_relaxation,relaxation_step_limit,0,True,Excluded from ranking; a converged candidate was selected,Did not converge within 300 steps,9,89,False,300,77.19220112499897,-690.9754028320312,-7.763768571146419
47i,/root/Mattergen/OBELIX/cifs/47i.cif,python_warning,UserWarning,0,False,,"/root/Mattergen/.venv/lib/python3.10/site-packages/pymatgen/io/cif.py:1684: Site labels are not unique, which is not compliant with the CIF spec (https://www.iucr.org/__data/iucr/cifdic_html/1/cif_core.dic/Iatom_site_label.html):`['Li0', 'Li0', 'Li1', 'Li1', 'Li2', 'Li2', 'Li3', 'Li3', 'P4', 'P4', 'P5', 'P5', 'O6', 'O6', 'O7', 'O7', 'O8', 'O8', 'O9', 'O9', 'O10', 'O10', 'O11', 'O11', 'O12', 'O12']`.",,,,,,,
4ba,/root/Mattergen/OBELIX/cifs/4ba.cif,python_warning,UserWarning,0,False,,"/root/Mattergen/.venv/lib/python3.10/site-packages/pymatgen/io/cif.py:1684: Site labels are not unique, which is not compliant with the CIF spec (https://www.iucr.org/__data/iucr/cifdic_html/1/cif_core.dic/Iatom_site_label.html):`['Ge1', 'Ge1', 'Ge1', 'Ge1', 'Li0', 'Li0', 'O3', 'O3', 'O3', 'O3', 'O3', 'O3', 'O3', 'O3', 'O3', 'O3', 'O3', 'O3', 'O4', 'O4', 'O4', 'O4', 'O4', 'O4', 'O4', 'O4', 'O4', 'O4', 'O4', 'O4', 'P2', 'P2', 'P2', 'P2', 'P2', 'P2']`.",,,,,,,
4ie,/root/Mattergen/OBELIX/cifs/4ie.cif,mlip_relaxation,relaxation_step_limit,0,True,Excluded from ranking; a converged candidate was selected,Did not converge within 300 steps,0,94,False,300,116.26993941999899,-692.2119750976562,-7.36395718188996
4ie,/root/Mattergen/OBELIX/cifs/4ie.cif,mlip_relaxation,relaxation_step_limit,0,True,Excluded from ranking; a converged candidate was selected,Did not converge within 300 steps,1,94,False,300,116.26989356099875,-704.5818481445312,-7.495551576005652
4ie,/root/Mattergen/OBELIX/cifs/4ie.cif,mlip_relaxation,relaxation_step_limit,0,True,Excluded from ranking; a converged candidate was selected,Did not converge within 300 steps,2,94,False,300,119.18015725700025,-703.639892578125,-7.485530772107713
4ie,/root/Mattergen/OBELIX/cifs/4ie.cif,mlip_relaxation,relaxation_step_limit,0,True,Excluded from ranking; a converged candidate was selected,Did not converge within 300 steps,4,94,False,300,119.15225626400206,-694.3047485351562,-7.386220729097407
4ie,/root/Mattergen/OBELIX/cifs/4ie.cif,mlip_relaxation,relaxation_step_limit,0,True,Excluded from ranking; a converged candidate was selected,Did not converge within 300 steps,5,94,False,300,118.20475426099802,-716.6465454101562,-7.623899419256982
4ie,/root/Mattergen/OBELIX/cifs/4ie.cif,mlip_relaxation,relaxation_step_limit,0,True,Excluded from ranking; a converged candidate was selected,Did not converge within 300 steps,6,94,False,300,118.05965655399996,-691.67919921875,-7.3582893533909575
4ie,/root/Mattergen/OBELIX/cifs/4ie.cif,mlip_relaxation,relaxation_step_limit,0,True,Excluded from ranking; a converged candidate was selected,Did not converge within 300 steps,7,94,False,300,118.60228464299871,-692.6209106445312,-7.368307560048205
4ie,/root/Mattergen/OBELIX/cifs/4ie.cif,mlip_relaxation,relaxation_step_limit,0,True,Excluded from ranking; a converged candidate was selected,Did not converge within 300 steps,8,94,False,300,119.1521049160001,-691.458740234375,-7.3559440450465425
4ie,/root/Mattergen/OBELIX/cifs/4ie.cif,mlip_relaxation,relaxation_step_limit,0,True,Excluded from ranking; a converged candidate was selected,Did not converge within 300 steps,9,94,False,300,83.19761466599812,-692.4005737304688,-7.365963550324135
4kt,/root/Mattergen/OBELIX/cifs/4kt.cif,python_warning,UserWarning,0,False,,"/root/Mattergen/.venv/lib/python3.10/site-packages/pymatgen/io/cif.py:1684: Site labels are not unique, which is not compliant with the CIF spec (https://www.iucr.org/__data/iucr/cifdic_html/1/cif_core.dic/Iatom_site_label.html):`['Cl3', 'Cl3', 'Cl3', 'Cl3', 'Cl4', 'Cl4', 'Cl4', 'Cl4', 'Cr2', 'Cr2', 'Li0', 'Li0', 'Li1', 'Li1']`.",,,,,,,
4p7,/root/Mattergen/OBELIX/cifs/4p7.cif,python_warning,UserWarning,0,False,,"/root/Mattergen/.venv/lib/python3.10/site-packages/pymatgen/io/cif.py:1684: Site labels are not unique, which is not compliant with the CIF spec (https://www.iucr.org/__data/iucr/cifdic_html/1/cif_core.dic/Iatom_site_label.html):`['Li0', 'Li0', 'Li0', 'Cl1', 'O2']`.",,,,,,,
4xq,/root/Mattergen/OBELIX/cifs/4xq.cif,ordering_approximation,approximation_warning,0,False,,Occupancy error 0.085000 exceeds tolerance 0.050000,3,56,True,24,6.58654205700077,-467.9623107910156,-8.35646983555385
5bz,/root/Mattergen/OBELIX/cifs/5bz.cif,python_warning,UserWarning,0,False,,"/root/Mattergen/.venv/lib/python3.10/site-packages/pymatgen/io/cif.py:1684: Site labels are not unique, which is not compliant with the CIF spec (https://www.iucr.org/__data/iucr/cifdic_html/1/cif_core.dic/Iatom_site_label.html):`['Li0', 'Li0', 'Li0', 'Li0', 'Li1', 'Li1', 'Li1', 'Li1', 'Li2', 'Li2', 'Li2', 'Li2', 'B3', 'B3', 'B3', 'B3', 'N4', 'N4', 'N4', 'N4', 'N5', 'N5', 'N5', 'N5']`.",,,,,,,
5tl,/root/Mattergen/OBELIX/cifs/5tl.cif,ordering_approximation,approximation_warning,0,False,,Reference elements absent from source CIF: Li,0,28,True,23,3.7042100680009753,-246.8127899169922,-8.814742497035436
5z0,/root/Mattergen/OBELIX/cifs/5z0.cif,python_warning,UserWarning,0,False,,"/root/Mattergen/.venv/lib/python3.10/site-packages/pymatgen/io/cif.py:1684: Site labels are not unique, which is not compliant with the CIF spec (https://www.iucr.org/__data/iucr/cifdic_html/1/cif_core.dic/Iatom_site_label.html):`['Li0', 'Li0', 'Li0', 'Li0', 'Li0', 'Li0', 'Li0', 'Li0', 'Li1', 'Li1', 'Li1', 'Li1', 'Li1', 'Li1', 'Li1', 'Li1', 'Li2', 'Li2', 'Li2', 'Li2', 'Li2', 'Li2', 'Li2', 'Li2', 'Li3', 'Li3', 'Li3', 'Li3', 'Li3', 'Li3', 'Li3', 'Li3', 'Li4', 'Li4', 'Li4', 'Li4', 'Li4', 'Li4', 'Li4', 'Li4', 'Al5', 'Al5', 'Al5', 'Al5', 'Al5', 'Al5', 'Al5', 'Al5', 'O6', 'O6', 'O6', 'O6', 'O6', 'O6', 'O6', 'O6', 'O7', 'O7', 'O7', 'O7', 'O7', 'O7', 'O7', 'O7', 'O8', 'O8', 'O8', 'O8', 'O8', 'O8', 'O8', 'O8', 'O9', 'O9', 'O9', 'O9', 'O9', 'O9', 'O9', 'O9']`.",,,,,,,
5zv,/root/Mattergen/OBELIX/cifs/5zv.cif,python_warning,UserWarning,0,False,,"/root/Mattergen/.venv/lib/python3.10/site-packages/pymatgen/io/cif.py:1684: Site labels are not unique, which is not compliant with the CIF spec (https://www.iucr.org/__data/iucr/cifdic_html/1/cif_core.dic/Iatom_site_label.html):`['Li0', 'Li0', 'Li0', 'Li0', 'Li1', 'Li1', 'Li1', 'Li1', 'Li2', 'Li2', 'Li2', 'Li2', 'Li3', 'Li3', 'Li3', 'Li3', 'Zn4', 'Zn4', 'Zn4', 'Zn4', 'P5', 'P5', 'P5', 'P5', 'P6', 'P6', 'P6', 'P6', 'O7', 'O7', 'O7', 'O7', 'O8', 'O8', 'O8', 'O8', 'O9', 'O9', 'O9', 'O9', 'O10', 'O10', 'O10', 'O10', 'O11', 'O11', 'O11', 'O11', 'O12', 'O12', 'O12', 'O12', 'O13', 'O13', 'O13', 'O13', 'O14', 'O14', 'O14', 'O14']`.",,,,,,,
72f,/root/Mattergen/OBELIX/cifs/72f.cif,mlip_relaxation,relaxation_step_limit,0,False,,Did not converge within 300 steps,0,94,False,300,117.32869981199838,-700.5763549804688,-7.452939946600732
72f,/root/Mattergen/OBELIX/cifs/72f.cif,mlip_relaxation,relaxation_step_limit,0,False,,Did not converge within 300 steps,1,94,False,300,117.32865380499788,-701.9136352539062,-7.467166332488365
72f,/root/Mattergen/OBELIX/cifs/72f.cif,mlip_relaxation,relaxation_step_limit,0,False,,Did not converge within 300 steps,2,94,False,300,119.06753617100185,-732.1951293945312,-7.789309887175865
72f,/root/Mattergen/OBELIX/cifs/72f.cif,mlip_relaxation,relaxation_step_limit,0,False,,Did not converge within 300 steps,3,94,False,300,119.067263404002,-699.036865234375,-7.436562396110372
72f,/root/Mattergen/OBELIX/cifs/72f.cif,mlip_relaxation,relaxation_step_limit,0,False,,Did not converge within 300 steps,4,94,False,300,119.35991647099945,-733.8101196289062,-7.806490634350067
72f,/root/Mattergen/OBELIX/cifs/72f.cif,mlip_relaxation,relaxation_step_limit,0,False,,Did not converge within 300 steps,5,94,False,300,119.35960811100085,-711.2381591796875,-7.56636339552859
72f,/root/Mattergen/OBELIX/cifs/72f.cif,mlip_relaxation,relaxation_step_limit,0,False,,Did not converge within 300 steps,6,94,False,300,114.48167658600141,-711.1923217773438,-7.565875763588763
72f,/root/Mattergen/OBELIX/cifs/72f.cif,mlip_relaxation,relaxation_step_limit,0,False,,Did not converge within 300 steps,7,94,False,300,114.48139847499988,-712.0272827148438,-7.574758326753657
72f,/root/Mattergen/OBELIX/cifs/72f.cif,mlip_relaxation,relaxation_step_limit,0,False,,Did not converge within 300 steps,8,94,False,300,118.4234138110005,-723.2071533203125,-7.693693120428857
72f,/root/Mattergen/OBELIX/cifs/72f.cif,mlip_relaxation,relaxation_step_limit,0,False,,Did not converge within 300 steps,9,94,False,300,118.42316337800003,-699.3455200195312,-7.439845957654588
7cr,/root/Mattergen/OBELIX/cifs/7cr.cif,python_warning,UserWarning,0,False,,"/root/Mattergen/.venv/lib/python3.10/site-packages/pymatgen/io/cif.py:1684: Site labels are not unique, which is not compliant with the CIF spec (https://www.iucr.org/__data/iucr/cifdic_html/1/cif_core.dic/Iatom_site_label.html):`['Na0', 'Na0', 'Li1', 'Li1', 'Li2', 'Li2', 'B3', 'B3', 'P4', 'P4', 'P5', 'P5', 'O6', 'O6', 'O7', 'O7', 'O8', 'O8', 'O9', 'O9', 'O10', 'O10', 'O11', 'O11', 'O12', 'O12', 'O13', 'O13']`.",,,,,,,
883,/root/Mattergen/OBELIX/cifs/883.cif,python_warning,UserWarning,0,False,,"/root/Mattergen/.venv/lib/python3.10/site-packages/pymatgen/io/cif.py:1684: Site labels are not unique, which is not compliant with the CIF spec (https://www.iucr.org/__data/iucr/cifdic_html/1/cif_core.dic/Iatom_site_label.html):`['Li0', 'Li0', 'Li0', 'Li0', 'Al1', 'Al1', 'Al1', 'Al1', 'H2', 'H2', 'H2', 'H2', 'H3', 'H3', 'H3', 'H3', 'H4', 'H4', 'H4', 'H4', 'H5', 'H5', 'H5', 'H5']`.",,,,,,,
95j,/root/Mattergen/OBELIX/cifs/95j.cif,python_warning,UserWarning,0,False,,"/root/Mattergen/.venv/lib/python3.10/site-packages/pymatgen/io/cif.py:1684: Site labels are not unique, which is not compliant with the CIF spec (https://www.iucr.org/__data/iucr/cifdic_html/1/cif_core.dic/Iatom_site_label.html):`['Al1', 'Al2', 'H3', 'H3', 'H3', 'H3', 'H3', 'H3', 'H4', 'H4', 'H4', 'H4', 'H4', 'H4', 'Li0', 'Li0', 'Li0', 'Li0', 'Li0', 'Li0']`.",,,,,,,
9lo,/root/Mattergen/OBELIX/cifs/9lo.cif,python_warning,UserWarning,0,False,,"/root/Mattergen/.venv/lib/python3.10/site-packages/pymatgen/io/cif.py:1684: Site labels are not unique, which is not compliant with the CIF spec (https://www.iucr.org/__data/iucr/cifdic_html/1/cif_core.dic/Iatom_site_label.html):`['Li0', 'Li0', 'Li0', 'Li0', 'Li0', 'Li0', 'Li0', 'Li0', 'Li1', 'Li1', 'Li1', 'Li1', 'P2', 'P2', 'P2', 'P2', 'O3', 'O3', 'O3', 'O3', 'O3', 'O3', 'O3', 'O3', 'O4', 'O4', 'O4', 'O4', 'O5', 'O5', 'O5', 'O5']`.",,,,,,,
9lx,/root/Mattergen/OBELIX/cifs/9lx.cif,mlip_relaxation,relaxation_step_limit,0,True,Excluded from ranking; a converged candidate was selected,Did not converge within 300 steps,0,50,False,300,85.94172917299875,-232.97531127929688,-4.659506225585938
9lx,/root/Mattergen/OBELIX/cifs/9lx.cif,mlip_relaxation,relaxation_step_limit,0,True,Excluded from ranking; a converged candidate was selected,Did not converge within 300 steps,5,50,False,300,82.94216101100028,-230.66473388671875,-4.613294677734375
9lx,/root/Mattergen/OBELIX/cifs/9lx.cif,mlip_relaxation,relaxation_step_limit,0,True,Excluded from ranking; a converged candidate was selected,Did not converge within 300 steps,8,50,False,300,80.4214277659994,-220.9037322998047,-4.418074645996094
9o6,/root/Mattergen/OBELIX/cifs/9o6.cif,mlip_relaxation,relaxation_step_limit,0,True,Excluded from ranking; a converged candidate was selected,Did not converge within 300 steps,0,91,False,300,109.2123222299997,-685.5065307617188,-7.533038799579327
9o6,/root/Mattergen/OBELIX/cifs/9o6.cif,mlip_relaxation,relaxation_step_limit,0,True,Excluded from ranking; a converged candidate was selected,Did not converge within 300 steps,3,91,False,300,109.17448050999883,-676.435791015625,-7.433360340831044
9o6,/root/Mattergen/OBELIX/cifs/9o6.cif,mlip_relaxation,relaxation_step_limit,0,True,Excluded from ranking; a converged candidate was selected,Did not converge within 300 steps,4,91,False,300,109.64769377399716,-676.1952514648438,-7.430717049064217
9o6,/root/Mattergen/OBELIX/cifs/9o6.cif,mlip_relaxation,relaxation_step_limit,0,True,Excluded from ranking; a converged candidate was selected,Did not converge within 300 steps,6,91,False,300,109.82261546700101,-686.0401000976562,-7.538902198875343
9o6,/root/Mattergen/OBELIX/cifs/9o6.cif,mlip_relaxation,relaxation_step_limit,0,True,Excluded from ranking; a converged candidate was selected,Did not converge within 300 steps,7,91,False,300,109.39022417700107,-688.410888671875,-7.564954820570055
9o6,/root/Mattergen/OBELIX/cifs/9o6.cif,mlip_relaxation,relaxation_step_limit,0,True,Excluded from ranking; a converged candidate was selected,Did not converge within 300 steps,8,91,False,300,109.07741589999932,-697.021240234375,-7.659574068509615
9o6,/root/Mattergen/OBELIX/cifs/9o6.cif,mlip_relaxation,relaxation_step_limit,0,True,Excluded from ranking; a converged candidate was selected,Did not converge within 300 steps,9,91,False,300,91.13310197499959,-697.8492431640625,-7.668673001802885
9rc,/root/Mattergen/OBELIX/cifs/9rc.cif,ordering_approximation,approximation_warning,0,False,,Occupancy error 0.055000 exceeds tolerance 0.050000,6,99,True,69,19.528312071000983,-425.4270324707031,-4.297242752229325
9yt,/root/Mattergen/OBELIX/cifs/9yt.cif,mlip_relaxation,relaxation_step_limit,0,False,,Did not converge within 300 steps,0,117,False,300,116.56882808699811,-817.3002319335938,-6.985472067808494
9yt,/root/Mattergen/OBELIX/cifs/9yt.cif,mlip_relaxation,relaxation_step_limit,0,False,,Did not converge within 300 steps,1,117,False,300,116.56876088300123,-821.915771484375,-7.024921123798077
9yt,/root/Mattergen/OBELIX/cifs/9yt.cif,mlip_relaxation,relaxation_step_limit,0,False,,Did not converge within 300 steps,2,117,False,300,118.44993056800013,-828.8800659179688,-7.084445007845887
9yt,/root/Mattergen/OBELIX/cifs/9yt.cif,mlip_relaxation,relaxation_step_limit,0,False,,Did not converge within 300 steps,3,117,False,300,118.44967281200297,-824.5532836914062,-7.047463963174413
9yt,/root/Mattergen/OBELIX/cifs/9yt.cif,mlip_relaxation,relaxation_step_limit,0,False,,Did not converge within 300 steps,4,117,False,300,118.31439681800111,-818.857666015625,-6.998783470219017
9yt,/root/Mattergen/OBELIX/cifs/9yt.cif,mlip_relaxation,relaxation_step_limit,0,False,,Did not converge within 300 steps,5,117,False,300,118.31406223500016,-816.0975341796875,-6.975192599826389
9yt,/root/Mattergen/OBELIX/cifs/9yt.cif,mlip_relaxation,relaxation_step_limit,0,False,,Did not converge within 300 steps,6,117,False,300,118.98401276599907,-825.3428955078125,-7.054212782118055
9yt,/root/Mattergen/OBELIX/cifs/9yt.cif,mlip_relaxation,relaxation_step_limit,0,False,,Did not converge within 300 steps,7,117,False,300,118.98375180999938,-825.8090209960938,-7.0581967606503735
9yt,/root/Mattergen/OBELIX/cifs/9yt.cif,mlip_relaxation,relaxation_step_limit,0,False,,Did not converge within 300 steps,8,117,False,300,119.33543447299962,-806.76123046875,-6.895395132211538
9yt,/root/Mattergen/OBELIX/cifs/9yt.cif,mlip_relaxation,relaxation_step_limit,0,False,,Did not converge within 300 steps,9,117,False,300,119.33514128200113,-813.9415283203125,-6.956765199318911
9zk,/root/Mattergen/OBELIX/cifs/9zk.cif,python_warning,UserWarning,0,False,,"/root/Mattergen/.venv/lib/python3.10/site-packages/pymatgen/io/cif.py:1684: Site labels are not unique, which is not compliant with the CIF spec (https://www.iucr.org/__data/iucr/cifdic_html/1/cif_core.dic/Iatom_site_label.html):`['Li0', 'Li0', 'Li0', 'Li0', 'Li0', 'Li0', 'Li0', 'Li0', 'Li1', 'Li1', 'Li1', 'Li1', 'Li1', 'Li1', 'Li1', 'Li1', 'Li2', 'Li2', 'Li2', 'Li2', 'Li2', 'Li2', 'Li2', 'Li2', 'Li3', 'Li3', 'Li3', 'Li3', 'Li3', 'Li3', 'Li3', 'Li3', 'Li4', 'Li4', 'Li4', 'Li4', 'Li4', 'Li4', 'Li4', 'Li4', 'Ga5', 'Ga5', 'Ga5', 'Ga5', 'Ga5', 'Ga5', 'Ga5', 'Ga5', 'O6', 'O6', 'O6', 'O6', 'O6', 'O6', 'O6', 'O6', 'O7', 'O7', 'O7', 'O7', 'O7', 'O7', 'O7', 'O7', 'O8', 'O8', 'O8', 'O8', 'O8', 'O8', 'O8', 'O8', 'O9', 'O9', 'O9', 'O9', 'O9', 'O9', 'O9', 'O9']`.",,,,,,,
a8v,/root/Mattergen/OBELIX/cifs/a8v.cif,ordering_approximation,approximation_warning,0,False,,Occupancy error 0.100000 exceeds tolerance 0.050000,3,104,True,45,14.29388368400032,-428.3318176269531,-4.118575169489934
an2,/root/Mattergen/OBELIX/cifs/an2.cif,python_warning,UserWarning,0,False,,"/root/Mattergen/.venv/lib/python3.10/site-packages/pymatgen/io/cif.py:1684: Site labels are not unique, which is not compliant with the CIF spec (https://www.iucr.org/__data/iucr/cifdic_html/1/cif_core.dic/Iatom_site_label.html):`['Li0', 'Li0', 'Li0', 'Li0', 'Li1', 'Li1', 'Li1', 'Li1', 'Li2', 'Li2', 'Li2', 'Li2', 'Li3', 'Li3', 'Li3', 'Li3', 'Li4', 'Li4', 'Li4', 'Li4', 'Li5', 'Li5', 'Li5', 'Li5', 'Si6', 'Si6', 'Si6', 'Si6', 'Cl7', 'Cl7', 'Cl7', 'Cl7', 'Cl8', 'Cl8', 'Cl8', 'Cl8', 'O9', 'O9', 'O9', 'O9', 'O10', 'O10', 'O10', 'O10', 'O11', 'O11', 'O11', 'O11', 'O12', 'O12', 'O12', 'O12']`.",,,,,,,
ard,/root/Mattergen/OBELIX/cifs/ard.cif,ordering_approximation,approximation_warning,0,False,,Occupancy error 0.110000 exceeds tolerance 0.050000,3,97,True,78,29.050504501999967,-822.25830078125,-8.476889698775773
b4c,/root/Mattergen/OBELIX/cifs/b4c.cif,input_validation,reference_mismatch,0,False,,Reference elements absent from source CIF: Li,,10,,,,,
b4c,/root/Mattergen/OBELIX/cifs/b4c.cif,python_warning,UserWarning,0,False,,"/root/Mattergen/.venv/lib/python3.10/site-packages/pymatgen/io/cif.py:1684: Site labels are not unique, which is not compliant with the CIF spec (https://www.iucr.org/__data/iucr/cifdic_html/1/cif_core.dic/Iatom_site_label.html):`['Si0', 'Si0', 'S1', 'S1', 'S1', 'S1', 'S2', 'S2', 'S3', 'S3']`.",,,,,,,
be9,/root/Mattergen/OBELIX/cifs/be9.cif,python_warning,UserWarning,0,False,,"/root/Mattergen/.venv/lib/python3.10/site-packages/pymatgen/io/cif.py:1684: Site labels are not unique, which is not compliant with the CIF spec (https://www.iucr.org/__data/iucr/cifdic_html/1/cif_core.dic/Iatom_site_label.html):`['Li0', 'Li0', 'Li0', 'Li0', 'Ga1', 'Ga1', 'Ga1', 'Ga1', 'Br2', 'Br2', 'Br2', 'Br2', 'Br3', 'Br3', 'Br3', 'Br3', 'Br4', 'Br4', 'Br4', 'Br4', 'Br5', 'Br5', 'Br5', 'Br5']`.",,,,,,,
bi3,/root/Mattergen/OBELIX/cifs/bi3.cif,mlip_relaxation,relaxation_step_limit,0,True,Excluded from ranking; a converged candidate was selected,Did not converge within 300 steps,0,92,False,300,112.45368788999622,-611.8959350585938,-6.651042772376019
bi3,/root/Mattergen/OBELIX/cifs/bi3.cif,mlip_relaxation,relaxation_step_limit,0,True,Excluded from ranking; a converged candidate was selected,Did not converge within 300 steps,2,92,False,300,112.25278193900158,-599.8649291992188,-6.520270969556726
bi3,/root/Mattergen/OBELIX/cifs/bi3.cif,mlip_relaxation,relaxation_step_limit,0,True,Excluded from ranking; a converged candidate was selected,Did not converge within 300 steps,3,92,False,300,114.46966584600159,-602.643798828125,-6.55047607421875
bi3,/root/Mattergen/OBELIX/cifs/bi3.cif,mlip_relaxation,relaxation_step_limit,0,True,Excluded from ranking; a converged candidate was selected,Did not converge within 300 steps,4,92,False,300,112.86185571899841,-589.41455078125,-6.406679899796195
bi3,/root/Mattergen/OBELIX/cifs/bi3.cif,mlip_relaxation,relaxation_step_limit,0,True,Excluded from ranking; a converged candidate was selected,Did not converge within 300 steps,5,92,False,300,112.1776760970024,-613.8195190429688,-6.6719512939453125
bi3,/root/Mattergen/OBELIX/cifs/bi3.cif,mlip_relaxation,relaxation_step_limit,0,True,Excluded from ranking; a converged candidate was selected,Did not converge within 300 steps,6,92,False,300,113.95165242499934,-590.5176391601562,-6.418669990871264
bi3,/root/Mattergen/OBELIX/cifs/bi3.cif,mlip_relaxation,relaxation_step_limit,0,True,Excluded from ranking; a converged candidate was selected,Did not converge within 300 steps,7,92,False,300,113.01228323699615,-600.5567626953125,-6.527790898862093
bi3,/root/Mattergen/OBELIX/cifs/bi3.cif,mlip_relaxation,relaxation_step_limit,0,True,Excluded from ranking; a converged candidate was selected,Did not converge within 300 steps,8,92,False,300,112.73929740599851,-589.4373168945312,-6.406927357549253
bq9,/root/Mattergen/OBELIX/cifs/bq9.cif,python_warning,UserWarning,0,False,,"/root/Mattergen/.venv/lib/python3.10/site-packages/pymatgen/io/cif.py:1684: Site labels are not unique, which is not compliant with the CIF spec (https://www.iucr.org/__data/iucr/cifdic_html/1/cif_core.dic/Iatom_site_label.html):`['Li0', 'Li0', 'Li1', 'Li1', 'Li2', 'Li2', 'Li3', 'Li3', 'Li4', 'Li4', 'Li5', 'Li5', 'Li6', 'Li6', 'Li7', 'Li7', 'Li8', 'Li8', 'Li9', 'Li9', 'Li10', 'Li10', 'Li11', 'Li11', 'Bi12', 'Bi12', 'Bi13', 'Bi13', 'Bi14', 'Bi14', 'Bi15', 'Bi15', 'O16', 'O16', 'O17', 'O17', 'O18', 'O18', 'O19', 'O19', 'O20', 'O20', 'O21', 'O21', 'O22', 'O22', 'O23', 'O23', 'O24', 'O24', 'O25', 'O25', 'O26', 'O26', 'O27', 'O27']`.",,,,,,,
br1,/root/Mattergen/OBELIX/cifs/br1.cif,python_warning,UserWarning,0,False,,"/root/Mattergen/.venv/lib/python3.10/site-packages/pymatgen/io/cif.py:1684: Site labels are not unique, which is not compliant with the CIF spec (https://www.iucr.org/__data/iucr/cifdic_html/1/cif_core.dic/Iatom_site_label.html):`['Al1', 'Al1', 'Al1', 'Al1', 'Al1', 'Al1', 'Al1', 'Al1', 'Li0', 'Li0', 'Li0', 'Li0', 'Li0', 'Li0', 'Li0', 'Li0', 'Li0', 'Li0', 'Li0', 'Li0', 'Li0', 'Li0', 'Li0', 'Li0', 'Li0', 'Li0', 'Li0', 'Li0', 'Li0', 'Li0', 'Li0', 'Li0', 'N2', 'N2', 'N2', 'N2', 'N2', 'N2', 'N2', 'N2', 'N2', 'N2', 'N2', 'N2', 'N3', 'N3', 'N3', 'N3']`.",,,,,,,
bsa,/root/Mattergen/OBELIX/cifs/bsa.cif,python_warning,UserWarning,0,False,,"/root/Mattergen/.venv/lib/python3.10/site-packages/pymatgen/io/cif.py:1684: Site labels are not unique, which is not compliant with the CIF spec (https://www.iucr.org/__data/iucr/cifdic_html/1/cif_core.dic/Iatom_site_label.html):`['Li0', 'Li0', 'Li0', 'Li0', 'Ga1', 'Ga1', 'Ga1', 'Ga1', 'O2', 'O2', 'O2', 'O2', 'O3', 'O3', 'O3', 'O3']`.",,,,,,,
bv2,/root/Mattergen/OBELIX/cifs/bv2.cif,python_warning,UserWarning,0,False,,"/root/Mattergen/.venv/lib/python3.10/site-packages/pymatgen/io/cif.py:1684: Site labels are not unique, which is not compliant with the CIF spec (https://www.iucr.org/__data/iucr/cifdic_html/1/cif_core.dic/Iatom_site_label.html):`['Li0', 'Li0', 'Li0', 'Li0', 'Y1', 'Y1', 'Y1', 'Y1', 'O2', 'O2', 'O2', 'O2', 'O3', 'O3', 'O3', 'O3']`.",,,,,,,
c0g,/root/Mattergen/OBELIX/cifs/c0g.cif,mlip_relaxation,relaxation_step_limit,0,True,Excluded from ranking; a converged candidate was selected,Did not converge within 300 steps,1,90,False,300,110.94814522100205,-687.0340576171875,-7.633711751302084
c0g,/root/Mattergen/OBELIX/cifs/c0g.cif,mlip_relaxation,relaxation_step_limit,0,True,Excluded from ranking; a converged candidate was selected,Did not converge within 300 steps,2,90,False,300,110.95726529200329,-708.4489135742188,-7.8716545952690975
c0g,/root/Mattergen/OBELIX/cifs/c0g.cif,mlip_relaxation,relaxation_step_limit,0,True,Excluded from ranking; a converged candidate was selected,Did not converge within 300 steps,3,90,False,300,110.54574382399733,-705.288818359375,-7.836542426215278
c0g,/root/Mattergen/OBELIX/cifs/c0g.cif,mlip_relaxation,relaxation_step_limit,0,True,Excluded from ranking; a converged candidate was selected,Did not converge within 300 steps,7,90,False,300,110.70355820700206,-719.6358032226562,-7.995953369140625
c0g,/root/Mattergen/OBELIX/cifs/c0g.cif,mlip_relaxation,relaxation_step_limit,0,True,Excluded from ranking; a converged candidate was selected,Did not converge within 300 steps,9,90,False,300,98.08699912599695,-705.1702880859375,-7.835225423177083
cdk,/root/Mattergen/OBELIX/cifs/cdk.cif,python_warning,UserWarning,0,False,,"/root/Mattergen/.venv/lib/python3.10/site-packages/pymatgen/io/cif.py:1684: Site labels are not unique, which is not compliant with the CIF spec (https://www.iucr.org/__data/iucr/cifdic_html/1/cif_core.dic/Iatom_site_label.html):`['Li0', 'Li0', 'Li0', 'Li0', 'N2', 'N2', 'O3', 'O3', 'O3', 'O3', 'P1', 'P1']`.",,,,,,,
cfy,/root/Mattergen/OBELIX/cifs/cfy.cif,python_warning,UserWarning,0,False,,"/root/Mattergen/.venv/lib/python3.10/site-packages/pymatgen/io/cif.py:1684: Site labels are not unique, which is not compliant with the CIF spec (https://www.iucr.org/__data/iucr/cifdic_html/1/cif_core.dic/Iatom_site_label.html):`['Li0', 'Li0', 'P1', 'P1', 'S2', 'S2', 'S3', 'S3', 'S4', 'S4']`.",,,,,,,
clt,/root/Mattergen/OBELIX/cifs/clt.cif,python_warning,UserWarning,0,False,,"/root/Mattergen/.venv/lib/python3.10/site-packages/pymatgen/io/cif.py:1684: Site labels are not unique, which is not compliant with the CIF spec (https://www.iucr.org/__data/iucr/cifdic_html/1/cif_core.dic/Iatom_site_label.html):`['Li0', 'Li0', 'Li1', 'Li1', 'Li2', 'Li2', 'Cu3', 'B4', 'B4', 'B5', 'B5', 'O6', 'O6', 'O7', 'O7', 'O8', 'O8', 'O9', 'O9', 'O10', 'O10']`.",,,,,,,
cti,/root/Mattergen/OBELIX/cifs/cti.cif,mlip_relaxation,relaxation_step_limit,0,True,Excluded from ranking; a converged candidate was selected,Did not converge within 300 steps,0,90,False,300,111.34888629899797,-663.9159545898438,-7.376843939887153
cti,/root/Mattergen/OBELIX/cifs/cti.cif,mlip_relaxation,relaxation_step_limit,0,True,Excluded from ranking; a converged candidate was selected,Did not converge within 300 steps,2,90,False,300,111.03099683400069,-691.0916748046875,-7.67879638671875
cti,/root/Mattergen/OBELIX/cifs/cti.cif,mlip_relaxation,relaxation_step_limit,0,True,Excluded from ranking; a converged candidate was selected,Did not converge within 300 steps,5,90,False,300,112.81156963599642,-690.92236328125,-7.676915147569445
cti,/root/Mattergen/OBELIX/cifs/cti.cif,mlip_relaxation,relaxation_step_limit,0,True,Excluded from ranking; a converged candidate was selected,Did not converge within 300 steps,6,90,False,300,112.61889335600426,-668.2254028320312,-7.42472669813368
cti,/root/Mattergen/OBELIX/cifs/cti.cif,mlip_relaxation,relaxation_step_limit,0,True,Excluded from ranking; a converged candidate was selected,Did not converge within 300 steps,8,90,False,300,110.94314417199348,-667.2132568359375,-7.413480631510416
cti,/root/Mattergen/OBELIX/cifs/cti.cif,mlip_relaxation,relaxation_step_limit,0,True,Excluded from ranking; a converged candidate was selected,Did not converge within 300 steps,9,90,False,300,110.94279656799335,-664.5098876953125,-7.383443196614583
cy2,/root/Mattergen/OBELIX/cifs/cy2.cif,ordering_approximation,approximation_warning,0,False,,Reference elements absent from source CIF: Li,0,28,True,34,5.450079379996168,-246.83053588867188,-8.815376281738281
d7f,/root/Mattergen/OBELIX/cifs/d7f.cif,python_warning,UserWarning,0,False,,"/root/Mattergen/.venv/lib/python3.10/site-packages/pymatgen/io/cif.py:1684: Site labels are not unique, which is not compliant with the CIF spec (https://www.iucr.org/__data/iucr/cifdic_html/1/cif_core.dic/Iatom_site_label.html):`['Li0', 'Li0', 'Li0', 'Li0', 'Li0', 'Li0', 'Li0', 'Li0', 'Li1', 'Li1', 'Li1', 'Li1', 'Bi2', 'Bi2', 'Bi2', 'Bi2', 'O3', 'O3', 'O3', 'O3', 'O3', 'O3', 'O3', 'O3', 'O4', 'O4', 'O4', 'O4', 'O5', 'O5', 'O5', 'O5']`.",,,,,,,
dae,/root/Mattergen/OBELIX/cifs/dae.cif,mlip_relaxation,relaxation_step_limit,0,True,Excluded from ranking; a converged candidate was selected,Did not converge within 300 steps,0,92,False,300,113.29909555599443,-703.7382202148438,-7.649328480596128
dae,/root/Mattergen/OBELIX/cifs/dae.cif,mlip_relaxation,relaxation_step_limit,0,True,Excluded from ranking; a converged candidate was selected,Did not converge within 300 steps,1,92,False,300,113.29904986099427,-702.2672119140625,-7.633339259935462
dae,/root/Mattergen/OBELIX/cifs/dae.cif,mlip_relaxation,relaxation_step_limit,0,True,Excluded from ranking; a converged candidate was selected,Did not converge within 300 steps,2,92,False,300,113.3428705740007,-687.1499633789062,-7.469021341075068
dae,/root/Mattergen/OBELIX/cifs/dae.cif,mlip_relaxation,relaxation_step_limit,0,True,Excluded from ranking; a converged candidate was selected,Did not converge within 300 steps,4,92,False,300,113.22010094800498,-677.0752563476562,-7.359513655952785
dae,/root/Mattergen/OBELIX/cifs/dae.cif,mlip_relaxation,relaxation_step_limit,0,True,Excluded from ranking; a converged candidate was selected,Did not converge within 300 steps,5,92,False,300,115.30083480799658,-681.55810546875,-7.408240276834239
dae,/root/Mattergen/OBELIX/cifs/dae.cif,mlip_relaxation,relaxation_step_limit,0,True,Excluded from ranking; a converged candidate was selected,Did not converge within 300 steps,6,92,False,300,113.36393754200253,-685.6880493164062,-7.453130970830503
dae,/root/Mattergen/OBELIX/cifs/dae.cif,mlip_relaxation,relaxation_step_limit,0,True,Excluded from ranking; a converged candidate was selected,Did not converge within 300 steps,8,92,False,300,115.23840127699805,-704.2041015625,-7.654392408288044
dae,/root/Mattergen/OBELIX/cifs/dae.cif,mlip_relaxation,relaxation_step_limit,0,True,Excluded from ranking; a converged candidate was selected,Did not converge within 300 steps,9,92,False,300,113.20793458299886,-683.1746826171875,-7.425811767578125
dc8,/root/Mattergen/OBELIX/cifs/dc8.cif,python_warning,UserWarning,0,False,,"/root/Mattergen/.venv/lib/python3.10/site-packages/pymatgen/io/cif.py:1684: Site labels are not unique, which is not compliant with the CIF spec (https://www.iucr.org/__data/iucr/cifdic_html/1/cif_core.dic/Iatom_site_label.html):`['Li0', 'Li0', 'Li0', 'Li0', 'Li0', 'Li0', 'Li1', 'Li1', 'Li1', 'Li1', 'Li1', 'Li1', 'Li2', 'Li2', 'Li2', 'Li2', 'Li2', 'Li2', 'Mg3', 'Mg3', 'Mg3', 'Mg3', 'Mg3', 'Mg3', 'P4', 'P4', 'P4', 'P4', 'P4', 'P4', 'P5', 'P5', 'O6', 'O6', 'O6', 'O6', 'O6', 'O6', 'O7', 'O7', 'O7', 'O7', 'O7', 'O7', 'O8', 'O8', 'O8', 'O8', 'O8', 'O8', 'O9', 'O9', 'O9', 'O9', 'O9', 'O9', 'O10', 'O10', 'O10', 'O10', 'O10', 'O10', 'O11', 'O11', 'F12', 'F12', 'F12', 'F12', 'F12', 'F12']`.",,,,,,,
dmq,/root/Mattergen/OBELIX/cifs/dmq.cif,mlip_relaxation,relaxation_step_limit,0,True,Excluded from ranking; a converged candidate was selected,Did not converge within 300 steps,4,83,False,300,98.695287069997,-390.2734069824219,-4.702089240752071
dmq,/root/Mattergen/OBELIX/cifs/dmq.cif,mlip_relaxation,relaxation_step_limit,0,True,Excluded from ranking; a converged candidate was selected,Did not converge within 300 steps,5,83,False,300,98.74226120799722,-379.7879638671875,-4.575758600809488
dmq,/root/Mattergen/OBELIX/cifs/dmq.cif,mlip_relaxation,relaxation_step_limit,0,True,Excluded from ranking; a converged candidate was selected,Did not converge within 300 steps,7,83,False,300,94.89277004700125,-367.1690673828125,-4.423723703407379
dmq,/root/Mattergen/OBELIX/cifs/dmq.cif,mlip_relaxation,relaxation_step_limit,0,True,Excluded from ranking; a converged candidate was selected,Did not converge within 300 steps,9,83,False,300,71.03716708499996,-370.8659362792969,-4.468264292521649
dth,/root/Mattergen/OBELIX/cifs/dth.cif,python_warning,UserWarning,0,False,,"/root/Mattergen/.venv/lib/python3.10/site-packages/pymatgen/io/cif.py:1684: Site labels are not unique, which is not compliant with the CIF spec (https://www.iucr.org/__data/iucr/cifdic_html/1/cif_core.dic/Iatom_site_label.html):`['Ge2', 'Ge2', 'Li0', 'Li0', 'Li0', 'Li0', 'Li1', 'Li1', 'Li1', 'Li1', 'O3', 'O3', 'O3', 'O3', 'O4', 'O4', 'O4', 'O4']`.",,,,,,,
duf,/root/Mattergen/OBELIX/cifs/duf.cif,mlip_relaxation,relaxation_step_limit,0,True,Excluded from ranking; a converged candidate was selected,Did not converge within 300 steps,9,88,False,300,83.11583835400234,-459.814697265625,-5.2251670143821025
duf,/root/Mattergen/OBELIX/cifs/duf.cif,ordering_approximation,approximation_warning,0,False,,Occupancy error 0.118000 exceeds tolerance 0.050000,1,88,True,214,75.87452796999423,-463.6312561035156,-5.2685370011763135
dvb,/root/Mattergen/OBELIX/cifs/dvb.cif,mlip_relaxation,relaxation_step_limit,0,True,Excluded from ranking; a converged candidate was selected,Did not converge within 300 steps,3,89,False,300,110.27077156800078,-675.5531005859375,-7.590484276246489
dvb,/root/Mattergen/OBELIX/cifs/dvb.cif,mlip_relaxation,relaxation_step_limit,0,True,Excluded from ranking; a converged candidate was selected,Did not converge within 300 steps,5,89,False,300,110.14260656900296,-664.3565673828125,-7.464680532391152
dvb,/root/Mattergen/OBELIX/cifs/dvb.cif,mlip_relaxation,relaxation_step_limit,0,True,Excluded from ranking; a converged candidate was selected,Did not converge within 300 steps,6,89,False,300,110.95395599699987,-674.7589111328125,-7.581560799245084
dvb,/root/Mattergen/OBELIX/cifs/dvb.cif,mlip_relaxation,relaxation_step_limit,0,True,Excluded from ranking; a converged candidate was selected,Did not converge within 300 steps,7,89,False,300,110.80195187899517,-664.2127075195312,-7.463064129432936
dvb,/root/Mattergen/OBELIX/cifs/dvb.cif,ordering_approximation,approximation_warning,0,False,,Occupancy error 0.075000 exceeds tolerance 0.050000,0,89,True,98,36.7057127789958,-657.8027954101562,-7.391042645057936
ecp,/root/Mattergen/OBELIX/cifs/ecp.cif,python_warning,UserWarning,0,False,,"/root/Mattergen/.venv/lib/python3.10/site-packages/pymatgen/io/cif.py:1684: Site labels are not unique, which is not compliant with the CIF spec (https://www.iucr.org/__data/iucr/cifdic_html/1/cif_core.dic/Iatom_site_label.html):`['Li0', 'Li0', 'Li0', 'Li0', 'La1', 'La1', 'La1', 'La1', 'O2', 'O2', 'O2', 'O2', 'O3', 'O3', 'O3', 'O3']`.",,,,,,,
ei3,/root/Mattergen/OBELIX/cifs/ei3.cif,ordering_approximation,approximation_warning,0,False,,Occupancy error 0.059080 exceeds tolerance 0.050000,7,120,True,86,24.485140504999436,-512.4924926757812,-4.270770772298177
fam,/root/Mattergen/OBELIX/cifs/fam.cif,mlip_relaxation,relaxation_step_limit,0,True,Excluded from ranking; a converged candidate was selected,Did not converge within 300 steps,1,91,False,300,114.35289304800244,-690.1923217773438,-7.584531008542239
fam,/root/Mattergen/OBELIX/cifs/fam.cif,mlip_relaxation,relaxation_step_limit,0,True,Excluded from ranking; a converged candidate was selected,Did not converge within 300 steps,2,91,False,300,112.3876980329951,-691.545654296875,-7.599402794471154
fam,/root/Mattergen/OBELIX/cifs/fam.cif,mlip_relaxation,relaxation_step_limit,0,True,Excluded from ranking; a converged candidate was selected,Did not converge within 300 steps,3,91,False,300,112.3190149439979,-678.07080078125,-7.451327481112638
fam,/root/Mattergen/OBELIX/cifs/fam.cif,mlip_relaxation,relaxation_step_limit,0,True,Excluded from ranking; a converged candidate was selected,Did not converge within 300 steps,4,91,False,300,112.17886801599525,-682.097412109375,-7.4955759572458796
fam,/root/Mattergen/OBELIX/cifs/fam.cif,mlip_relaxation,relaxation_step_limit,0,True,Excluded from ranking; a converged candidate was selected,Did not converge within 300 steps,7,91,False,300,113.12260767399857,-690.7246704101562,-7.590380993518201
fam,/root/Mattergen/OBELIX/cifs/fam.cif,mlip_relaxation,relaxation_step_limit,0,True,Excluded from ranking; a converged candidate was selected,Did not converge within 300 steps,8,91,False,300,111.35703714300325,-681.4773559570312,-7.48876215337397
fam,/root/Mattergen/OBELIX/cifs/fam.cif,mlip_relaxation,relaxation_step_limit,0,True,Excluded from ranking; a converged candidate was selected,Did not converge within 300 steps,9,91,False,300,82.21154619799927,-693.1005249023438,-7.6164892846411405
fft,/root/Mattergen/OBELIX/cifs/fft.cif,python_warning,UserWarning,0,False,,"/root/Mattergen/.venv/lib/python3.10/site-packages/pymatgen/io/cif.py:1684: Site labels are not unique, which is not compliant with the CIF spec (https://www.iucr.org/__data/iucr/cifdic_html/1/cif_core.dic/Iatom_site_label.html):`['Li0', 'Li0', 'Li0', 'Li0', 'Li1', 'Li1', 'N2', 'N2']`.",,,,,,,
fwz,/root/Mattergen/OBELIX/cifs/fwz.cif,python_warning,UserWarning,0,False,,"/root/Mattergen/.venv/lib/python3.10/site-packages/pymatgen/io/cif.py:1684: Site labels are not unique, which is not compliant with the CIF spec (https://www.iucr.org/__data/iucr/cifdic_html/1/cif_core.dic/Iatom_site_label.html):`['Li0', 'Li0', 'Li0', 'Li0', 'S2', 'S2', 'S2', 'S2', 'S3', 'S3', 'Si1', 'Si1']`.",,,,,,,
g5q,/root/Mattergen/OBELIX/cifs/g5q.cif,mlip_relaxation,relaxation_step_limit,0,True,Excluded from ranking; a converged candidate was selected,Did not converge within 300 steps,0,94,False,300,117.69307600700267,-703.2744140625,-7.481642702792553
g5q,/root/Mattergen/OBELIX/cifs/g5q.cif,mlip_relaxation,relaxation_step_limit,0,True,Excluded from ranking; a converged candidate was selected,Did not converge within 300 steps,1,94,False,300,117.69303036999918,-692.05908203125,-7.362330659906915
g5q,/root/Mattergen/OBELIX/cifs/g5q.cif,mlip_relaxation,relaxation_step_limit,0,True,Excluded from ranking; a converged candidate was selected,Did not converge within 300 steps,2,94,False,300,117.63638992800406,-704.271484375,-7.4922498337765955
g5q,/root/Mattergen/OBELIX/cifs/g5q.cif,mlip_relaxation,relaxation_step_limit,0,True,Excluded from ranking; a converged candidate was selected,Did not converge within 300 steps,3,94,False,300,117.63613785500638,-703.7440185546875,-7.486638495262633
g5q,/root/Mattergen/OBELIX/cifs/g5q.cif,mlip_relaxation,relaxation_step_limit,0,True,Excluded from ranking; a converged candidate was selected,Did not converge within 300 steps,4,94,False,300,116.27315542999713,-725.7626953125,-7.720879737367022
g5q,/root/Mattergen/OBELIX/cifs/g5q.cif,mlip_relaxation,relaxation_step_limit,0,True,Excluded from ranking; a converged candidate was selected,Did not converge within 300 steps,5,94,False,300,116.27289700500114,-714.4535522460938,-7.600569704745678
g5q,/root/Mattergen/OBELIX/cifs/g5q.cif,mlip_relaxation,relaxation_step_limit,0,True,Excluded from ranking; a converged candidate was selected,Did not converge within 300 steps,6,94,False,300,117.36849650699878,-714.2655639648438,-7.598569829413232
g5q,/root/Mattergen/OBELIX/cifs/g5q.cif,mlip_relaxation,relaxation_step_limit,0,True,Excluded from ranking; a converged candidate was selected,Did not converge within 300 steps,8,94,False,300,117.30610421400343,-715.7738037109375,-7.61461493309508
gas,/root/Mattergen/OBELIX/cifs/gas.cif,ordering_approximation,approximation_warning,0,False,,Occupancy error 0.065000 exceeds tolerance 0.050000,4,39,True,21,9.546765197999775,-323.8709716796875,-8.304383889222757
gcj,/root/Mattergen/OBELIX/cifs/gcj.cif,mlip_relaxation,relaxation_step_limit,0,True,Excluded from ranking; a converged candidate was selected,Did not converge within 300 steps,0,92,False,300,117.46657526999479,-692.0385131835938,-7.522157751995584
gcj,/root/Mattergen/OBELIX/cifs/gcj.cif,mlip_relaxation,relaxation_step_limit,0,True,Excluded from ranking; a converged candidate was selected,Did not converge within 300 steps,1,92,False,300,117.4665300419947,-680.9420776367188,-7.401544322138247
gcj,/root/Mattergen/OBELIX/cifs/gcj.cif,mlip_relaxation,relaxation_step_limit,0,True,Excluded from ranking; a converged candidate was selected,Did not converge within 300 steps,3,92,False,300,117.49388274599914,-670.9012451171875,-7.292404838230299
gcj,/root/Mattergen/OBELIX/cifs/gcj.cif,mlip_relaxation,relaxation_step_limit,0,True,Excluded from ranking; a converged candidate was selected,Did not converge within 300 steps,4,92,False,300,117.325072009,-681.1033935546875,-7.403297756029212
gcj,/root/Mattergen/OBELIX/cifs/gcj.cif,mlip_relaxation,relaxation_step_limit,0,True,Excluded from ranking; a converged candidate was selected,Did not converge within 300 steps,5,92,False,300,117.24325258300087,-655.4306640625,-7.124246348505435
gcj,/root/Mattergen/OBELIX/cifs/gcj.cif,mlip_relaxation,relaxation_step_limit,0,True,Excluded from ranking; a converged candidate was selected,Did not converge within 300 steps,7,92,False,300,117.34032575799938,-673.55615234375,-7.321262525475544
gcj,/root/Mattergen/OBELIX/cifs/gcj.cif,mlip_relaxation,relaxation_step_limit,0,True,Excluded from ranking; a converged candidate was selected,Did not converge within 300 steps,8,92,False,300,115.40674834600213,-693.8853149414062,-7.54223168414572
gcj,/root/Mattergen/OBELIX/cifs/gcj.cif,mlip_relaxation,relaxation_step_limit,0,True,Excluded from ranking; a converged candidate was selected,Did not converge within 300 steps,9,92,False,300,93.64917129400419,-658.5325927734375,-7.157962964928669
gdr,/root/Mattergen/OBELIX/cifs/gdr.cif,mlip_relaxation,relaxation_step_limit,0,True,Excluded from ranking; a converged candidate was selected,Did not converge within 300 steps,6,93,False,300,114.93922312399809,-712.8838500976562,-7.665417742985551
gdr,/root/Mattergen/OBELIX/cifs/gdr.cif,mlip_relaxation,relaxation_step_limit,0,True,Excluded from ranking; a converged candidate was selected,Did not converge within 300 steps,9,93,False,300,93.59936454400304,-713.2062377929688,-7.66888427734375
gkl,/root/Mattergen/OBELIX/cifs/gkl.cif,mlip_relaxation,relaxation_step_limit,0,True,Excluded from ranking; a converged candidate was selected,Did not converge within 300 steps,1,88,False,300,107.7407265849979,-662.6611328125,-7.530240145596591
gkl,/root/Mattergen/OBELIX/cifs/gkl.cif,mlip_relaxation,relaxation_step_limit,0,True,Excluded from ranking; a converged candidate was selected,Did not converge within 300 steps,6,88,False,300,108.76988343199628,-675.4820556640625,-7.675932450727983
gkl,/root/Mattergen/OBELIX/cifs/gkl.cif,mlip_relaxation,relaxation_step_limit,0,True,Excluded from ranking; a converged candidate was selected,Did not converge within 300 steps,7,88,False,300,108.83237047300645,-662.868896484375,-7.5326010964133525
goi,/root/Mattergen/OBELIX/cifs/goi.cif,python_warning,UserWarning,0,False,,"/root/Mattergen/.venv/lib/python3.10/site-packages/pymatgen/io/cif.py:1684: Site labels are not unique, which is not compliant with the CIF spec (https://www.iucr.org/__data/iucr/cifdic_html/1/cif_core.dic/Iatom_site_label.html):`['Li0', 'Li0', 'Li0', 'Li0', 'H1', 'H1', 'H1', 'H1', 'H2', 'H2', 'H2', 'H2', 'H3', 'H3', 'H3', 'H3', 'H4', 'H4', 'H4', 'H4', 'H5', 'H5', 'H5', 'H5', 'H6', 'H6', 'H6', 'H6', 'H7', 'H7', 'H7', 'H7', 'C8', 'C8', 'C8', 'C8', 'C9', 'C9', 'C9', 'C9', 'C10', 'C10', 'C10', 'C10', 'N11', 'N11', 'N11', 'N11', 'Cl12', 'Cl12', 'Cl12', 'Cl12', 'O13', 'O13', 'O13', 'O13']`.",,,,,,,
gvd,/root/Mattergen/OBELIX/cifs/gvd.cif,python_warning,UserWarning,0,False,,"/root/Mattergen/.venv/lib/python3.10/site-packages/pymatgen/io/cif.py:1684: Site labels are not unique, which is not compliant with the CIF spec (https://www.iucr.org/__data/iucr/cifdic_html/1/cif_core.dic/Iatom_site_label.html):`['Li0', 'Li0', 'Li1', 'N2']`.",,,,,,,
gz8,/root/Mattergen/OBELIX/cifs/gz8.cif,mlip_relaxation,relaxation_step_limit,0,True,Excluded from ranking; a converged candidate was selected,Did not converge within 300 steps,1,88,False,300,109.37442387099873,-701.0338134765625,-7.9662933349609375
gz8,/root/Mattergen/OBELIX/cifs/gz8.cif,mlip_relaxation,relaxation_step_limit,0,True,Excluded from ranking; a converged candidate was selected,Did not converge within 300 steps,2,88,False,300,107.72276657299517,-685.009765625,-7.7842018821022725
gz8,/root/Mattergen/OBELIX/cifs/gz8.cif,mlip_relaxation,relaxation_step_limit,0,True,Excluded from ranking; a converged candidate was selected,Did not converge within 300 steps,3,88,False,300,109.14424343000428,-683.7171020507812,-7.769512523304332
gz8,/root/Mattergen/OBELIX/cifs/gz8.cif,mlip_relaxation,relaxation_step_limit,0,True,Excluded from ranking; a converged candidate was selected,Did not converge within 300 steps,4,88,False,300,108.1250613680022,-690.144287109375,-7.842548717151988
gz8,/root/Mattergen/OBELIX/cifs/gz8.cif,mlip_relaxation,relaxation_step_limit,0,True,Excluded from ranking; a converged candidate was selected,Did not converge within 300 steps,5,88,False,300,108.34861444199487,-686.6090698242188,-7.802375793457031
gz8,/root/Mattergen/OBELIX/cifs/gz8.cif,mlip_relaxation,relaxation_step_limit,0,True,Excluded from ranking; a converged candidate was selected,Did not converge within 300 steps,7,88,False,300,109.14685223199922,-685.0609130859375,-7.78478310324929
gz8,/root/Mattergen/OBELIX/cifs/gz8.cif,mlip_relaxation,relaxation_step_limit,0,True,Excluded from ranking; a converged candidate was selected,Did not converge within 300 steps,8,88,False,300,106.82080120500177,-687.8462524414062,-7.816434686834162
gz8,/root/Mattergen/OBELIX/cifs/gz8.cif,mlip_relaxation,relaxation_step_limit,0,True,Excluded from ranking; a converged candidate was selected,Did not converge within 300 steps,9,88,False,300,87.0060405309996,-697.9376220703125,-7.931109341708097
h6c,/root/Mattergen/OBELIX/cifs/h6c.cif,python_warning,UserWarning,0,False,,"/root/Mattergen/.venv/lib/python3.10/site-packages/pymatgen/io/cif.py:1684: Site labels are not unique, which is not compliant with the CIF spec (https://www.iucr.org/__data/iucr/cifdic_html/1/cif_core.dic/Iatom_site_label.html):`['Li0', 'Li0', 'Li0', 'Li0', 'Li1', 'Li1', 'V2', 'V2', 'O3', 'O3', 'O3', 'O3', 'O4', 'O4', 'O5', 'O5']`.",,,,,,,
hbz,/root/Mattergen/OBELIX/cifs/hbz.cif,ordering_approximation,approximation_warning,0,False,,Occupancy error 0.058143 exceeds tolerance 0.050000,4,91,True,174,46.82215567499952,-369.036865234375,-4.055350167410714
hcm,/root/Mattergen/OBELIX/cifs/hcm.cif,python_warning,UserWarning,0,False,,"/root/Mattergen/.venv/lib/python3.10/site-packages/pymatgen/io/cif.py:1684: Site labels are not unique, which is not compliant with the CIF spec (https://www.iucr.org/__data/iucr/cifdic_html/1/cif_core.dic/Iatom_site_label.html):`['La2', 'La2', 'La2', 'La2', 'La2', 'La2', 'La2', 'La2', 'La2', 'La2', 'La2', 'La2', 'Li0', 'Li0', 'Li0', 'Li0', 'Li0', 'Li0', 'Li0', 'Li0', 'Li0', 'Li0', 'Li0', 'Li0', 'Li1', 'Li1', 'Li1', 'Li1', 'Li1', 'Li1', 'Li1', 'Li1', 'O4', 'O4', 'O4', 'O4', 'O4', 'O4', 'O4', 'O4', 'O4', 'O4', 'O4', 'O4', 'O4', 'O4', 'O4', 'O4', 'O4', 'O4', 'O4', 'O4', 'O4', 'O4', 'O4', 'O4', 'O4', 'O4', 'O4', 'O4', 'O4', 'O4', 'O4', 'O4', 'O4', 'O4', 'O4', 'O4', 'O4', 'O4', 'O4', 'O4', 'O4', 'O4', 'O4', 'O4', 'O4', 'O4', 'O4', 'O4', 'Ta3', 'Ta3', 'Ta3', 'Ta3', 'Ta3', 'Ta3', 'Ta3', 'Ta3']`.",,,,,,,
hta,/root/Mattergen/OBELIX/cifs/hta.cif,ordering_approximation,approximation_warning,0,False,,Reference elements absent from source CIF: Li,4,46,True,28,11.39919507400191,-402.19110107421875,-8.743284805961277
hud,/root/Mattergen/OBELIX/cifs/hud.cif,mlip_relaxation,relaxation_step_limit,0,True,Excluded from ranking; a converged candidate was selected,Did not converge within 300 steps,0,92,False,300,109.32095929799834,-698.0242919921875,-7.587220565132473
hud,/root/Mattergen/OBELIX/cifs/hud.cif,mlip_relaxation,relaxation_step_limit,0,True,Excluded from ranking; a converged candidate was selected,Did not converge within 300 steps,1,92,False,300,109.32091308200324,-731.9376220703125,-7.95584371815557
hud,/root/Mattergen/OBELIX/cifs/hud.cif,mlip_relaxation,relaxation_step_limit,0,True,Excluded from ranking; a converged candidate was selected,Did not converge within 300 steps,2,92,False,300,108.22955840199575,-684.2012329101562,-7.436969922936481
hud,/root/Mattergen/OBELIX/cifs/hud.cif,mlip_relaxation,relaxation_step_limit,0,True,Excluded from ranking; a converged candidate was selected,Did not converge within 300 steps,3,92,False,300,108.22930060300132,-694.2640991210938,-7.546348903490149
hud,/root/Mattergen/OBELIX/cifs/hud.cif,mlip_relaxation,relaxation_step_limit,0,True,Excluded from ranking; a converged candidate was selected,Did not converge within 300 steps,4,92,False,300,106.56244096800219,-694.2653198242188,-7.546362172002378
hud,/root/Mattergen/OBELIX/cifs/hud.cif,mlip_relaxation,relaxation_step_limit,0,True,Excluded from ranking; a converged candidate was selected,Did not converge within 300 steps,5,92,False,300,106.56216454399691,-684.4668579101562,-7.439857151197351
hud,/root/Mattergen/OBELIX/cifs/hud.cif,mlip_relaxation,relaxation_step_limit,0,True,Excluded from ranking; a converged candidate was selected,Did not converge within 300 steps,6,92,False,300,108.59529716600082,-684.03125,-7.435122282608695
hud,/root/Mattergen/OBELIX/cifs/hud.cif,mlip_relaxation,relaxation_step_limit,0,True,Excluded from ranking; a converged candidate was selected,Did not converge within 300 steps,8,92,False,300,108.75266991399985,-675.2225952148438,-7.339376034943954
hud,/root/Mattergen/OBELIX/cifs/hud.cif,mlip_relaxation,relaxation_step_limit,0,True,Excluded from ranking; a converged candidate was selected,Did not converge within 300 steps,9,92,False,300,81.58279872599815,-694.5782470703125,-7.549763555112093
hx7,/root/Mattergen/OBELIX/cifs/hx7.cif,ordering_approximation,approximation_warning,0,False,,Reference elements absent from source CIF: H,0,4,True,1,0.13255990499601467,-15.036867141723633,-3.759216785430908
i47,/root/Mattergen/OBELIX/cifs/i47.cif,python_warning,UserWarning,0,False,,"/root/Mattergen/.venv/lib/python3.10/site-packages/pymatgen/io/cif.py:1684: Site labels are not unique, which is not compliant with the CIF spec (https://www.iucr.org/__data/iucr/cifdic_html/1/cif_core.dic/Iatom_site_label.html):`['Li0', 'P2', 'S3', 'S3', 'S3', 'S3', 'Zn1']`.",,,,,,,
ik8,/root/Mattergen/OBELIX/cifs/ik8.cif,ordering_approximation,approximation_warning,0,False,,Occupancy error 0.055000 exceeds tolerance 0.050000,9,99,True,36,9.118525311998383,-425.1217346191406,-4.294158935546875
ipo,/root/Mattergen/OBELIX/cifs/ipo.cif,python_warning,UserWarning,0,False,,"/root/Mattergen/.venv/lib/python3.10/site-packages/pymatgen/io/cif.py:1684: Site labels are not unique, which is not compliant with the CIF spec (https://www.iucr.org/__data/iucr/cifdic_html/1/cif_core.dic/Iatom_site_label.html):`['Hf5', 'Hf5', 'Hf5', 'Hf5', 'Hf5', 'Hf5', 'Hf5', 'Hf5', 'La3', 'La3', 'La3', 'La3', 'La3', 'La3', 'La3', 'La3', 'La4', 'La4', 'La4', 'La4', 'Li0', 'Li0', 'Li0', 'Li0', 'Li0', 'Li0', 'Li0', 'Li0', 'Li0', 'Li0', 'Li0', 'Li0', 'Li0', 'Li0', 'Li0', 'Li0', 'Li1', 'Li1', 'Li1', 'Li1', 'Li1', 'Li1', 'Li1', 'Li1', 'Li2', 'Li2', 'Li2', 'Li2', 'O6', 'O6', 'O6', 'O6', 'O6', 'O6', 'O6', 'O6', 'O6', 'O6', 'O6', 'O6', 'O6', 'O6', 'O6', 'O6', 'O7', 'O7', 'O7', 'O7', 'O7', 'O7', 'O7', 'O7', 'O7', 'O7', 'O7', 'O7', 'O7', 'O7', 'O7', 'O7', 'O8', 'O8', 'O8', 'O8', 'O8', 'O8', 'O8', 'O8', 'O8', 'O8', 'O8', 'O8', 'O8', 'O8', 'O8', 'O8']`.",,,,,,,
j5g,/root/Mattergen/OBELIX/cifs/j5g.cif,mlip_relaxation,relaxation_step_limit,0,True,Excluded from ranking; a converged candidate was selected,Did not converge within 300 steps,0,91,False,300,110.39319181500468,-668.283935546875,-7.3437795115041204
j5g,/root/Mattergen/OBELIX/cifs/j5g.cif,mlip_relaxation,relaxation_step_limit,0,True,Excluded from ranking; a converged candidate was selected,Did not converge within 300 steps,1,91,False,300,110.39313106999907,-663.9197998046875,-7.295821975875687
j5g,/root/Mattergen/OBELIX/cifs/j5g.cif,mlip_relaxation,relaxation_step_limit,0,True,Excluded from ranking; a converged candidate was selected,Did not converge within 300 steps,2,91,False,300,110.60113448099582,-677.0770263671875,-7.440406883155907
j5g,/root/Mattergen/OBELIX/cifs/j5g.cif,mlip_relaxation,relaxation_step_limit,0,True,Excluded from ranking; a converged candidate was selected,Did not converge within 300 steps,5,91,False,300,110.07530422499985,-676.427490234375,-7.433269123454671
j5g,/root/Mattergen/OBELIX/cifs/j5g.cif,mlip_relaxation,relaxation_step_limit,0,True,Excluded from ranking; a converged candidate was selected,Did not converge within 300 steps,8,91,False,300,110.3395758359984,-672.6376342773438,-7.391622354696085
j5g,/root/Mattergen/OBELIX/cifs/j5g.cif,mlip_relaxation,relaxation_step_limit,0,True,Excluded from ranking; a converged candidate was selected,Did not converge within 300 steps,9,91,False,300,109.99360366000474,-688.8209228515625,-7.569460690676511
j8q,/root/Mattergen/OBELIX/cifs/j8q.cif,ordering_approximation,approximation_warning,0,False,,Occupancy error 0.060000 exceeds tolerance 0.050000,5,100,True,81,22.189171475001785,-430.6838684082031,-4.306838684082031
jej,/root/Mattergen/OBELIX/cifs/jej.cif,mlip_relaxation,relaxation_step_limit,0,True,Excluded from ranking; a converged candidate was selected,Did not converge within 300 steps,1,92,False,300,114.362429367,-680.2298583984375,-7.393802808678669
jej,/root/Mattergen/OBELIX/cifs/jej.cif,mlip_relaxation,relaxation_step_limit,0,True,Excluded from ranking; a converged candidate was selected,Did not converge within 300 steps,2,92,False,300,115.07877993199509,-703.7191772460938,-7.649121491805367
jej,/root/Mattergen/OBELIX/cifs/jej.cif,mlip_relaxation,relaxation_step_limit,0,True,Excluded from ranking; a converged candidate was selected,Did not converge within 300 steps,3,92,False,300,117.1161451980006,-679.8687744140625,-7.389877982761549
jej,/root/Mattergen/OBELIX/cifs/jej.cif,mlip_relaxation,relaxation_step_limit,0,True,Excluded from ranking; a converged candidate was selected,Did not converge within 300 steps,5,92,False,300,117.33756106900546,-705.0513305664062,-7.663601419200068
jej,/root/Mattergen/OBELIX/cifs/jej.cif,mlip_relaxation,relaxation_step_limit,0,True,Excluded from ranking; a converged candidate was selected,Did not converge within 300 steps,6,92,False,300,117.10115728399978,-686.4964599609375,-7.461918043053669
jej,/root/Mattergen/OBELIX/cifs/jej.cif,mlip_relaxation,relaxation_step_limit,0,True,Excluded from ranking; a converged candidate was selected,Did not converge within 300 steps,7,92,False,300,109.18454202899738,-701.1369018554688,-7.621053281037704
jl4,/root/Mattergen/OBELIX/cifs/jl4.cif,ordering_approximation,approximation_warning,0,False,,Occupancy error 0.055000 exceeds tolerance 0.050000,7,112,True,31,15.723816227997304,-873.235595703125,-7.796746390206473
jy6,/root/Mattergen/OBELIX/cifs/jy6.cif,python_warning,UserWarning,0,False,,"/root/Mattergen/.venv/lib/python3.10/site-packages/pymatgen/io/cif.py:1684: Site labels are not unique, which is not compliant with the CIF spec (https://www.iucr.org/__data/iucr/cifdic_html/1/cif_core.dic/Iatom_site_label.html):`['Cl2', 'Li0', 'Li0', 'Li0', 'Li0', 'Li0', 'Li0', 'O3', 'O3', 'O3', 'O3', 'O4', 'P1']`.",,,,,,,
ka6,/root/Mattergen/OBELIX/cifs/ka6.cif,mlip_relaxation,relaxation_step_limit,0,True,Excluded from ranking; a converged candidate was selected,Did not converge within 300 steps,1,88,False,300,108.23492607299704,-683.2481079101562,-7.764183044433594
ka6,/root/Mattergen/OBELIX/cifs/ka6.cif,mlip_relaxation,relaxation_step_limit,0,True,Excluded from ranking; a converged candidate was selected,Did not converge within 300 steps,2,88,False,300,108.24686084599671,-690.7313232421875,-7.849219582297585
ka6,/root/Mattergen/OBELIX/cifs/ka6.cif,mlip_relaxation,relaxation_step_limit,0,True,Excluded from ranking; a converged candidate was selected,Did not converge within 300 steps,3,88,False,300,106.37456869499874,-688.7033081054688,-7.826173955743963
ka6,/root/Mattergen/OBELIX/cifs/ka6.cif,mlip_relaxation,relaxation_step_limit,0,True,Excluded from ranking; a converged candidate was selected,Did not converge within 300 steps,6,88,False,300,108.10995941500005,-700.6654052734375,-7.962106878107244
ka6,/root/Mattergen/OBELIX/cifs/ka6.cif,mlip_relaxation,relaxation_step_limit,0,True,Excluded from ranking; a converged candidate was selected,Did not converge within 300 steps,8,88,False,300,98.74318340500031,-683.30615234375,-7.764842640269887
kbo,/root/Mattergen/OBELIX/cifs/kbo.cif,python_warning,UserWarning,0,False,,"/root/Mattergen/.venv/lib/python3.10/site-packages/pymatgen/io/cif.py:1684: Site labels are not unique, which is not compliant with the CIF spec (https://www.iucr.org/__data/iucr/cifdic_html/1/cif_core.dic/Iatom_site_label.html):`['Sr0', 'Sr0', 'Sr0', 'Sr0', 'Sr1', 'Sr1', 'Sr1', 'Sr1', 'Li2', 'Li2', 'Li2', 'Li2', 'Li3', 'Li3', 'Li3', 'Li3', 'Al4', 'Al4', 'Al4', 'Al4', 'P5', 'P5', 'P5', 'P5', 'P6', 'P6', 'P6', 'P6', 'P7', 'P7', 'P7', 'P7', 'O8', 'O8', 'O8', 'O8', 'O9', 'O9', 'O9', 'O9', 'O10', 'O10', 'O10', 'O10', 'O11', 'O11', 'O11', 'O11', 'O12', 'O12', 'O12', 'O12', 'O13', 'O13', 'O13', 'O13', 'O14', 'O14', 'O14', 'O14', 'O15', 'O15', 'O15', 'O15', 'O16', 'O16', 'O16', 'O16', 'O17', 'O17', 'O17', 'O17', 'O18', 'O18', 'O18', 'O18', 'O19', 'O19', 'O19', 'O19']`.",,,,,,,
kbu,/root/Mattergen/OBELIX/cifs/kbu.cif,mlip_relaxation,relaxation_step_limit,0,True,Excluded from ranking; a converged candidate was selected,Did not converge within 300 steps,1,90,False,300,110.7544493710011,-681.77880859375,-7.575320095486111
kbu,/root/Mattergen/OBELIX/cifs/kbu.cif,mlip_relaxation,relaxation_step_limit,0,True,Excluded from ranking; a converged candidate was selected,Did not converge within 300 steps,3,90,False,300,110.24487951800256,-704.8475341796875,-7.831639268663195
kbu,/root/Mattergen/OBELIX/cifs/kbu.cif,mlip_relaxation,relaxation_step_limit,0,True,Excluded from ranking; a converged candidate was selected,Did not converge within 300 steps,5,90,False,300,110.84489235599904,-695.6656494140625,-7.729618326822917
kbu,/root/Mattergen/OBELIX/cifs/kbu.cif,mlip_relaxation,relaxation_step_limit,0,True,Excluded from ranking; a converged candidate was selected,Did not converge within 300 steps,7,90,False,300,111.45030120100273,-717.5306396484375,-7.972562662760416
kbu,/root/Mattergen/OBELIX/cifs/kbu.cif,mlip_relaxation,relaxation_step_limit,0,True,Excluded from ranking; a converged candidate was selected,Did not converge within 300 steps,8,90,False,300,106.88960898899677,-693.9415893554688,-7.710462103949653
kfp,/root/Mattergen/OBELIX/cifs/kfp.cif,python_warning,UserWarning,0,False,,"/root/Mattergen/.venv/lib/python3.10/site-packages/pymatgen/io/cif.py:1684: Site labels are not unique, which is not compliant with the CIF spec (https://www.iucr.org/__data/iucr/cifdic_html/1/cif_core.dic/Iatom_site_label.html):`['Ba0', 'Ba0', 'Ba0', 'Ba0', 'Li1', 'Li1', 'Li1', 'Li1', 'Li2', 'Li2', 'Li3', 'Li3', 'O6', 'O6', 'O6', 'O6', 'O7', 'O7', 'O7', 'O7', 'O8', 'O8', 'O8', 'O8', 'O9', 'O9', 'O9', 'O9', 'O10', 'O10', 'O10', 'O10', 'O11', 'O11', 'O11', 'O11', 'O12', 'O12', 'O12', 'O12', 'P4', 'P4', 'P4', 'P4', 'P5', 'P5', 'P5', 'P5']`.",,,,,,,
kh3,/root/Mattergen/OBELIX/cifs/kh3.cif,mlip_relaxation,relaxation_step_limit,0,True,Excluded from ranking; a converged candidate was selected,Did not converge within 300 steps,3,93,False,300,111.64790199699928,-682.4850463867188,-7.338548885878696
kh3,/root/Mattergen/OBELIX/cifs/kh3.cif,mlip_relaxation,relaxation_step_limit,0,True,Excluded from ranking; a converged candidate was selected,Did not converge within 300 steps,8,93,False,300,95.51474365700415,-692.1480712890625,-7.442452379452285
kji,/root/Mattergen/OBELIX/cifs/kji.cif,mlip_relaxation,relaxation_step_limit,0,True,Excluded from ranking; a converged candidate was selected,Did not converge within 300 steps,3,94,False,300,117.21439821799868,-691.7822265625,-7.359385388962766
kji,/root/Mattergen/OBELIX/cifs/kji.cif,mlip_relaxation,relaxation_step_limit,0,True,Excluded from ranking; a converged candidate was selected,Did not converge within 300 steps,5,94,False,300,115.83148919999803,-691.1370849609375,-7.352522180435505
kji,/root/Mattergen/OBELIX/cifs/kji.cif,mlip_relaxation,relaxation_step_limit,0,True,Excluded from ranking; a converged candidate was selected,Did not converge within 300 steps,6,94,False,300,117.73991240600299,-713.98291015625,-7.59556287400266
kji,/root/Mattergen/OBELIX/cifs/kji.cif,mlip_relaxation,relaxation_step_limit,0,True,Excluded from ranking; a converged candidate was selected,Did not converge within 300 steps,8,94,False,300,117.13509495399921,-726.4644775390625,-7.7283455057347075
kji,/root/Mattergen/OBELIX/cifs/kji.cif,mlip_relaxation,relaxation_step_limit,0,True,Excluded from ranking; a converged candidate was selected,Did not converge within 300 steps,9,94,False,300,99.38234977999673,-715.4545288085938,-7.611218391580785
kkn,/root/Mattergen/OBELIX/cifs/kkn.cif,mlip_relaxation,relaxation_step_limit,0,True,Excluded from ranking; a converged candidate was selected,Did not converge within 300 steps,0,10,False,300,52.850282542996865,-48.814334869384766,-4.881433486938477
kxw,/root/Mattergen/OBELIX/cifs/kxw.cif,python_warning,UserWarning,0,False,,"/root/Mattergen/.venv/lib/python3.10/site-packages/pymatgen/io/cif.py:1684: Site labels are not unique, which is not compliant with the CIF spec (https://www.iucr.org/__data/iucr/cifdic_html/1/cif_core.dic/Iatom_site_label.html):`['Al2', 'Al2', 'Al2', 'Al3', 'Al3', 'Al3', 'Ge4', 'Ge4', 'Ge4', 'Ge5', 'Ge5', 'Ge5', 'Li0', 'Li0', 'Li0', 'Li1', 'Li1', 'Li1', 'O6', 'O6', 'O6', 'O7', 'O7', 'O7', 'O8', 'O8', 'O8', 'O9', 'O9', 'O9', 'O10', 'O10', 'O10', 'O11', 'O11', 'O11', 'O12', 'O12', 'O12', 'O13', 'O13', 'O13']`.",,,,,,,
l9v,/root/Mattergen/OBELIX/cifs/l9v.cif,python_warning,UserWarning,0,False,,"/root/Mattergen/.venv/lib/python3.10/site-packages/pymatgen/io/cif.py:1684: Site labels are not unique, which is not compliant with the CIF spec (https://www.iucr.org/__data/iucr/cifdic_html/1/cif_core.dic/Iatom_site_label.html):`['Al5', 'Al5', 'Al5', 'Al5', 'Al6', 'Al6', 'F7', 'F7', 'F7', 'F7', 'F8', 'F8', 'F8', 'F8', 'F9', 'F9', 'F9', 'F9', 'F10', 'F10', 'F10', 'F10', 'F11', 'F11', 'F11', 'F11', 'F12', 'F12', 'F12', 'F12', 'F13', 'F13', 'F13', 'F13', 'F14', 'F14', 'F14', 'F14', 'F15', 'F15', 'F15', 'F15', 'Li0', 'Li0', 'Li0', 'Li0', 'Li1', 'Li1', 'Li1', 'Li1', 'Li2', 'Li2', 'Li2', 'Li2', 'Li3', 'Li3', 'Li3', 'Li3', 'Li4', 'Li4']`.",,,,,,,
ldx,/root/Mattergen/OBELIX/cifs/ldx.cif,python_warning,UserWarning,0,False,,"/root/Mattergen/.venv/lib/python3.10/site-packages/pymatgen/io/cif.py:1684: Site labels are not unique, which is not compliant with the CIF spec (https://www.iucr.org/__data/iucr/cifdic_html/1/cif_core.dic/Iatom_site_label.html):`['Ge1', 'Ge1', 'Ge1', 'Ge1', 'Li0', 'Li0', 'O3', 'O3', 'O3', 'O3', 'O3', 'O3', 'O3', 'O3', 'O3', 'O3', 'O3', 'O3', 'O4', 'O4', 'O4', 'O4', 'O4', 'O4', 'O4', 'O4', 'O4', 'O4', 'O4', 'O4', 'P2', 'P2', 'P2', 'P2', 'P2', 'P2']`.",,,,,,,
lk8,/root/Mattergen/OBELIX/cifs/lk8.cif,ordering_approximation,approximation_warning,0,False,,Occupancy error 0.052857 exceeds tolerance 0.050000,1,35,True,49,24.442271520994836,-286.7767333984375,-8.193620954241071
lkm,/root/Mattergen/OBELIX/cifs/lkm.cif,python_warning,UserWarning,0,False,,"/root/Mattergen/.venv/lib/python3.10/site-packages/pymatgen/io/cif.py:1684: Site labels are not unique, which is not compliant with the CIF spec (https://www.iucr.org/__data/iucr/cifdic_html/1/cif_core.dic/Iatom_site_label.html):`['Li0', 'Li0', 'Li0', 'Li0', 'Li1', 'Li1', 'Li1', 'Li1', 'Li2', 'Li2', 'Li2', 'Li2', 'Li3', 'Li3', 'Li3', 'Li3', 'Li4', 'Li4', 'Li4', 'Li4', 'Li5', 'Li5', 'Li5', 'Li5', 'Ge6', 'Ge6', 'Ge6', 'Ge6', 'Ge7', 'Ge7', 'Ge7', 'Ge7', 'O8', 'O8', 'O8', 'O8', 'O9', 'O9', 'O9', 'O9', 'O10', 'O10', 'O10', 'O10', 'O11', 'O11', 'O11', 'O11', 'O12', 'O12', 'O12', 'O12', 'O13', 'O13', 'O13', 'O13', 'O14', 'O14', 'O14', 'O14']`.",,,,,,,
lxk,/root/Mattergen/OBELIX/cifs/lxk.cif,mlip_relaxation,relaxation_step_limit,0,False,,Did not converge within 300 steps,0,55,False,300,89.35256451099849,-294.652099609375,-5.357310901988637
lxk,/root/Mattergen/OBELIX/cifs/lxk.cif,mlip_relaxation,relaxation_step_limit,0,False,,Did not converge within 300 steps,1,55,False,300,89.35252124500403,-273.74267578125,-4.977139559659091
lxk,/root/Mattergen/OBELIX/cifs/lxk.cif,mlip_relaxation,relaxation_step_limit,0,False,,Did not converge within 300 steps,2,55,False,300,89.35248615700402,-296.0768737792969,-5.3832158868963065
lxk,/root/Mattergen/OBELIX/cifs/lxk.cif,mlip_relaxation,relaxation_step_limit,0,False,,Did not converge within 300 steps,3,55,False,300,89.35245481099992,-252.2006072998047,-4.5854655872691765
lxk,/root/Mattergen/OBELIX/cifs/lxk.cif,mlip_relaxation,relaxation_step_limit,0,False,,Did not converge within 300 steps,4,55,False,300,88.79065749699657,-286.3479309082031,-5.206326016512784
lxk,/root/Mattergen/OBELIX/cifs/lxk.cif,mlip_relaxation,relaxation_step_limit,0,False,,Did not converge within 300 steps,5,55,False,300,88.79037546199834,-285.8655700683594,-5.197555819424716
lxk,/root/Mattergen/OBELIX/cifs/lxk.cif,mlip_relaxation,relaxation_step_limit,0,False,,Did not converge within 300 steps,6,55,False,300,88.79033220600104,-289.553955078125,-5.264617365056818
lxk,/root/Mattergen/OBELIX/cifs/lxk.cif,mlip_relaxation,relaxation_step_limit,0,False,,Did not converge within 300 steps,7,55,False,300,88.79029611699661,-283.8568115234375,-5.1610329367897725
lxk,/root/Mattergen/OBELIX/cifs/lxk.cif,mlip_relaxation,relaxation_step_limit,0,False,,Did not converge within 300 steps,8,55,False,300,67.25595759700082,-295.9075622558594,-5.38013749556108
lxk,/root/Mattergen/OBELIX/cifs/lxk.cif,mlip_relaxation,relaxation_step_limit,0,False,,Did not converge within 300 steps,9,55,False,300,67.25570825799514,-284.6378479003906,-5.17523359818892
mde,/root/Mattergen/OBELIX/cifs/mde.cif,python_warning,UserWarning,0,False,,"/root/Mattergen/.venv/lib/python3.10/site-packages/pymatgen/io/cif.py:1684: Site labels are not unique, which is not compliant with the CIF spec (https://www.iucr.org/__data/iucr/cifdic_html/1/cif_core.dic/Iatom_site_label.html):`['Li0', 'Li0', 'Li0', 'Li0', 'B1', 'B1', 'B1', 'B1', 'B2', 'B2', 'B2', 'B2', 'B3', 'B3', 'B3', 'B3', 'B4', 'B4', 'B4', 'B4', 'B5', 'B5', 'B5', 'B5', 'B6', 'B6', 'B6', 'B6', 'O7', 'O7', 'O7', 'O7', 'O8', 'O8', 'O8', 'O8', 'O9', 'O9', 'O9', 'O9', 'O10', 'O10', 'O10', 'O10', 'O11', 'O11', 'O11', 'O11', 'O12', 'O12', 'O12', 'O12', 'O13', 'O13', 'O13', 'O13', 'O14', 'O14', 'O14', 'O14', 'O15', 'O15', 'O15', 'O15', 'F16', 'F16', 'F16', 'F16']`.",,,,,,,
mdp,/root/Mattergen/OBELIX/cifs/mdp.cif,python_warning,UserWarning,0,False,,"/root/Mattergen/.venv/lib/python3.10/site-packages/pymatgen/io/cif.py:1684: Site labels are not unique, which is not compliant with the CIF spec (https://www.iucr.org/__data/iucr/cifdic_html/1/cif_core.dic/Iatom_site_label.html):`['Li0', 'Li0', 'Li1', 'Li1', 'Li2', 'Li2', 'Li3', 'Li3', 'Li4', 'Li4', 'Li5', 'Li5', 'Li6', 'Li6', 'P7', 'P7', 'P8', 'P8', 'P9', 'P9', 'S10', 'S10', 'S11', 'S11', 'S12', 'S12', 'S13', 'S13', 'S14', 'S14', 'S15', 'S15', 'S16', 'S16', 'S17', 'S17', 'S18', 'S18', 'S19', 'S19', 'S20', 'S20']`.",,,,,,,
mfu,/root/Mattergen/OBELIX/cifs/mfu.cif,ordering_approximation,approximation_warning,0,False,,Occupancy error 0.083300 exceeds tolerance 0.050000,8,76,True,40,14.812948917999165,-502.2966613769531,-6.6091665970651725
mq1,/root/Mattergen/OBELIX/cifs/mq1.cif,python_warning,UserWarning,0,False,,"/root/Mattergen/.venv/lib/python3.10/site-packages/pymatgen/io/cif.py:1684: Site labels are not unique, which is not compliant with the CIF spec (https://www.iucr.org/__data/iucr/cifdic_html/1/cif_core.dic/Iatom_site_label.html):`['Li0', 'Li0', 'Li0', 'Li0', 'Li1', 'Li1', 'Sb2', 'Sb2', 'S3', 'S3', 'S3', 'S3', 'S4', 'S4', 'S5', 'S5']`.",,,,,,,
mtn,/root/Mattergen/OBELIX/cifs/mtn.cif,ordering_approximation,approximation_warning,0,False,,Occupancy error 0.055000 exceeds tolerance 0.050000,4,99,True,87,23.643781867001962,-426.19207763671875,-4.3049704811789775
mtr,/root/Mattergen/OBELIX/cifs/mtr.cif,ordering_approximation,approximation_warning,0,False,,Occupancy error 0.083333 exceeds tolerance 0.050000,6,91,True,71,26.452920982999785,-668.0663452148438,-7.341388408954327
n27,/root/Mattergen/OBELIX/cifs/n27.cif,python_warning,UserWarning,0,False,,"/root/Mattergen/.venv/lib/python3.10/site-packages/pymatgen/io/cif.py:1684: Site labels are not unique, which is not compliant with the CIF spec (https://www.iucr.org/__data/iucr/cifdic_html/1/cif_core.dic/Iatom_site_label.html):`['Li0', 'Li0', 'Li0', 'Li0', 'B1', 'B1', 'B1', 'B1', 'O2', 'O2', 'O2', 'O2', 'O3', 'O3', 'O3', 'O3']`.",,,,,,,
na5,/root/Mattergen/OBELIX/cifs/na5.cif,ordering_approximation,approximation_warning,0,False,,Occupancy error 0.150000 exceeds tolerance 0.050000,8,107,True,117,49.193303854997794,-574.8941650390625,-5.372842663916472
ner,/root/Mattergen/OBELIX/cifs/ner.cif,mlip_relaxation,relaxation_step_limit,0,True,Excluded from ranking; a converged candidate was selected,Did not converge within 300 steps,0,92,False,300,109.51856440799747,-724.4274291992188,-7.87421118694803
ner,/root/Mattergen/OBELIX/cifs/ner.cif,mlip_relaxation,relaxation_step_limit,0,True,Excluded from ranking; a converged candidate was selected,Did not converge within 300 steps,2,92,False,300,109.468461166005,-687.8261108398438,-7.476370769998302
ner,/root/Mattergen/OBELIX/cifs/ner.cif,mlip_relaxation,relaxation_step_limit,0,True,Excluded from ranking; a converged candidate was selected,Did not converge within 300 steps,4,92,False,300,109.39835665699502,-685.3291015625,-7.449229364809782
ner,/root/Mattergen/OBELIX/cifs/ner.cif,mlip_relaxation,relaxation_step_limit,0,True,Excluded from ranking; a converged candidate was selected,Did not converge within 300 steps,5,92,False,300,109.59888029700232,-725.6078491210938,-7.887041838272758
ner,/root/Mattergen/OBELIX/cifs/ner.cif,mlip_relaxation,relaxation_step_limit,0,True,Excluded from ranking; a converged candidate was selected,Did not converge within 300 steps,6,92,False,300,108.83021602100052,-685.7172241210938,-7.453448088272758
ner,/root/Mattergen/OBELIX/cifs/ner.cif,mlip_relaxation,relaxation_step_limit,0,True,Excluded from ranking; a converged candidate was selected,Did not converge within 300 steps,7,92,False,300,108.88799654800096,-711.1448974609375,-7.729835841966712
ner,/root/Mattergen/OBELIX/cifs/ner.cif,mlip_relaxation,relaxation_step_limit,0,True,Excluded from ranking; a converged candidate was selected,Did not converge within 300 steps,8,92,False,300,110.20495835999463,-694.7637939453125,-7.551780368970788
ner,/root/Mattergen/OBELIX/cifs/ner.cif,mlip_relaxation,relaxation_step_limit,0,True,Excluded from ranking; a converged candidate was selected,Did not converge within 300 steps,9,92,False,300,101.03026914700604,-711.1217651367188,-7.729584403659986
nip,/root/Mattergen/OBELIX/cifs/nip.cif,ordering_approximation,approximation_warning,0,False,,Occupancy error 0.053000 exceeds tolerance 0.050000,7,99,True,51,13.397678751003696,-425.2595520019531,-4.295551030322759
nua,/root/Mattergen/OBELIX/cifs/nua.cif,python_warning,UserWarning,0,False,,"/root/Mattergen/.venv/lib/python3.10/site-packages/pymatgen/io/cif.py:1684: Site labels are not unique, which is not compliant with the CIF spec (https://www.iucr.org/__data/iucr/cifdic_html/1/cif_core.dic/Iatom_site_label.html):`['Li0', 'Li0', 'La1', 'La1', 'Ti2', 'Ti2', 'O3', 'O3', 'O3', 'O3', 'O4', 'O4', 'O5', 'O5']`.",,,,,,,
o5q,/root/Mattergen/OBELIX/cifs/o5q.cif,mlip_relaxation,relaxation_step_limit,0,True,Excluded from ranking; a converged candidate was selected,Did not converge within 300 steps,1,96,False,300,117.06719295799849,-686.0956420898438,-7.146829605102539
o5q,/root/Mattergen/OBELIX/cifs/o5q.cif,mlip_relaxation,relaxation_step_limit,0,True,Excluded from ranking; a converged candidate was selected,Did not converge within 300 steps,3,96,False,300,118.9469370950028,-718.189697265625,-7.481142679850261
o5q,/root/Mattergen/OBELIX/cifs/o5q.cif,mlip_relaxation,relaxation_step_limit,0,True,Excluded from ranking; a converged candidate was selected,Did not converge within 300 steps,4,96,False,300,119.03533416599385,-693.5059204101562,-7.224020004272461
o5q,/root/Mattergen/OBELIX/cifs/o5q.cif,mlip_relaxation,relaxation_step_limit,0,True,Excluded from ranking; a converged candidate was selected,Did not converge within 300 steps,6,96,False,300,118.79612718400313,-704.7449951171875,-7.34109369913737
o5q,/root/Mattergen/OBELIX/cifs/o5q.cif,mlip_relaxation,relaxation_step_limit,0,True,Excluded from ranking; a converged candidate was selected,Did not converge within 300 steps,8,96,False,300,118.89801094599534,-706.206787109375,-7.356320699055989
o5q,/root/Mattergen/OBELIX/cifs/o5q.cif,mlip_relaxation,relaxation_step_limit,0,True,Excluded from ranking; a converged candidate was selected,Did not converge within 300 steps,9,96,False,300,96.77257346999977,-692.8280639648438,-7.216958999633789
o9h,/root/Mattergen/OBELIX/cifs/o9h.cif,ordering_approximation,approximation_warning,0,False,,Occupancy error 0.055000 exceeds tolerance 0.050000,3,72,True,54,22.692408206996333,-615.4441528320312,-8.547835456000435
p81,/root/Mattergen/OBELIX/cifs/p81.cif,python_warning,UserWarning,0,False,,"/root/Mattergen/.venv/lib/python3.10/site-packages/pymatgen/io/cif.py:1684: Site labels are not unique, which is not compliant with the CIF spec (https://www.iucr.org/__data/iucr/cifdic_html/1/cif_core.dic/Iatom_site_label.html):`['Li0', 'Li0', 'Li0', 'Li0', 'Al1', 'Al1', 'Al1', 'Al1', 'Cl2', 'Cl2', 'Cl2', 'Cl2', 'Cl3', 'Cl3', 'Cl3', 'Cl3', 'Cl4', 'Cl4', 'Cl4', 'Cl4', 'Cl5', 'Cl5', 'Cl5', 'Cl5']`.",,,,,,,
pwr,/root/Mattergen/OBELIX/cifs/pwr.cif,mlip_relaxation,relaxation_step_limit,0,True,Excluded from ranking; a converged candidate was selected,Did not converge within 300 steps,1,69,False,300,158.35965310900065,-429.8361511230469,-6.2295094365658965
qa9,/root/Mattergen/OBELIX/cifs/qa9.cif,python_warning,UserWarning,0,False,,"/root/Mattergen/.venv/lib/python3.10/site-packages/pymatgen/io/cif.py:1684: Site labels are not unique, which is not compliant with the CIF spec (https://www.iucr.org/__data/iucr/cifdic_html/1/cif_core.dic/Iatom_site_label.html):`['Li0', 'Li0', 'Li0', 'Li0', 'Li1', 'Li1', 'B2', 'B2', 'N3', 'N3', 'N3', 'N3']`.",,,,,,,
qbb,/root/Mattergen/OBELIX/cifs/qbb.cif,python_warning,UserWarning,0,False,,"/root/Mattergen/.venv/lib/python3.10/site-packages/pymatgen/io/cif.py:1684: Site labels are not unique, which is not compliant with the CIF spec (https://www.iucr.org/__data/iucr/cifdic_html/1/cif_core.dic/Iatom_site_label.html):`['Li0', 'Li0', 'Li0', 'Br1', 'O2']`.",,,,,,,
qy4,/root/Mattergen/OBELIX/cifs/qy4.cif,python_warning,UserWarning,0,False,,"/root/Mattergen/.venv/lib/python3.10/site-packages/pymatgen/io/cif.py:1684: Site labels are not unique, which is not compliant with the CIF spec (https://www.iucr.org/__data/iucr/cifdic_html/1/cif_core.dic/Iatom_site_label.html):`['Li3', 'Li3', 'Li3', 'Li3', 'Li4', 'Li4', 'Na0', 'Na0', 'Na0', 'Na0', 'Na1', 'Na1', 'Na1', 'Na1', 'Na2', 'Na2', 'S6', 'S6', 'S6', 'S6', 'S7', 'S7', 'S7', 'S7', 'S8', 'S8', 'S8', 'S8', 'S9', 'S9', 'S9', 'S9', 'Ti5', 'Ti5', 'Ti5', 'Ti5']`.",,,,,,,
ro9,/root/Mattergen/OBELIX/cifs/ro9.cif,python_warning,UserWarning,0,False,,"/root/Mattergen/.venv/lib/python3.10/site-packages/pymatgen/io/cif.py:1684: Site labels are not unique, which is not compliant with the CIF spec (https://www.iucr.org/__data/iucr/cifdic_html/1/cif_core.dic/Iatom_site_label.html):`['Li0', 'Li0', 'Li1', 'Li1', 'Li2', 'Li2', 'B3', 'B3', 'P4', 'P4', 'P5', 'P5', 'O6', 'O6', 'O7', 'O7', 'O8', 'O8', 'O9', 'O9', 'O10', 'O10', 'O11', 'O11', 'O12', 'O12', 'O13', 'O13']`.",,,,,,,
rr5,/root/Mattergen/OBELIX/cifs/rr5.cif,python_warning,UserWarning,0,False,,"/root/Mattergen/.venv/lib/python3.10/site-packages/pymatgen/io/cif.py:1684: Site labels are not unique, which is not compliant with the CIF spec (https://www.iucr.org/__data/iucr/cifdic_html/1/cif_core.dic/Iatom_site_label.html):`['Li0', 'Li0', 'O3', 'O3', 'O3', 'O3', 'O3', 'O3', 'O3', 'O3', 'O3', 'O3', 'O3', 'O3', 'O4', 'O4', 'O4', 'O4', 'O4', 'O4', 'O4', 'O4', 'O4', 'O4', 'O4', 'O4', 'P2', 'P2', 'P2', 'P2', 'P2', 'P2', 'Ti1', 'Ti1', 'Ti1', 'Ti1']`.",,,,,,,
rwr,/root/Mattergen/OBELIX/cifs/rwr.cif,python_warning,UserWarning,0,False,,"/root/Mattergen/.venv/lib/python3.10/site-packages/pymatgen/io/cif.py:1684: Site labels are not unique, which is not compliant with the CIF spec (https://www.iucr.org/__data/iucr/cifdic_html/1/cif_core.dic/Iatom_site_label.html):`['Li0', 'Li0', 'Li0', 'Li0', 'Li0', 'Li0', 'Li0', 'Li0', 'Li0', 'Li0', 'Li0', 'Li0', 'Li0', 'Li0', 'Li0', 'Li0', 'Li0', 'Li0', 'Li0', 'Li0', 'Li0', 'Li0', 'Li0', 'Li0', 'Li1', 'Li1', 'Li1', 'Li1', 'Li1', 'Li1', 'Li1', 'Li1', 'Li1', 'Li1', 'Li1', 'Li1', 'Li1', 'Li1', 'Li1', 'Li1', 'Li1', 'Li1', 'Li1', 'Li1', 'Li1', 'Li1', 'Li1', 'Li1', 'Li2', 'Li2', 'Li2', 'Li2', 'Li2', 'Li2', 'Li2', 'Li2', 'Li3', 'Li3', 'Li3', 'Li3', 'Li4', 'Li4', 'Li4', 'Li4', 'Ge5', 'Ge5', 'Ge5', 'Ge5', 'Ge5', 'Ge5', 'Ge5', 'Ge5', 'P6', 'P6', 'P6', 'P6', 'P6', 'P6', 'P6', 'P6', 'P6', 'P6', 'P6', 'P6', 'P6', 'P6', 'P6', 'P6', 'P6', 'P6', 'P6', 'P6', 'P6', 'P6', 'P6', 'P6', 'P7', 'P7', 'P7', 'P7', 'P7', 'P7', 'P7', 'P7']`.",,,,,,,
s2v,/root/Mattergen/OBELIX/cifs/s2v.cif,ordering_approximation,approximation_warning,0,False,,Occupancy error 0.111000 exceeds tolerance 0.050000,2,90,True,56,19.863039595999,-663.1095581054688,-7.367883978949653
s3h,/root/Mattergen/OBELIX/cifs/s3h.cif,ordering_approximation,approximation_warning,0,False,,Reference elements absent from source CIF: Li,0,18,True,24,5.753841634999844,-153.713623046875,-8.53964572482639
sg0,/root/Mattergen/OBELIX/cifs/sg0.cif,python_warning,UserWarning,0,False,,"/root/Mattergen/.venv/lib/python3.10/site-packages/pymatgen/io/cif.py:1684: Site labels are not unique, which is not compliant with the CIF spec (https://www.iucr.org/__data/iucr/cifdic_html/1/cif_core.dic/Iatom_site_label.html):`['Li0', 'Li0', 'O2', 'O2', 'O2', 'O2', 'Sc1', 'Sc1']`.",,,,,,,
t0h,/root/Mattergen/OBELIX/cifs/t0h.cif,python_warning,UserWarning,0,False,,"/root/Mattergen/.venv/lib/python3.10/site-packages/pymatgen/io/cif.py:1684: Site labels are not unique, which is not compliant with the CIF spec (https://www.iucr.org/__data/iucr/cifdic_html/1/cif_core.dic/Iatom_site_label.html):`['Li0', 'Li0', 'Li1', 'Li1', 'O3', 'O3', 'O3', 'O3', 'O4', 'O4', 'Zr2', 'Zr2']`.",,,,,,,
tbj,/root/Mattergen/OBELIX/cifs/tbj.cif,mlip_relaxation,relaxation_step_limit,0,True,Excluded from ranking; a converged candidate was selected,Did not converge within 300 steps,7,88,False,300,87.88871417599876,-585.6638793945312,-6.655271356756037
tka,/root/Mattergen/OBELIX/cifs/tka.cif,python_warning,UserWarning,0,False,,"/root/Mattergen/.venv/lib/python3.10/site-packages/pymatgen/io/cif.py:1684: Site labels are not unique, which is not compliant with the CIF spec (https://www.iucr.org/__data/iucr/cifdic_html/1/cif_core.dic/Iatom_site_label.html):`['Li0', 'Li0', 'N2', 'N2', 'N2', 'N2', 'N3', 'N3', 'Si1', 'Si1', 'Si1', 'Si1']`.",,,,,,,
tws,/root/Mattergen/OBELIX/cifs/tws.cif,python_warning,UserWarning,0,False,,"/root/Mattergen/.venv/lib/python3.10/site-packages/pymatgen/io/cif.py:1684: Site labels are not unique, which is not compliant with the CIF spec (https://www.iucr.org/__data/iucr/cifdic_html/1/cif_core.dic/Iatom_site_label.html):`['Li0', 'Li0', 'Li0', 'Li0', 'Li1', 'Li1', 'Li1', 'Li1', 'Li2', 'Li2', 'Li2', 'Li2', 'O4', 'O4', 'O4', 'O4', 'O5', 'O5', 'O5', 'O5', 'O6', 'O6', 'O6', 'O6', 'O7', 'O7', 'Zr3', 'Zr3', 'Zr3', 'Zr3']`.",,,,,,,
u2y,/root/Mattergen/OBELIX/cifs/u2y.cif,ordering_approximation,approximation_warning,0,False,,Reference elements absent from source CIF: Li,5,64,True,31,13.246144799995818,-555.7036743164062,-8.682869911193848
u8r,/root/Mattergen/OBELIX/cifs/u8r.cif,ordering_approximation,approximation_warning,0,False,,Reference elements absent from source CIF: Li,0,39,True,25,5.8267057080011,-339.1799011230469,-8.696920541616587
uaz,/root/Mattergen/OBELIX/cifs/uaz.cif,mlip_relaxation,relaxation_step_limit,0,True,Excluded from ranking; a converged candidate was selected,Did not converge within 300 steps,0,92,False,300,114.51932941800624,-701.9779663085938,-7.630195285962976
uaz,/root/Mattergen/OBELIX/cifs/uaz.cif,mlip_relaxation,relaxation_step_limit,0,True,Excluded from ranking; a converged candidate was selected,Did not converge within 300 steps,1,92,False,300,114.51928575200145,-681.5785522460938,-7.4084625244140625
uaz,/root/Mattergen/OBELIX/cifs/uaz.cif,mlip_relaxation,relaxation_step_limit,0,True,Excluded from ranking; a converged candidate was selected,Did not converge within 300 steps,2,92,False,300,117.35605147800379,-678.1011962890625,-7.370665177055027
uaz,/root/Mattergen/OBELIX/cifs/uaz.cif,mlip_relaxation,relaxation_step_limit,0,True,Excluded from ranking; a converged candidate was selected,Did not converge within 300 steps,3,92,False,300,117.35580464800296,-679.376708984375,-7.384529445482337
uaz,/root/Mattergen/OBELIX/cifs/uaz.cif,mlip_relaxation,relaxation_step_limit,0,True,Excluded from ranking; a converged candidate was selected,Did not converge within 300 steps,5,92,False,300,115.44027668099443,-679.53515625,-7.386251698369565
uaz,/root/Mattergen/OBELIX/cifs/uaz.cif,mlip_relaxation,relaxation_step_limit,0,True,Excluded from ranking; a converged candidate was selected,Did not converge within 300 steps,6,92,False,300,117.08878242400533,-682.5025024414062,-7.418505461319633
ur9,/root/Mattergen/OBELIX/cifs/ur9.cif,python_warning,UserWarning,0,False,,"/root/Mattergen/.venv/lib/python3.10/site-packages/pymatgen/io/cif.py:1684: Site labels are not unique, which is not compliant with the CIF spec (https://www.iucr.org/__data/iucr/cifdic_html/1/cif_core.dic/Iatom_site_label.html):`['Li0', 'Li0', 'O3', 'O3', 'O3', 'O3', 'O3', 'O3', 'O3', 'O3', 'O3', 'O3', 'O3', 'O3', 'O4', 'O4', 'O4', 'O4', 'O4', 'O4', 'O4', 'O4', 'O4', 'O4', 'O4', 'O4', 'P2', 'P2', 'P2', 'P2', 'P2', 'P2', 'Zr1', 'Zr1', 'Zr1', 'Zr1']`.",,,,,,,
uu4,/root/Mattergen/OBELIX/cifs/uu4.cif,python_warning,UserWarning,0,False,,"/root/Mattergen/.venv/lib/python3.10/site-packages/pymatgen/io/cif.py:1684: Site labels are not unique, which is not compliant with the CIF spec (https://www.iucr.org/__data/iucr/cifdic_html/1/cif_core.dic/Iatom_site_label.html):`['Li0', 'Li0', 'Li1', 'Li1', 'O3', 'O3', 'O3', 'O3', 'O4', 'O4', 'O4', 'O4', 'O5', 'O5', 'O5', 'O5', 'V2', 'V2', 'V2', 'V2']`.",,,,,,,
uw9,/root/Mattergen/OBELIX/cifs/uw9.cif,mlip_relaxation,relaxation_step_limit,0,True,Excluded from ranking; a converged candidate was selected,Did not converge within 300 steps,0,92,False,300,108.76783974499995,-555.8394775390625,-6.041733451511549
uw9,/root/Mattergen/OBELIX/cifs/uw9.cif,mlip_relaxation,relaxation_step_limit,0,True,Excluded from ranking; a converged candidate was selected,Did not converge within 300 steps,1,92,False,300,108.7677969580036,-580.0706787109375,-6.305116072944973
uw9,/root/Mattergen/OBELIX/cifs/uw9.cif,mlip_relaxation,relaxation_step_limit,0,True,Excluded from ranking; a converged candidate was selected,Did not converge within 300 steps,3,92,False,300,109.42372582299868,-556.20654296875,-6.045723293138587
uw9,/root/Mattergen/OBELIX/cifs/uw9.cif,mlip_relaxation,relaxation_step_limit,0,True,Excluded from ranking; a converged candidate was selected,Did not converge within 300 steps,4,92,False,300,109.36367612200411,-549.5009765625,-5.972836701766305
uw9,/root/Mattergen/OBELIX/cifs/uw9.cif,mlip_relaxation,relaxation_step_limit,0,True,Excluded from ranking; a converged candidate was selected,Did not converge within 300 steps,5,92,False,300,107.32282850900083,-578.964111328125,-6.293088166610055
uw9,/root/Mattergen/OBELIX/cifs/uw9.cif,mlip_relaxation,relaxation_step_limit,0,True,Excluded from ranking; a converged candidate was selected,Did not converge within 300 steps,7,92,False,300,109.02636225199967,-555.2194213867188,-6.034993710725204
uw9,/root/Mattergen/OBELIX/cifs/uw9.cif,mlip_relaxation,relaxation_step_limit,0,True,Excluded from ranking; a converged candidate was selected,Did not converge within 300 steps,8,92,False,300,108.52236121000169,-555.9015502929688,-6.042408155358356
uw9,/root/Mattergen/OBELIX/cifs/uw9.cif,mlip_relaxation,relaxation_step_limit,0,True,Excluded from ranking; a converged candidate was selected,Did not converge within 300 steps,9,92,False,300,91.90809896700375,-554.6577758789062,-6.028888868248981
uwh,/root/Mattergen/OBELIX/cifs/uwh.cif,mlip_relaxation,relaxation_step_limit,0,True,Excluded from ranking; a converged candidate was selected,Did not converge within 300 steps,2,89,False,300,108.29895532599767,-684.1985473632812,-7.687624127677317
uwh,/root/Mattergen/OBELIX/cifs/uwh.cif,mlip_relaxation,relaxation_step_limit,0,True,Excluded from ranking; a converged candidate was selected,Did not converge within 300 steps,4,89,False,300,108.67583926099906,-686.4173583984375,-7.712554588746489
uwh,/root/Mattergen/OBELIX/cifs/uwh.cif,mlip_relaxation,relaxation_step_limit,0,True,Excluded from ranking; a converged candidate was selected,Did not converge within 300 steps,6,89,False,300,106.82427240600373,-685.921875,-7.706987359550562
uwh,/root/Mattergen/OBELIX/cifs/uwh.cif,mlip_relaxation,relaxation_step_limit,0,True,Excluded from ranking; a converged candidate was selected,Did not converge within 300 steps,9,89,False,300,81.26466757999879,-694.1055908203125,-7.798939222700141
uwh,/root/Mattergen/OBELIX/cifs/uwh.cif,ordering_approximation,approximation_warning,0,False,,Occupancy error 0.053000 exceeds tolerance 0.050000,8,89,True,77,28.083940626995172,-679.0875244140625,-7.630196903528792
ux3,/root/Mattergen/OBELIX/cifs/ux3.cif,ordering_approximation,approximation_warning,0,False,,Occupancy error 0.076667 exceeds tolerance 0.050000,3,124,True,34,13.012915295999846,-1008.527099609375,-8.133283061365928
vqj,/root/Mattergen/OBELIX/cifs/vqj.cif,ordering_approximation,approximation_warning,0,False,,Occupancy error 0.068931 exceeds tolerance 0.050000,9,91,True,36,8.701508802994795,-373.4698791503906,-4.104064606048248
vqu,/root/Mattergen/OBELIX/cifs/vqu.cif,mlip_relaxation,relaxation_step_limit,0,True,Excluded from ranking; a converged candidate was selected,Did not converge within 300 steps,1,88,False,300,110.98384497599909,-602.4443359375,-6.845958362926137
vqu,/root/Mattergen/OBELIX/cifs/vqu.cif,mlip_relaxation,relaxation_step_limit,0,True,Excluded from ranking; a converged candidate was selected,Did not converge within 300 steps,2,88,False,300,110.82919903500442,-580.0841674804688,-6.591865539550781
vqu,/root/Mattergen/OBELIX/cifs/vqu.cif,mlip_relaxation,relaxation_step_limit,0,True,Excluded from ranking; a converged candidate was selected,Did not converge within 300 steps,3,88,False,300,110.45471715700114,-579.1947631835938,-6.581758672540838
vqu,/root/Mattergen/OBELIX/cifs/vqu.cif,mlip_relaxation,relaxation_step_limit,0,True,Excluded from ranking; a converged candidate was selected,Did not converge within 300 steps,5,88,False,300,110.35566662199562,-580.9931640625,-6.6021950461647725
vqu,/root/Mattergen/OBELIX/cifs/vqu.cif,mlip_relaxation,relaxation_step_limit,0,True,Excluded from ranking; a converged candidate was selected,Did not converge within 300 steps,7,88,False,300,110.53455154500261,-582.8051147460938,-6.622785394841975
vqu,/root/Mattergen/OBELIX/cifs/vqu.cif,mlip_relaxation,relaxation_step_limit,0,True,Excluded from ranking; a converged candidate was selected,Did not converge within 300 steps,8,88,False,300,112.45530257499922,-580.4749755859375,-6.59630654074929
vqu,/root/Mattergen/OBELIX/cifs/vqu.cif,mlip_relaxation,relaxation_step_limit,0,True,Excluded from ranking; a converged candidate was selected,Did not converge within 300 steps,9,88,False,300,80.91823051199754,-580.096923828125,-6.592010498046875
vwy,/root/Mattergen/OBELIX/cifs/vwy.cif,ordering_approximation,approximation_warning,0,False,,Occupancy error 0.056000 exceeds tolerance 0.050000,0,59,True,53,24.341402505000588,-498.22125244140625,-8.444428007481461
w7d,/root/Mattergen/OBELIX/cifs/w7d.cif,python_warning,UserWarning,0,False,,"/root/Mattergen/.venv/lib/python3.10/site-packages/pymatgen/io/cif.py:1684: Site labels are not unique, which is not compliant with the CIF spec (https://www.iucr.org/__data/iucr/cifdic_html/1/cif_core.dic/Iatom_site_label.html):`['Li0', 'Li0', 'Li0', 'Li0', 'Li0', 'Li0', 'Li0', 'Li0', 'Li1', 'Li1', 'Li1', 'Li1', 'P2', 'P2', 'P2', 'P2', 'O3', 'O3', 'O3', 'O3', 'O3', 'O3', 'O3', 'O3', 'O4', 'O4', 'O4', 'O4', 'O5', 'O5', 'O5', 'O5']`.",,,,,,,
w87,/root/Mattergen/OBELIX/cifs/w87.cif,mlip_relaxation,relaxation_step_limit,0,True,Excluded from ranking; a converged candidate was selected,Did not converge within 300 steps,2,78,False,300,91.56122298599803,-310.8955078125,-3.98583984375
w87,/root/Mattergen/OBELIX/cifs/w87.cif,mlip_relaxation,relaxation_step_limit,0,True,Excluded from ranking; a converged candidate was selected,Did not converge within 300 steps,3,78,False,300,90.56222703400272,-345.0361633300781,-4.4235405555138225
w87,/root/Mattergen/OBELIX/cifs/w87.cif,mlip_relaxation,relaxation_step_limit,0,True,Excluded from ranking; a converged candidate was selected,Did not converge within 300 steps,6,78,False,300,90.35690030000114,-307.311767578125,-3.9398944561298075
w87,/root/Mattergen/OBELIX/cifs/w87.cif,mlip_relaxation,relaxation_step_limit,0,True,Excluded from ranking; a converged candidate was selected,Did not converge within 300 steps,7,78,False,300,90.1336405799957,-337.91375732421875,-4.332227658002805
w87,/root/Mattergen/OBELIX/cifs/w87.cif,mlip_relaxation,relaxation_step_limit,0,True,Excluded from ranking; a converged candidate was selected,Did not converge within 300 steps,8,78,False,300,84.95065276400419,-321.3539733886719,-4.119922735752204
w87,/root/Mattergen/OBELIX/cifs/w87.cif,mlip_relaxation,relaxation_step_limit,0,True,Excluded from ranking; a converged candidate was selected,Did not converge within 300 steps,9,78,False,300,68.44536244900519,-327.71990966796875,-4.201537303435496
wa3,/root/Mattergen/OBELIX/cifs/wa3.cif,mlip_relaxation,relaxation_step_limit,0,True,Excluded from ranking; a converged candidate was selected,Did not converge within 300 steps,0,94,False,300,115.71765970599517,-731.8185424804688,-7.785303643409242
wa3,/root/Mattergen/OBELIX/cifs/wa3.cif,mlip_relaxation,relaxation_step_limit,0,True,Excluded from ranking; a converged candidate was selected,Did not converge within 300 steps,2,94,False,300,113.74439371900371,-694.6407470703125,-7.3897951815990695
wa3,/root/Mattergen/OBELIX/cifs/wa3.cif,mlip_relaxation,relaxation_step_limit,0,True,Excluded from ranking; a converged candidate was selected,Did not converge within 300 steps,4,94,False,300,115.26915929900133,-694.9451293945312,-7.393033291431183
wa3,/root/Mattergen/OBELIX/cifs/wa3.cif,mlip_relaxation,relaxation_step_limit,0,True,Excluded from ranking; a converged candidate was selected,Did not converge within 300 steps,5,94,False,300,113.49910651199752,-694.2553100585938,-7.38569478785738
wa3,/root/Mattergen/OBELIX/cifs/wa3.cif,mlip_relaxation,relaxation_step_limit,0,True,Excluded from ranking; a converged candidate was selected,Did not converge within 300 steps,6,94,False,300,113.9186902099973,-694.927001953125,-7.39284044630984
wa3,/root/Mattergen/OBELIX/cifs/wa3.cif,mlip_relaxation,relaxation_step_limit,0,True,Excluded from ranking; a converged candidate was selected,Did not converge within 300 steps,7,94,False,300,115.66286024299916,-705.2791137695312,-7.502969295420545
wa3,/root/Mattergen/OBELIX/cifs/wa3.cif,mlip_relaxation,relaxation_step_limit,0,True,Excluded from ranking; a converged candidate was selected,Did not converge within 300 steps,8,94,False,300,115.83774126300705,-694.6109008789062,-7.389477668924535
wa3,/root/Mattergen/OBELIX/cifs/wa3.cif,mlip_relaxation,relaxation_step_limit,0,True,Excluded from ranking; a converged candidate was selected,Did not converge within 300 steps,9,94,False,300,110.24783968600241,-730.27294921875,-7.7688611619015955
wyu,/root/Mattergen/OBELIX/cifs/wyu.cif,python_warning,UserWarning,0,False,,"/root/Mattergen/.venv/lib/python3.10/site-packages/pymatgen/io/cif.py:1684: Site labels are not unique, which is not compliant with the CIF spec (https://www.iucr.org/__data/iucr/cifdic_html/1/cif_core.dic/Iatom_site_label.html):`['La3', 'La3', 'La3', 'La3', 'La3', 'La3', 'La3', 'La3', 'La4', 'La4', 'La4', 'La4', 'Li0', 'Li0', 'Li0', 'Li0', 'Li0', 'Li0', 'Li0', 'Li0', 'Li0', 'Li0', 'Li0', 'Li0', 'Li0', 'Li0', 'Li0', 'Li0', 'Li1', 'Li1', 'Li1', 'Li1', 'Li1', 'Li1', 'Li1', 'Li1', 'Li2', 'Li2', 'Li2', 'Li2', 'O6', 'O6', 'O6', 'O6', 'O6', 'O6', 'O6', 'O6', 'O6', 'O6', 'O6', 'O6', 'O6', 'O6', 'O6', 'O6', 'O7', 'O7', 'O7', 'O7', 'O7', 'O7', 'O7', 'O7', 'O7', 'O7', 'O7', 'O7', 'O7', 'O7', 'O7', 'O7', 'O8', 'O8', 'O8', 'O8', 'O8', 'O8', 'O8', 'O8', 'O8', 'O8', 'O8', 'O8', 'O8', 'O8', 'O8', 'O8', 'Zr5', 'Zr5', 'Zr5', 'Zr5', 'Zr5', 'Zr5', 'Zr5', 'Zr5']`.",,,,,,,
x2i,/root/Mattergen/OBELIX/cifs/x2i.cif,python_warning,UserWarning,0,False,,"/root/Mattergen/.venv/lib/python3.10/site-packages/pymatgen/io/cif.py:1684: Site labels are not unique, which is not compliant with the CIF spec (https://www.iucr.org/__data/iucr/cifdic_html/1/cif_core.dic/Iatom_site_label.html):`['Bi1', 'Bi1', 'Bi1', 'Bi1', 'Li0', 'Li0', 'Li0', 'Li0', 'O2', 'O2', 'O2', 'O2', 'O3', 'O3', 'O3', 'O3']`.",,,,,,,
xa0,/root/Mattergen/OBELIX/cifs/xa0.cif,ordering_approximation,approximation_warning,0,False,,Occupancy error 0.250000 exceeds tolerance 0.050000,4,111,True,43,18.18883089999872,-842.3809814453125,-7.589017850858671
xas,/root/Mattergen/OBELIX/cifs/xas.cif,python_warning,UserWarning,0,False,,"/root/Mattergen/.venv/lib/python3.10/site-packages/pymatgen/io/cif.py:1684: Site labels are not unique, which is not compliant with the CIF spec (https://www.iucr.org/__data/iucr/cifdic_html/1/cif_core.dic/Iatom_site_label.html):`['Li0', 'Li0', 'Li0', 'Li0', 'Li1', 'Li1', 'Li2', 'Li2', 'S5', 'S5', 'S5', 'S5', 'S6', 'S6', 'S6', 'S6', 'S7', 'S7', 'S7', 'S7', 'Sn3', 'Sn3', 'Sn4', 'Sn4']`.",,,,,,,
xog,/root/Mattergen/OBELIX/cifs/xog.cif,mlip_relaxation,relaxation_step_limit,0,True,Excluded from ranking; a converged candidate was selected,Did not converge within 300 steps,0,88,False,300,109.02559445199586,-583.7137451171875,-6.63311073996804
xog,/root/Mattergen/OBELIX/cifs/xog.cif,mlip_relaxation,relaxation_step_limit,0,True,Excluded from ranking; a converged candidate was selected,Did not converge within 300 steps,2,88,False,300,106.95965364999574,-594.559814453125,-6.756361527876421
xog,/root/Mattergen/OBELIX/cifs/xog.cif,mlip_relaxation,relaxation_step_limit,0,True,Excluded from ranking; a converged candidate was selected,Did not converge within 300 steps,7,88,False,300,108.97673225300241,-583.5280151367188,-6.631000172008168
xog,/root/Mattergen/OBELIX/cifs/xog.cif,mlip_relaxation,relaxation_step_limit,0,True,Excluded from ranking; a converged candidate was selected,Did not converge within 300 steps,9,88,False,300,97.74398779899639,-595.0465698242188,-6.761892838911577
y2l,/root/Mattergen/OBELIX/cifs/y2l.cif,python_warning,UserWarning,0,False,,"/root/Mattergen/.venv/lib/python3.10/site-packages/pymatgen/io/cif.py:1684: Site labels are not unique, which is not compliant with the CIF spec (https://www.iucr.org/__data/iucr/cifdic_html/1/cif_core.dic/Iatom_site_label.html):`['Li0', 'Li0', 'Li0', 'Li0', 'Li1', 'Li1', 'Li2', 'Li2', 'Li3', 'Li3', 'Al4', 'Al4', 'S5', 'S5', 'S5', 'S5', 'S6', 'S6', 'S7', 'S7']`.",,,,,,,
z16,/root/Mattergen/OBELIX/cifs/z16.cif,ordering_approximation,approximation_warning,0,False,,Occupancy error 0.066070 exceeds tolerance 0.050000,4,104,True,40,11.16386974699708,-425.8787841796875,-4.0949883094200725
z2s,/root/Mattergen/OBELIX/cifs/z2s.cif,mlip_relaxation,relaxation_step_limit,0,True,Excluded from ranking; a converged candidate was selected,Did not converge within 300 steps,0,92,False,300,115.29655577499943,-714.2118530273438,-7.763172315514606
z2s,/root/Mattergen/OBELIX/cifs/z2s.cif,mlip_relaxation,relaxation_step_limit,0,True,Excluded from ranking; a converged candidate was selected,Did not converge within 300 steps,1,92,False,300,115.2964933829935,-689.22265625,-7.491550611413044
z2s,/root/Mattergen/OBELIX/cifs/z2s.cif,mlip_relaxation,relaxation_step_limit,0,True,Excluded from ranking; a converged candidate was selected,Did not converge within 300 steps,3,92,False,300,113.26542910900025,-691.58740234375,-7.517254373301631
z2s,/root/Mattergen/OBELIX/cifs/z2s.cif,mlip_relaxation,relaxation_step_limit,0,True,Excluded from ranking; a converged candidate was selected,Did not converge within 300 steps,4,92,False,300,115.17854044299747,-713.9237670898438,-7.760040946628736
z2s,/root/Mattergen/OBELIX/cifs/z2s.cif,mlip_relaxation,relaxation_step_limit,0,True,Excluded from ranking; a converged candidate was selected,Did not converge within 300 steps,5,92,False,300,113.18784434899862,-713.662353515625,-7.757199494735055
z2s,/root/Mattergen/OBELIX/cifs/z2s.cif,mlip_relaxation,relaxation_step_limit,0,True,Excluded from ranking; a converged candidate was selected,Did not converge within 300 steps,6,92,False,300,112.99045649900654,-710.3060302734375,-7.720717720363451
z2s,/root/Mattergen/OBELIX/cifs/z2s.cif,mlip_relaxation,relaxation_step_limit,0,True,Excluded from ranking; a converged candidate was selected,Did not converge within 300 steps,7,92,False,300,114.87967745499918,-681.9234619140625,-7.412211542544157
z2s,/root/Mattergen/OBELIX/cifs/z2s.cif,mlip_relaxation,relaxation_step_limit,0,True,Excluded from ranking; a converged candidate was selected,Did not converge within 300 steps,8,92,False,300,115.44277083899942,-691.7747192382812,-7.519290426503057
z2s,/root/Mattergen/OBELIX/cifs/z2s.cif,mlip_relaxation,relaxation_step_limit,0,True,Excluded from ranking; a converged candidate was selected,Did not converge within 300 steps,9,92,False,300,88.68997324600059,-681.2272338867188,-7.404643846594769
