parent_id,source_file,status,attempt,message,reference_formula,source_formula,cleaned_formula,source_num_sites,dropped_species_count,dropped_occupancy_sum,grouping_method,candidate_method,split_site_pair_count,split_site_cluster_count,split_site_species,supercell_multiplier,supercell_matrix,occupancy_max_error,occupancy_mean_error,within_error_tolerance,source_composition_max_error,composition_max_error,composition_max_drift,within_composition_tolerance,missing_reference_elements,candidate_index,energy_rank,num_atoms,ordered_formula,ranker,relaxed,converged,relaxation_steps,relaxation_seconds,total_energy_ev,energy_per_atom_ev,output_file
00x,/root/Mattergen/OBELIX/cifs/00x.cif,copied_ordered,0,,Li4 Gd4 P16 O48,Li2 Gd2 P8 O24,Li2 Gd2 P8 O24,36,0,0.0,,,0,0,,,,,,,0.0,0.0,0.0,True,,,,36,Li2 Gd2 P8 O24,mattersim,False,,,,,,/root/Mattergen/results/obelix_random10_321/cifs/00x_ordered.cif
019,/root/Mattergen/OBELIX/cifs/019.cif,ok,0,,Li6 Ti12 P18 O72,Li6 Ti12 P18 O72,Li6 Ti12 P18 O72,144,0,0.0,spacegroup,random,0,0,,1,1x1x1,0.016666666666666635,0.004861111111111098,True,0.0,0.0,0.0,True,,0,1,108,Li6 Ti12 P18 O72,mattersim,True,,,,-834.453857421875,-7.726424605758102,/root/Mattergen/results/obelix_random10_321/cifs/019_ordered.cif
09w,/root/Mattergen/OBELIX/cifs/09w.cif,approximation_warning,0,Occupancy error 0.075000 exceeds tolerance 0.050000,Li24.2 Si0.2 P3.8 S20 Br4,Li6.04998 Si0.05 P0.95 S5 Br1,Li6.04998 Si0.05 P0.95 S5 Br1,25,0,0.0,spacegroup+split_site_clusters,random,0,6,Li,8,2x2x2,0.075,0.03504555555555556,False,8.220678766046596e-07,0.005783966990863544,0.005783961118950139,True,,0,1,104,Li48 Si1 P7 S40 Br8,mattersim,True,,,,-428.0943908691406,-4.116292219895583,/root/Mattergen/results/obelix_random10_321/cifs/09w_ordered.cif
0fh,/root/Mattergen/OBELIX/cifs/0fh.cif,ok,0,,Li7.2 Al1.2 Ge10.8 P18 O72,Li2.48 Al0.484 Ge3.516 P6 O24,Li2.48 Al0.484 Ge3.516 P6 O24,48,0,0.0,spacegroup,random,0,0,,2,1x2x1,0.010000000000000009,0.0038518518518518624,True,0.002519519953730495,0.0030106879421948063,0.0005106945445806504,True,,1,1,73,Li5 Al1 Ge7 P12 O48,mattersim,True,,,,-498.977783203125,-6.835312098672945,/root/Mattergen/results/obelix_random10_321/cifs/0fh_ordered.cif
0ii,/root/Mattergen/OBELIX/cifs/0ii.cif,approximation_warning,0,Occupancy error 0.105000 exceeds tolerance 0.050000,Na0.48 Li0.02 La0.5 Nb2 O6,Na0.48 Li0.02 La0.5 Nb2 O6,Na0.48 Li0.02 La0.5 Nb2 O6,9,0,0.0,spacegroup,random,0,0,,8,4x2x1,0.105,0.026249999999999996,False,0.0,0.011666666666666665,0.011666666666666665,True,,4,1,72,Na3 Li1 La4 Nb16 O48,mattersim,True,,,,-616.6650390625,-8.56479220920139,/root/Mattergen/results/obelix_random10_321/cifs/0ii_ordered.cif
0iv,/root/Mattergen/OBELIX/cifs/0iv.cif,copied_ordered,0,,Li4 P2 S6,Li4 P2 S6,Li4 P2 S6,12,0,0.0,,,0,0,,,,,,,0.0,0.0,0.0,True,,,,12,Li4 P2 S6,mattersim,False,,,,,,/root/Mattergen/results/obelix_random10_321/cifs/0iv_ordered.cif
0o6,/root/Mattergen/OBELIX/cifs/0o6.cif,ok,0,,Li7.2 Sc1.2 Ti10.8 P18 O72,Li2.276 Sc0.42 Ti3.58 P6 O24,Li2.276 Sc0.42 Ti3.58 P6 O24,48,0,0.0,spacegroup,random,0,0,,2,1x2x1,0.020000000000000018,0.009666666666666662,True,0.003192859626865552,0.0030106879421948063,0.0027974267299259725,True,,5,1,73,Li5 Sc1 Ti7 P12 O48,mattersim,True,,,,-560.66845703125,-7.680389822345891,/root/Mattergen/results/obelix_random10_321/cifs/0o6_ordered.cif
10s,/root/Mattergen/OBELIX/cifs/10s.cif,ok,0,,Li25.4 Si1.4 P2.6 S20 Br4,Li6.34998 Si0.35 P0.65 S5 Br1,Li6.34998 Si0.35 P0.65 S5 Br1,25,0,0.0,spacegroup+split_site_clusters,random,0,6,Li,5,5x1x1,0.050000000000000044,0.028564814814814803,True,7.85536112102303e-07,0.014116969173148919,0.014116183637036817,True,,8,1,65,Li30 Si2 P3 S25 Br5,mattersim,True,,,,-269.57489013671875,-4.147306002103365,/root/Mattergen/results/obelix_random10_321/cifs/10s_ordered.cif
11b,/root/Mattergen/OBELIX/cifs/11b.cif,copied_ordered,0,,Li6 P2,Li6 P2,Li6 P2,8,0,0.0,,,0,0,,,,,,,0.0,0.0,0.0,True,,,,8,Li6 P2,mattersim,False,,,,,,/root/Mattergen/results/obelix_random10_321/cifs/11b_ordered.cif
122,/root/Mattergen/OBELIX/cifs/122.cif,ok,0,,Li24 P4 S20 Cl4,Li6 P1 S5 Cl1,Li6 P1 S5 Cl1,19,0,0.0,spacegroup,random,0,0,,5,5x1x1,0.015000000000000013,0.007500000000000007,True,0.0,0.0,0.0,True,,8,1,65,Li30 P5 S25 Cl5,mattersim,True,,,,-269.106201171875,-4.1400954026442305,/root/Mattergen/results/obelix_random10_321/cifs/122_ordered.cif
13q,/root/Mattergen/OBELIX/cifs/13q.cif,approximation_warning,0,Occupancy error 0.055000 exceeds tolerance 0.050000,Li20 Sn2 P4 S24,Li20 Sn2 P4 S24,Li20 Sn2 P4 S24,66,0,0.0,spacegroup+split_site_pairs,random,4,0,Li,2,1x2x1,0.05500000000000005,0.02200000000000002,False,0.0,0.0060606060606061,0.0060606060606061,True,,8,1,99,Li39 Sn4 P8 S48,mattersim,True,,,,-424.2293395996094,-4.285144844440499,/root/Mattergen/results/obelix_random10_321/cifs/13q_ordered.cif
1dm,/root/Mattergen/OBELIX/cifs/1dm.cif,ok,0,,Li9.6 Al3.6 Ge8.4 P18 O72,Li2.956 Al0.96 Ge3.04 P6 O24,Li2.956 Al0.96 Ge3.04 P6 O24,48,0,0.0,spacegroup,random,0,0,,1,1x1x1,0.010000000000000009,0.0030370370370370295,True,0.006991167642543816,0.005812263876780008,0.0,True,,7,1,37,Li3 Al1 Ge3 P6 O24,mattersim,True,,,,-253.5894317626953,-6.853768426018792,/root/Mattergen/results/obelix_random10_321/cifs/1dm_ordered.cif
1e9,/root/Mattergen/OBELIX/cifs/1e9.cif,copied_ordered,0,,Li12 Sb4 S12,Li12 Sb4 S12,Li12 Sb4 S12,28,0,0.0,,,0,0,,,,,,,0.0,0.0,0.0,True,,,,28,Li12 Sb4 S12,mattersim,False,,,,,,/root/Mattergen/results/obelix_random10_321/cifs/1e9_ordered.cif
1kq,/root/Mattergen/OBELIX/cifs/1kq.cif,ok,0,,Li24 P4 Se2.8 S17.2 Br4,Li6.006 P1 Se0.7 S4.3 Br1,Li6.006 P1 Se0.7 S4.3 Br1,25,0,0.0,spacegroup+split_site_clusters,random,0,6,Li,5,5x1x1,0.047760000000000025,0.017954999999999992,True,0.00024840606110787533,0.0076923076923077205,0.007667467086196908,True,,6,1,65,Li30 P5 Se3 S22 Br5,mattersim,True,,,,-264.3357849121094,-4.066704383263221,/root/Mattergen/results/obelix_random10_321/cifs/1kq_ordered.cif
1ty,/root/Mattergen/OBELIX/cifs/1ty.cif,ok,0,,Li16 Ge4 Se4 S12,Li16.0 Ge4 Se4.232 S11.768,Li16.0 Ge4 Se4.232 S11.768,48,0,0.0,spacegroup+split_site_pairs,random,12,0,Li,2,2x1x1,0.04800000000000004,0.004093749999999999,True,0.006444444444444475,0.013888888888888895,0.007444444444444531,True,,4,1,72,Li32 Ge8 Se9 S23,mattersim,True,True,41,13.72056347799662,-296.8791198730469,-4.123321109347874,/root/Mattergen/results/obelix_random10_321/cifs/1ty_ordered.cif
1xf,/root/Mattergen/OBELIX/cifs/1xf.cif,ok,0,,Li9 Al3 Ge9 P18 O72,Li2.968 Al0.96 Ge3.04 P6 O24,Li2.968 Al0.96 Ge3.04 P6 O24,48,0,0.0,spacegroup,random,0,0,,3,1x3x1,0.016666666666666663,0.00595061728395062,True,0.0011522017581312022,0.0,0.0,True,,7,1,111,Li9 Al3 Ge9 P18 O72,mattersim,True,True,173,76.97756984200169,-760.4246826171875,-6.850672816371058,/root/Mattergen/results/obelix_random10_321/cifs/1xf_ordered.cif
1xt,/root/Mattergen/OBELIX/cifs/1xt.cif,copied_ordered,0,,Li8 Sb8 O16,Li8 Sb8 O16,Li8 Sb8 O16,32,0,0.0,,,0,0,,,,,,,0.0,0.0,0.0,True,,,,32,Li8 Sb8 O16,mattersim,False,,,,,,/root/Mattergen/results/obelix_random10_321/cifs/1xt_ordered.cif
20k,/root/Mattergen/OBELIX/cifs/20k.cif,ok,0,,Sr8 Li48 La16 Nb16 O96,Sr3.996 Li23.976 La8.004 Nb8 O48,Sr3.996 Li23.976 La8.004 Nb8 O48,128,0,0.0,spacegroup,random,0,0,,1,1x1x1,0.006666666666666654,0.002291666666666664,True,0.00019286694827752582,0.0,0.0,True,,0,1,92,Sr4 Li24 La8 Nb8 O48,mattersim,True,True,54,20.100537317001,-651.276611328125,-7.079093601392663,/root/Mattergen/results/obelix_random10_321/cifs/20k_ordered.cif
240,/root/Mattergen/OBELIX/cifs/240.cif,approximation_warning,0,Occupancy error 0.053333 exceeds tolerance 0.050000,Li64 Ge8 P32,Li64.016 Ge8 P32,Li64.016 Ge8 P32,120,0,0.0,spacegroup,random,0,0,,1,1x1x1,0.053333333333333344,0.01035897435897436,False,5.916249571091825e-05,0.0,0.0,True,,3,1,104,Li64 Ge8 P32,mattersim,True,True,63,19.64340670999809,-391.86541748046875,-3.7679367065429688,/root/Mattergen/results/obelix_random10_321/cifs/240_ordered.cif
24k,/root/Mattergen/OBELIX/cifs/24k.cif,ok,0,,Li28 Ge12 P4 S48,Li3.4608 Ge1.5402 P0.499 S6,Li3.4608 Ge1.5402 P0.499 S6,19,0,0.0,spacegroup,random,0,0,,2,1x2x1,0.0032666666666666955,0.0010666666666666706,True,0.0034956521739130386,0.0,0.0,True,,9,1,23,Li7 Ge3 P1 S12,mattersim,True,True,82,21.04000716900191,-99.88082885742188,-4.342644732931386,/root/Mattergen/results/obelix_random10_321/cifs/24k_ordered.cif
2d1,/root/Mattergen/OBELIX/cifs/2d1.cif,ok,0,,Li44 La24 Y2 Nb14 O96,Li22.01616 La12 Y1 Nb7 O48,Li22.01616 La12 Y1 Nb7 O48,152,0,0.0,spacegroup,random,0,0,,1,1x1x1,0.031333333333333324,0.009300666666666665,True,0.0001356398426436145,0.0,0.0,True,,9,1,90,Li22 La12 Y1 Nb7 O48,mattersim,True,True,104,38.41690637300053,-662.0220336914062,-7.355800374348958,/root/Mattergen/results/obelix_random10_321/cifs/2d1_ordered.cif
2r7,/root/Mattergen/OBELIX/cifs/2r7.cif,approximation_warning,0,Occupancy error 0.117000 exceeds tolerance 0.050000,Li12 Cr4 Mo12 O48,Li12.004 Cr3.996 Mo12 O48,Li12.004 Cr3.996 Mo12 O48,76,0,0.0,spacegroup,random,0,0,,1,1x1x1,0.11699999999999999,0.025,False,5.263157894744297e-05,0.0,0.0,True,,3,1,76,Li12 Cr4 Mo12 O48,mattersim,True,True,47,20.807366637000086,-514.7801513671875,-6.7734230443050985,/root/Mattergen/results/obelix_random10_321/cifs/2r7_ordered.cif
2t8,/root/Mattergen/OBELIX/cifs/2t8.cif,ok,0,,Li2 V2 P2 O8 F2,Li2 V2 P2 O8 F2,Li2 V2 P2 O8 F2,18,0,0.0,spacegroup+split_site_pairs,random,2,0,Li,1,1x1x1,0.0,0.0,True,0.0,0.0,0.0,True,,0,1,16,Li2 V2 P2 O8 F2,mattersim,True,True,29,4.467352733001462,-111.39995574951172,-6.962497234344482,/root/Mattergen/results/obelix_random10_321/cifs/2t8_ordered.cif
2uv,/root/Mattergen/OBELIX/cifs/2uv.cif,copied_ordered,0,,Li16 Sn4 Se16,Li16 Sn4 Se16,Li16 Sn4 Se16,36,0,0.0,,,0,0,,,,,,,0.0,0.0,0.0,True,,,,36,Li16 Sn4 Se16,mattersim,False,,,,,,/root/Mattergen/results/obelix_random10_321/cifs/2uv_ordered.cif
2wb,/root/Mattergen/OBELIX/cifs/2wb.cif,ok,0,,Li52.8 La24 Zr12.8 Ta3.2 O96,Li26.4 La12 Zr6.4 Ta1.6 O48,Li26.4 La12 Zr6.4 Ta1.6 O48,128,0,0.0,spacegroup,random,0,0,,1,1x1x1,0.050000000000000044,0.023125000000000007,True,1.1102230246251565e-16,0.004638715432649418,0.004638715432649404,True,,8,1,95,Li27 La12 Zr6 Ta2 O48,mattersim,True,True,89,34.76735302999805,-686.860595703125,-7.230111533717105,/root/Mattergen/results/obelix_random10_321/cifs/2wb_ordered.cif
3nb,/root/Mattergen/OBELIX/cifs/3nb.cif,ok,0,,Li2 Ce1 Sm1 Mo4 O16,Li1 Ce0.5 Sm0.5 Mo2 O8,Li1 Ce0.5 Sm0.5 Mo2 O8,12,0,0.0,spacegroup,random,0,0,,2,1x2x1,0.0,0.0,True,0.0,0.0,0.0,True,,0,1,24,Li2 Ce1 Sm1 Mo4 O16,mattersim,True,True,47,10.956245189001493,-173.12086486816406,-7.213369369506836,/root/Mattergen/results/obelix_random10_321/cifs/3nb_ordered.cif
3rh,/root/Mattergen/OBELIX/cifs/3rh.cif,ok,0,,Li52 La24 Y6 Nb10 O96,Li26.00016 La12 Y3 Nb5 O48,Li26.00016 La12 Y3 Nb5 O48,152,0,0.0,spacegroup,random,0,0,,1,1x1x1,0.03833333333333333,0.010833999999999993,True,1.231324296413483e-06,0.0,0.0,True,,1,1,94,Li26 La12 Y3 Nb5 O48,mattersim,True,True,99,39.50062985400291,-668.7515869140625,-7.1143785841921545,/root/Mattergen/results/obelix_random10_321/cifs/3rh_ordered.cif
3rx,/root/Mattergen/OBELIX/cifs/3rx.cif,copied_ordered,0,,Li2 Nd2 Ti2 O8,Li2 Nd2 Ti2 O8,Li2 Nd2 Ti2 O8,14,0,0.0,,,0,0,,,,,,,0.0,0.0,0.0,True,,,,14,Li2 Nd2 Ti2 O8,mattersim,False,,,,,,/root/Mattergen/results/obelix_random10_321/cifs/3rx_ordered.cif
3uq,/root/Mattergen/OBELIX/cifs/3uq.cif,ok,0,,Li7.8 Al1.8 Ge10.2 P18 O72,Li2.468 Al0.476 Ge3.524 P6 O24,Li2.468 Al0.476 Ge3.524 P6 O24,48,0,0.0,spacegroup,random,0,0,,2,1x2x1,0.020000000000000018,0.005925925925925924,True,0.0037364893902042118,0.002994236095516134,0.0,True,,0,1,73,Li5 Al1 Ge7 P12 O48,mattersim,True,True,146,69.7610807960009,-498.79412841796875,-6.8327962796982025,/root/Mattergen/results/obelix_random10_321/cifs/3uq_ordered.cif
3zo,/root/Mattergen/OBELIX/cifs/3zo.cif,ok,0,,Li24.9 Si0.9 P3.1 S20 Br4,Li6.22506 Si0.225 P0.775 S5 Br1,Li6.22506 Si0.225 P0.775 S5 Br1,25,0,0.0,spacegroup+split_site_clusters,random,0,6,Li,5,5x1x1,0.03,0.021273703703703687,True,2.401352736880469e-06,0.009160971353787961,0.00915857000105108,True,,5,1,65,Li30 Si1 P4 S25 Br5,mattersim,True,True,31,8.987849578999885,-268.14190673828125,-4.125260103665865,/root/Mattergen/results/obelix_random10_321/cifs/3zo_ordered.cif
419,/root/Mattergen/OBELIX/cifs/419.cif,ok,0,,Li42.4 La24 Sm1.2 Ta14.8 O96,Li21.264 La12 Sm0.6 Ta7.4 O48,Li21.264 La12 Sm0.6 Ta7.4 O48,152,0,0.0,spacegroup,random,0,0,,1,1x1x1,0.050000000000000044,0.02053333333333336,True,0.0005465723882880635,0.0045094976570766365,0.004504674959532919,True,,7,1,89,Li21 La12 Sm1 Ta7 O48,mattersim,True,True,51,18.79344740200031,-676.4052124023438,-7.600058566318469,/root/Mattergen/results/obelix_random10_321/cifs/419_ordered.cif
472,/root/Mattergen/OBELIX/cifs/472.cif,ok,0,,Li28 Nd10 Si22 N38 O14 F4,Li28 Nd10 Si22 N38 O14 F4,Li28 Nd10 Si22 N38 O14 F4,116,0,0.0,spacegroup,random,0,0,,1,1x1x1,0.0,0.0,True,0.0,0.0,0.0,True,,5,1,116,Li28 Nd10 Si22 N38 O14 F4,mattersim,True,True,43,17.577779881001334,-803.6309204101562,-6.92785276215652,/root/Mattergen/results/obelix_random10_321/cifs/472_ordered.cif
47i,/root/Mattergen/OBELIX/cifs/47i.cif,copied_ordered,0,,Li8 P4 O14,Li8 P4 O14,Li8 P4 O14,26,0,0.0,,,0,0,,,,,,,0.0,0.0,0.0,True,,,,26,Li8 P4 O14,mattersim,False,,,,,,/root/Mattergen/results/obelix_random10_321/cifs/47i_ordered.cif
4ba,/root/Mattergen/OBELIX/cifs/4ba.cif,copied_ordered,0,,Li6 Ge12 P18 O72,Li2 Ge4 P6 O24,Li2 Ge4 P6 O24,36,0,0.0,,,0,0,,,,,,,0.0,0.0,0.0,True,,,,36,Li2 Ge4 P6 O24,mattersim,False,,,,,,/root/Mattergen/results/obelix_random10_321/cifs/4ba_ordered.cif
4ea,/root/Mattergen/OBELIX/cifs/4ea.cif,ok,0,,Li6 Ti2.4 Sn9.6 P18 O72,Li2 Ti0.8 Sn3.2 P6 O24,Li2 Ti0.8 Sn3.2 P6 O24,36,0,0.0,spacegroup,random,0,0,,1,1x1x1,0.050000000000000044,0.016666666666666673,True,0.0,0.005555555555555564,0.005555555555555564,True,,0,1,36,Li2 Ti1 Sn3 P6 O24,mattersim,True,True,46,7.707314654002403,-253.0975341796875,-7.030487060546875,/root/Mattergen/results/obelix_random10_321/cifs/4ea_ordered.cif
4ie,/root/Mattergen/OBELIX/cifs/4ie.cif,ok,0,,Li48.4 La24 Zr16 Ga2 O94.4 F1.6,Li23.64 La12 Zr8 Ga2.28 O47.184 F0.816,Li23.64 La12 Zr8 Ga2.28 O47.184 F0.816,128,0,0.0,spacegroup,random,0,0,,1,1x1x1,0.023333333333333345,0.0072083333333333305,True,0.013546365823164283,0.010546982010775271,0.002385008517887477,True,,3,1,94,Li24 La12 Zr8 Ga2 O47 F1,mattersim,True,True,50,20.101084984999034,-673.7465209960938,-7.167516180809508,/root/Mattergen/results/obelix_random10_321/cifs/4ie_ordered.cif
4kt,/root/Mattergen/OBELIX/cifs/4kt.cif,copied_ordered,0,,Li8 Cr4 Cl16,Li4 Cr2 Cl8,Li4 Cr2 Cl8,14,0,0.0,,,0,0,,,,,,,0.0,0.0,0.0,True,,,,14,Li4 Cr2 Cl8,mattersim,False,,,,,,/root/Mattergen/results/obelix_random10_321/cifs/4kt_ordered.cif
4p7,/root/Mattergen/OBELIX/cifs/4p7.cif,copied_ordered,0,,Li3 Cl1 O1,Li3 Cl1 O1,Li3 Cl1 O1,5,0,0.0,,,0,0,,,,,,,0.0,0.0,0.0,True,,,,5,Li3 Cl1 O1,mattersim,False,,,,,,/root/Mattergen/results/obelix_random10_321/cifs/4p7_ordered.cif
4xq,/root/Mattergen/OBELIX/cifs/4xq.cif,approximation_warning,0,Occupancy error 0.085000 exceeds tolerance 0.050000,Na0.46 Li0.04 La0.5 Nb2 O6,Na0.46 Li0.04 La0.5 Nb2 O4,Na0.46 Li0.04 La0.5 Nb2 O4,7,0,0.0,spacegroup,random,0,0,,8,4x2x1,0.08500000000000002,0.028333333333333335,False,0.09523809523809523,0.09523809523809523,0.012142857142857141,True,,3,1,56,Na3 Li1 La4 Nb16 O32,mattersim,True,True,24,6.58654205700077,-467.9623107910156,-8.35646983555385,/root/Mattergen/results/obelix_random10_321/cifs/4xq_ordered.cif
5bz,/root/Mattergen/OBELIX/cifs/5bz.cif,copied_ordered,0,,Li12 B4 N8,Li12 B4 N8,Li12 B4 N8,24,0,0.0,,,0,0,,,,,,,0.0,0.0,0.0,True,,,,24,Li12 B4 N8,mattersim,False,,,,,,/root/Mattergen/results/obelix_random10_321/cifs/5bz_ordered.cif
5wz,/root/Mattergen/OBELIX/cifs/5wz.cif,ok,0,,Li24 P4 S20 I4,Li6 P1 S5 I1,Li6 P1 S5 I1,25,0,0.0,spacegroup+split_site_clusters,random,0,6,Li,2,1x2x1,0.010000000000000009,0.0025000000000000022,True,5.551115123125783e-17,0.0,0.0,True,,7,1,26,Li12 P2 S10 I2,mattersim,True,True,25,7.924983879998763,-105.75814819335938,-4.067621084359976,/root/Mattergen/results/obelix_random10_321/cifs/5wz_ordered.cif
5z0,/root/Mattergen/OBELIX/cifs/5z0.cif,copied_ordered,0,,Li40 Al8 O32,Li40 Al8 O32,Li40 Al8 O32,80,0,0.0,,,0,0,,,,,,,0.0,0.0,0.0,True,,,,80,Li40 Al8 O32,mattersim,False,,,,,,/root/Mattergen/results/obelix_random10_321/cifs/5z0_ordered.cif
5zv,/root/Mattergen/OBELIX/cifs/5zv.cif,copied_ordered,0,,Li16 Zn4 P8 O32,Li16 Zn4 P8 O32,Li16 Zn4 P8 O32,60,0,0.0,,,0,0,,,,,,,0.0,0.0,0.0,True,,,,60,Li16 Zn4 P8 O32,mattersim,False,,,,,,/root/Mattergen/results/obelix_random10_321/cifs/5zv_ordered.cif
68u,/root/Mattergen/OBELIX/cifs/68u.cif,ok,0,,Li40 La24 Nb16 O96,Li20.004 La12 Nb8 O48,Li20.004 La12 Nb8 O48,92,0,0.0,spacegroup,random,0,0,,1,1x1x1,0.00033333333333340764,6.060606060606907e-05,True,3.5122370470846986e-05,0.0,0.0,True,,3,1,88,Li20 La12 Nb8 O48,mattersim,True,True,71,24.297335981998913,-657.1714477539062,-7.467857360839844,/root/Mattergen/results/obelix_random10_321/cifs/68u_ordered.cif
6du,/root/Mattergen/OBELIX/cifs/6du.cif,ok,0,,Li10.14 Mg0.8 Ti13.07 O32,Li2.5352967 Mg0.19996803 Ti3.26473526 O8,Li2.54096274 Mg0.168 Ti3.29103726 O8,14,4,0.031968031968031975,spacegroup,random,0,0,,4,1x2x2,0.041000000000000036,0.02050372608257804,True,0.00015581123546534736,0.0035739791363787066,0.0035737120022834284,True,,6,1,56,Li10 Mg1 Ti13 O32,mattersim,True,True,24,13.087993859000562,-439.0208740234375,-7.839658464704241,/root/Mattergen/results/obelix_random10_321/cifs/6du_ordered.cif
6jf,/root/Mattergen/OBELIX/cifs/6jf.cif,ok,0,,Li24 P4 S20 Br4,Li6.006 P1 S5 Br1,Li6.006 P1 S5 Br1,25,0,0.0,spacegroup+split_site_clusters,random,0,6,Li,6,1x3x2,0.026666666666666644,0.014749999999999978,True,0.0002484060611078198,0.0,0.0,True,,9,1,78,Li36 P6 S30 Br6,mattersim,True,True,49,11.000745018001908,-320.63275146484375,-4.11067630083133,/root/Mattergen/results/obelix_random10_321/cifs/6jf_ordered.cif
6l9,/root/Mattergen/OBELIX/cifs/6l9.cif,ok,0,,Li32 B56 Cl8 O96,Li8.15 B14 Cl2 O24,Li8.15 B14 Cl2 O24,54,0,0.0,spacegroup,random,0,0,,2,1x2x1,0.020333333333333425,0.005958333333333359,True,0.0025960539979231756,0.0,0.0,True,,9,1,96,Li16 B28 Cl4 O48,mattersim,True,True,40,16.50949030800257,-690.9517822265625,-7.197414398193359,/root/Mattergen/results/obelix_random10_321/cifs/6l9_ordered.cif
7cr,/root/Mattergen/OBELIX/cifs/7cr.cif,copied_ordered,0,,Na2 Li4 B2 P4 O16,Na2 Li4 B2 P4 O16,Na2 Li4 B2 P4 O16,28,0,0.0,,,0,0,,,,,,,0.0,0.0,0.0,True,,,,28,Na2 Li4 B2 P4 O16,mattersim,False,,,,,,/root/Mattergen/results/obelix_random10_321/cifs/7cr_ordered.cif
7e5,/root/Mattergen/OBELIX/cifs/7e5.cif,ok,0,,Li0.2 La2.6 Mg2 W2 O12,Li0.2 La2.6 Mg2 W2 O12,Li0.2 La2.6 Mg2 W2 O12,20,0,0.0,spacegroup,random,0,0,,5,5x1x1,0.03500000000000003,0.014000000000000012,True,0.0,1.1102230246251565e-16,1.1102230246251565e-16,True,,5,1,94,Li1 La13 Mg10 W10 O60,mattersim,True,True,55,20.989643037999485,-707.7823486328125,-7.529599453540558,/root/Mattergen/results/obelix_random10_321/cifs/7e5_ordered.cif
7ek,/root/Mattergen/OBELIX/cifs/7ek.cif,ok,0,,Li14.8 Ge3.4 W0.6 O16,Li14.8 Ge3.4 W0.6 O16,Li14.8 Ge3.4 W0.6 O16,56,0,0.0,spacegroup+split_site_pairs,random,4,0,Li,2,2x1x1,0.03500000000000003,0.01238095238095239,True,5.551115123125783e-17,0.004997501249375369,0.0049975012493753135,True,,8,1,69,Li29 Ge7 W1 O32,mattersim,True,True,121,50.45704216200102,-389.7958679199219,-5.649215477100317,/root/Mattergen/results/obelix_random10_321/cifs/7ek_ordered.cif
7o7,/root/Mattergen/OBELIX/cifs/7o7.cif,ok,0,,Ba8 Li48 La16 Ta16 O96,Ba3.9996 Li24.0 La8.0004 Ta8 O48,Ba3.9996 Li24.0 La8.0004 Ta8 O48,104,0,0.0,spacegroup,random,0,0,,1,1x1x1,0.006666666666666654,0.0025083333333333346,True,4.3478260869506125e-06,0.0,0.0,True,,5,1,92,Ba4 Li24 La8 Ta8 O48,mattersim,True,True,83,30.57634187900112,-674.0326538085938,-7.326441889223845,/root/Mattergen/results/obelix_random10_321/cifs/7o7_ordered.cif
7tu,/root/Mattergen/OBELIX/cifs/7tu.cif,ok,0,,Li20.4 Si1.92 Sn0.48 P3.6 S24,Li20.4 Si2 Sn0.5 P3.5 S24,Li20.4 Si2 Sn0.5 P3.5 S24,62,0,0.0,spacegroup,random,0,0,,2,1x2x1,0.030000000000000027,0.007142857142857145,True,0.001984126984127005,0.0021216407355021255,0.0011786892975012009,True,,1,1,101,Li41 Si4 Sn1 P7 S48,mattersim,True,True,80,23.14721445000032,-440.79949951171875,-4.364351480314047,/root/Mattergen/results/obelix_random10_321/cifs/7tu_ordered.cif
7w5,/root/Mattergen/OBELIX/cifs/7w5.cif,ok,0,,Li54 La24 Zr14 Ta2 O96,Li27 La12 Zr7 Ta1 O48,Li27 La12 Zr7 Ta1 O48,128,0,0.0,spacegroup,random,0,0,,1,1x1x1,0.016666666666666663,0.005208333333333329,True,2.220446049250313e-16,0.0,0.0,True,,5,1,95,Li27 La12 Zr7 Ta1 O48,mattersim,True,True,84,32.39206063000165,-685.27294921875,-7.213399465460526,/root/Mattergen/results/obelix_random10_321/cifs/7w5_ordered.cif
824,/root/Mattergen/OBELIX/cifs/824.cif,ok,0,,Li20.7 Ge2.7 P3.3 S24,Li20.74 Ge2.7 P3.3 S24,Li20.74 Ge2.7 P3.3 S24,62,0,0.0,spacegroup,random,0,0,,2,1x2x1,0.050000000000000044,0.013130769230769232,True,0.0004664690392837123,0.0042181732966196095,0.004166861702298394,True,,5,1,101,Li41 Ge5 P7 S48,mattersim,True,True,45,12.5463024769997,-433.2772521972656,-4.289873784131343,/root/Mattergen/results/obelix_random10_321/cifs/824_ordered.cif
883,/root/Mattergen/OBELIX/cifs/883.cif,copied_ordered,0,,Li4 Al4 H16,Li4 Al4 H16,Li4 Al4 H16,24,0,0.0,,,0,0,,,,,,,0.0,0.0,0.0,True,,,,24,Li4 Al4 H16,mattersim,False,,,,,,/root/Mattergen/results/obelix_random10_321/cifs/883_ordered.cif
8fn,/root/Mattergen/OBELIX/cifs/8fn.cif,ok,0,,Li10.8 Al4.8 Ge7.2 P18 O72,Li2.892 Al0.884 Ge3.116 P6 O24,Li2.892 Al0.884 Ge3.116 P6 O24,48,0,0.0,spacegroup,random,0,0,,1,1x1x1,0.050000000000000044,0.0177037037037037,True,0.020632968919052974,0.017251293847038524,0.0,True,,9,1,37,Li3 Al1 Ge3 P6 O24,mattersim,True,True,125,43.94657199200083,-253.5779571533203,-6.85345830144109,/root/Mattergen/results/obelix_random10_321/cifs/8fn_ordered.cif
8ub,/root/Mattergen/OBELIX/cifs/8ub.cif,ok,0,,Li21 Si2.4 Sn0.6 P3 S24,Li20.84 Si2.4 Sn0.6 P3 S24,Li20.84 Si2.4 Sn0.6 P3 S24,62,0,0.0,spacegroup,random,0,0,,2,1x2x1,0.04500000000000004,0.011428571428571437,True,0.0018512519091034574,0.0058241118229469535,0.003972859913843496,True,,0,1,101,Li41 Si5 Sn1 P6 S48,mattersim,True,True,105,30.532478901001014,-442.2886047363281,-4.379095096399288,/root/Mattergen/results/obelix_random10_321/cifs/8ub_ordered.cif
95j,/root/Mattergen/OBELIX/cifs/95j.cif,copied_ordered,0,,Li18 Al6 H36,Li6 Al2 H12,Li6 Al2 H12,20,0,0.0,,,0,0,,,,,,,0.0,0.0,0.0,True,,,,20,Li6 Al2 H12,mattersim,False,,,,,,/root/Mattergen/results/obelix_random10_321/cifs/95j_ordered.cif
96f,/root/Mattergen/OBELIX/cifs/96f.cif,ok,0,,Li24 P4 Se2.4 S17.6 Br4,Li6.006 P1 Se0.6 S4.4 Br1,Li6.006 P1 Se0.6 S4.4 Br1,25,0,0.0,spacegroup+split_site_clusters,random,0,6,Li,5,5x1x1,0.03123999999999999,0.012512500000000003,True,0.0002484060611078198,6.938893903907228e-18,0.0,True,,9,1,65,Li30 P5 Se3 S22 Br5,mattersim,True,True,34,7.432000281998626,-264.45904541015625,-4.0686006986177885,/root/Mattergen/results/obelix_random10_321/cifs/96f_ordered.cif
97b,/root/Mattergen/OBELIX/cifs/97b.cif,ok,0,,Li3.6 Zr0.4 Sc3.6 O8,Li1.8 Zr0.2 Sc1.8 O4,Li1.8 Zr0.2 Sc1.8 O4,8,0,0.0,spacegroup,random,0,0,,4,2x2x1,0.025000000000000022,0.02000000000000001,True,1.1102230246251565e-16,0.006617038875103391,0.006617038875103388,True,,0,1,31,Li7 Zr1 Sc7 O16,mattersim,True,True,18,6.622038536999753,-239.48245239257812,-7.725240399760585,/root/Mattergen/results/obelix_random10_321/cifs/97b_ordered.cif
97p,/root/Mattergen/OBELIX/cifs/97p.cif,ok,0,,Li24 P4 S20 Cl4,Li6.0 P1 S5 Cl1,Li6.0 P1 S5 Cl1,31,0,0.0,spacegroup,random,0,0,,5,5x1x1,0.03799999999999998,0.016133333333333326,True,1.1102230246251565e-16,0.0,0.0,True,,9,1,65,Li30 P5 S25 Cl5,mattersim,True,True,80,19.007002890997683,-268.7261657714844,-4.134248704176683,/root/Mattergen/results/obelix_random10_321/cifs/97p_ordered.cif
9ky,/root/Mattergen/OBELIX/cifs/9ky.cif,ok,0,,Li6 Ti3.6 Sn8.4 P18 O72,Li2 Ti1.2 Sn2.8 P6 O24,Li2 Ti1.2 Sn2.8 P6 O24,36,0,0.0,spacegroup,random,0,0,,1,1x1x1,0.050000000000000044,0.016666666666666673,True,0.0,0.005555555555555557,0.005555555555555557,True,,0,1,36,Li2 Ti1 Sn3 P6 O24,mattersim,True,True,35,5.900974741001846,-253.07373046875,-7.029825846354167,/root/Mattergen/results/obelix_random10_321/cifs/9ky_ordered.cif
9lo,/root/Mattergen/OBELIX/cifs/9lo.cif,copied_ordered,0,,Li12 P4 O16,Li12 P4 O16,Li12 P4 O16,32,0,0.0,,,0,0,,,,,,,0.0,0.0,0.0,True,,,,32,Li12 P4 O16,mattersim,False,,,,,,/root/Mattergen/results/obelix_random10_321/cifs/9lo_ordered.cif
9lx,/root/Mattergen/OBELIX/cifs/9lx.cif,ok,0,,Li20 Sn2 P4 S24,Li20 Sn2 P4 S24,Li20 Sn2 P4 S24,70,0,0.0,spacegroup,random,0,0,,1,1x1x1,0.050000000000000044,0.00961538461538462,True,0.0,0.0,0.0,True,,7,1,50,Li20 Sn2 P4 S24,mattersim,True,True,62,20.520470767001825,-213.59352111816406,-4.271870422363281,/root/Mattergen/results/obelix_random10_321/cifs/9lx_ordered.cif
9n0,/root/Mattergen/OBELIX/cifs/9n0.cif,ok,0,,Na0.2 Li0.3 La0.5 Nb2 O6,Na0.2 Li0.3 La0.5 Nb2 O6,Na0.2 Li0.3 La0.5 Nb2 O6,9,0,0.0,spacegroup,random,0,0,,4,2x2x1,0.04999999999999999,0.014285714285714282,True,0.0,0.005555555555555557,0.005555555555555557,True,,1,1,36,Na1 Li1 La2 Nb8 O24,mattersim,True,True,28,5.563005193998833,-307.22662353515625,-8.534072875976562,/root/Mattergen/results/obelix_random10_321/cifs/9n0_ordered.cif
9o6,/root/Mattergen/OBELIX/cifs/9o6.cif,ok,0,,Li52 La24 Zr14 Mo2 O96,Li23.376 La12 Zr6.9712 Mo1.0288 O48,Li23.376 La12 Zr6.9712 Mo1.0288 O48,128,0,0.0,spacegroup,random,0,0,,1,1x1x1,0.007833333333333359,0.0028583333333333377,True,0.020773646974670046,0.023848491933598337,0.003074844958928291,True,,2,1,91,Li23 La12 Zr7 Mo1 O48,mattersim,True,True,55,19.972317134997866,-658.6043090820312,-7.237409989912432,/root/Mattergen/results/obelix_random10_321/cifs/9o6_ordered.cif
9ph,/root/Mattergen/OBELIX/cifs/9ph.cif,ok,0,,Li0.76 La2.68 Ti3.6 Co0.4 O12,Li0.38 La1.333 Ti1.8 Co0.2 O6,Li0.38 La1.333 Ti1.8 Co0.2 O6,10,0,0.0,spacegroup,random,0,0,,5,5x1x1,0.04800000000000004,0.019333333333333355,True,0.0006213301167371788,0.005039052658100229,0.004594186226068775,True,,3,1,49,Li2 La7 Ti9 Co1 O30,mattersim,True,True,46,23.165140654000425,-412.7637023925781,-8.423749028419962,/root/Mattergen/results/obelix_random10_321/cifs/9ph_ordered.cif
9rc,/root/Mattergen/OBELIX/cifs/9rc.cif,approximation_warning,0,Occupancy error 0.055000 exceeds tolerance 0.050000,Li20 Sn0.45 Ge1.55 P4 S24,Li20 Sn0.448 Ge1.552 P4 S24,Li20 Sn0.448 Ge1.552 P4 S24,66,0,0.0,spacegroup+split_site_pairs,random,4,0,Li,2,1x2x1,0.05500000000000005,0.022190476190476212,False,4.000000000000184e-05,0.0060606060606061,0.0060606060606061,True,,6,1,99,Li39 Sn1 Ge3 P8 S48,mattersim,True,True,69,19.528312071000983,-425.4270324707031,-4.297242752229325,/root/Mattergen/results/obelix_random10_321/cifs/9rc_ordered.cif
9s4,/root/Mattergen/OBELIX/cifs/9s4.cif,ok,0,,Li7.8 Ti10.2 Al1.8 P18 O72,Li2.6 Ti3.4 Al0.6 P6 O24,Li2.6 Ti3.4 Al0.6 P6 O24,48,0,0.0,spacegroup,random,0,0,,2,1x2x1,0.025000000000000022,0.008333333333333345,True,4.163336342344337e-17,0.002994236095516134,0.00299423609551612,True,,0,1,73,Li5 Ti7 Al1 P12 O48,mattersim,True,True,45,18.86716664100095,-556.6769409179688,-7.62571151942423,/root/Mattergen/results/obelix_random10_321/cifs/9s4_ordered.cif
9wf,/root/Mattergen/OBELIX/cifs/9wf.cif,ok,0,,Li12 Er4 I24,Li6 Er2.0 I12,Li6 Er2.0 I12,22,0,0.0,spacegroup,random,0,0,,3,3x1x1,0.033333333333333354,0.01575757575757575,True,1.3877787807814457e-17,0.0,0.0,True,,6,1,60,Li18 Er6 I36,mattersim,True,True,19,3.636552751999261,-191.6809844970703,-3.194683074951172,/root/Mattergen/results/obelix_random10_321/cifs/9wf_ordered.cif
9zk,/root/Mattergen/OBELIX/cifs/9zk.cif,copied_ordered,0,,Li40 Ga8 O32,Li40 Ga8 O32,Li40 Ga8 O32,80,0,0.0,,,0,0,,,,,,,0.0,0.0,0.0,True,,,,80,Li40 Ga8 O32,mattersim,False,,,,,,/root/Mattergen/results/obelix_random10_321/cifs/9zk_ordered.cif
9zr,/root/Mattergen/OBELIX/cifs/9zr.cif,ok,0,,Li24 P4 S20 Br4,Li6 P1 S5 Br1,Li6 P1 S5 Br1,25,0,0.0,spacegroup+split_site_clusters,random,0,6,Li,4,1x2x2,0.030000000000000027,0.015937500000000007,True,5.551115123125783e-17,0.0,0.0,True,,0,1,52,Li24 P4 S20 Br4,mattersim,True,True,51,15.657036806001997,-213.40194702148438,-4.103883596567007,/root/Mattergen/results/obelix_random10_321/cifs/9zr_ordered.cif
a8v,/root/Mattergen/OBELIX/cifs/a8v.cif,approximation_warning,0,Occupancy error 0.100000 exceeds tolerance 0.050000,Li24.1 Si0.1 P3.9 S20 Br4,Li6.02496 Si0.025 P0.975 S5 Br1,Li6.02496 Si0.025 P0.975 S5 Br1,25,0,0.0,spacegroup+split_site_clusters,random,0,6,Li,8,2x2x2,0.1,0.04516222222222223,False,1.6504558110197465e-06,0.00769599881883951,0.00769599292435447,True,,3,1,104,Li48 Si1 P7 S40 Br8,mattersim,True,True,45,14.29388368400032,-428.3318176269531,-4.118575169489934,/root/Mattergen/results/obelix_random10_321/cifs/a8v_ordered.cif
aab,/root/Mattergen/OBELIX/cifs/aab.cif,ok,0,,Li16 Sn3 Ge1 Se16,Li16 Sn3.3 Ge0.7 Se16,Li16 Sn3.3 Ge0.7 Se16,40,0,0.0,spacegroup+split_site_pairs,random,4,0,Li,2,2x1x1,0.050000000000000044,0.006666666666666669,True,0.008333333333333331,0.013888888888888895,0.005555555555555564,True,,0,1,72,Li32 Sn7 Ge1 Se32,mattersim,True,True,13,3.094865323000704,-273.6023864746094,-3.8000331454806857,/root/Mattergen/results/obelix_random10_321/cifs/aab_ordered.cif
an2,/root/Mattergen/OBELIX/cifs/an2.cif,copied_ordered,0,,Li24 Si4 Cl8 O16,Li24 Si4 Cl8 O16,Li24 Si4 Cl8 O16,52,0,0.0,,,0,0,,,,,,,0.0,0.0,0.0,True,,,,52,Li24 Si4 Cl8 O16,mattersim,False,,,,,,/root/Mattergen/results/obelix_random10_321/cifs/an2_ordered.cif
ar1,/root/Mattergen/OBELIX/cifs/ar1.cif,ok,0,,Li16 Sn4 Se4 S12,Li16.008 Sn4 Se4.344 S11.656,Li16.008 Sn4 Se4.344 S11.656,48,0,0.0,spacegroup,random,0,0,,3,3x1x1,0.03600000000000003,0.012708333333333346,True,0.00962749018736564,0.009259259259259259,0.0,True,,2,1,108,Li48 Sn12 Se13 S35,mattersim,True,True,65,18.412592324999423,-437.7931823730469,-4.053640577528212,/root/Mattergen/results/obelix_random10_321/cifs/ar1_ordered.cif
ard,/root/Mattergen/OBELIX/cifs/ard.cif,approximation_warning,0,Occupancy error 0.110000 exceeds tolerance 0.050000,Li8 Ta16 P8 O64,Li4.0 Ta8 P4 O32,Li4.0 Ta8 P4 O32,54,0,0.0,spacegroup,random,0,0,,2,2x1x1,0.10999999999999999,0.020000000000000004,False,1.3877787807814457e-17,0.00945017182130585,0.009450171821305836,True,,3,1,97,Li9 Ta16 P8 O64,mattersim,True,True,78,29.050504501999967,-822.25830078125,-8.476889698775773,/root/Mattergen/results/obelix_random10_321/cifs/ard_ordered.cif
aui,/root/Mattergen/OBELIX/cifs/aui.cif,ok,0,,Li8 Co4 Ge12 O32,Li8.0 Co4 Ge12 O32,Li8.0 Co4 Ge12 O32,56,0,0.0,spacegroup,random,0,0,,2,1x2x1,0.025000000000000022,0.010714285714285713,True,1.3877787807814457e-17,0.0,0.0,True,,9,1,112,Li16 Co8 Ge24 O64,mattersim,True,True,34,17.718329872994218,-688.6502685546875,-6.1486631120954245,/root/Mattergen/results/obelix_random10_321/cifs/aui_ordered.cif
b4c,/root/Mattergen/OBELIX/cifs/b4c.cif,copied_ordered,0,Reference elements absent from source CIF: Li,Li8 Si2 S8,Si2 S8,Si2 S8,10,0,0.0,,,0,0,,,,,,,0.4444444444444444,0.4444444444444444,0.0,True,Li,,,10,Si2 S8,mattersim,False,,,,,,/root/Mattergen/results/obelix_random10_321/cifs/b4c_ordered.cif
b56,/root/Mattergen/OBELIX/cifs/b56.cif,ok,0,,Li8 Mg8 Mo12 O48,Li8.004 Mg7.996 Mo12 O48,Li8.004 Mg7.996 Mo12 O48,76,0,0.0,spacegroup,random,0,0,,1,1x1x1,0.040000000000000036,0.01373333333333334,True,5.263157894738746e-05,0.0,0.0,True,,2,1,76,Li8 Mg8 Mo12 O48,mattersim,True,True,36,14.329019797994988,-503.0159912109375,-6.618631463301809,/root/Mattergen/results/obelix_random10_321/cifs/b56_ordered.cif
be9,/root/Mattergen/OBELIX/cifs/be9.cif,copied_ordered,0,,Li4 Ga4 Br16,Li4 Ga4 Br16,Li4 Ga4 Br16,24,0,0.0,,,0,0,,,,,,,0.0,0.0,0.0,True,,,,24,Li4 Ga4 Br16,mattersim,False,,,,,,/root/Mattergen/results/obelix_random10_321/cifs/be9_ordered.cif
bi3,/root/Mattergen/OBELIX/cifs/bi3.cif,ok,0,,Sr8 Li48 La16 Sb16 O96,Sr3.996 Li23.9784 La8.004 Sb8 O48,Sr3.996 Li23.9784 La8.004 Sb8 O48,128,0,0.0,spacegroup,random,0,0,,1,1x1x1,0.04033333333333333,0.012575000000000006,True,0.00017357572420606537,0.0,0.0,True,,9,1,92,Sr4 Li24 La8 Sb8 O48,mattersim,True,True,69,24.05911370899412,-573.5081176757812,-6.233783887780231,/root/Mattergen/results/obelix_random10_321/cifs/bi3_ordered.cif
bjw,/root/Mattergen/OBELIX/cifs/bjw.cif,ok,0,,Li16 Mn8 Cl32,Li4 Mn2 Cl8,Li4 Mn2 Cl8,14,0,0.0,spacegroup,random,0,0,,1,1x1x1,0.0,0.0,True,0.0,0.0,0.0,True,,0,1,14,Li4 Mn2 Cl8,mattersim,True,True,6,0.8800865060038632,-61.727088928222656,-4.4090777805873325,/root/Mattergen/results/obelix_random10_321/cifs/bjw_ordered.cif
bnh,/root/Mattergen/OBELIX/cifs/bnh.cif,ok,0,,Li24.4 Si0.4 P3.8 S20 Br4,Li6.10002 Si0.1 P0.9 S5 Br1,Li6.10002 Si0.1 P0.9 S5 Br1,25,0,0.0,spacegroup+split_site_clusters,random,0,6,Li,8,2x2x2,0.040000000000000036,0.024444444444444456,True,0.003541160820101044,0.004935653699912265,0.0029365780181428436,True,,5,1,104,Li48 Si1 P7 S40 Br8,mattersim,True,True,50,13.610258975000761,-428.2656555175781,-4.117938995361328,/root/Mattergen/results/obelix_random10_321/cifs/bnh_ordered.cif
bnu,/root/Mattergen/OBELIX/cifs/bnu.cif,ok,0,,Li18 Al9 Ga9 Ge18 O72,Li6 Al3 Ga3 Ge6 O24,Li6 Al3 Ga3 Ge6 O24,42,0,0.0,spacegroup,random,0,0,,2,1x2x1,0.0,0.0,True,0.0,0.0,0.0,True,,9,1,84,Li12 Al6 Ga6 Ge12 O48,mattersim,True,True,41,9.634354052002891,-532.388671875,-6.337960379464286,/root/Mattergen/results/obelix_random10_321/cifs/bnu_ordered.cif
bq9,/root/Mattergen/OBELIX/cifs/bq9.cif,copied_ordered,0,,Li24 Bi8 O24,Li24 Bi8 O24,Li24 Bi8 O24,56,0,0.0,,,0,0,,,,,,,0.0,0.0,0.0,True,,,,56,Li24 Bi8 O24,mattersim,False,,,,,,/root/Mattergen/results/obelix_random10_321/cifs/bq9_ordered.cif
br1,/root/Mattergen/OBELIX/cifs/br1.cif,copied_ordered,0,,Li48 Al16 N32,Li24 Al8 N16,Li24 Al8 N16,48,0,0.0,,,0,0,,,,,,,0.0,0.0,0.0,True,,,,48,Li24 Al8 N16,mattersim,False,,,,,,/root/Mattergen/results/obelix_random10_321/cifs/br1_ordered.cif
bsa,/root/Mattergen/OBELIX/cifs/bsa.cif,copied_ordered,0,,Li4 Ga4 O8,Li4 Ga4 O8,Li4 Ga4 O8,16,0,0.0,,,0,0,,,,,,,0.0,0.0,0.0,True,,,,16,Li4 Ga4 O8,mattersim,False,,,,,,/root/Mattergen/results/obelix_random10_321/cifs/bsa_ordered.cif
bv2,/root/Mattergen/OBELIX/cifs/bv2.cif,copied_ordered,0,,Li4 Y4 O8,Li4 Y4 O8,Li4 Y4 O8,16,0,0.0,,,0,0,,,,,,,0.0,0.0,0.0,True,,,,16,Li4 Y4 O8,mattersim,False,,,,,,/root/Mattergen/results/obelix_random10_321/cifs/bv2_ordered.cif
c0g,/root/Mattergen/OBELIX/cifs/c0g.cif,ok,0,,Li44 La24 Sm2 Ta14 O96,Li22.068 La12 Sm1 Ta7 O48,Li22.068 La12 Sm1 Ta7 O48,152,0,0.0,spacegroup,random,0,0,,1,1x1x1,0.01433333333333342,0.00530000000000001,True,0.0005704332035549875,0.0,0.0,True,,4,1,90,Li22 La12 Sm1 Ta7 O48,mattersim,True,True,80,29.62238562299899,-679.902587890625,-7.554473198784722,/root/Mattergen/results/obelix_random10_321/cifs/c0g_ordered.cif
c6e,/root/Mattergen/OBELIX/cifs/c6e.cif,ok,0,,Li24 P4 Se3.2 S16.8 Br4,Li6.006 P1 Se0.8 S4.2 Br1,Li6.006 P1 Se0.8 S4.2 Br1,25,0,0.0,spacegroup+split_site_clusters,random,0,6,Li,2,1x2x1,0.04548000000000001,0.022514999999999993,True,0.0002484060611077643,0.015384615384615385,0.015356226120488765,True,,5,1,26,Li12 P2 Se2 S8 Br2,mattersim,True,True,24,7.834445245003735,-105.05656433105469,-4.04063708965595,/root/Mattergen/results/obelix_random10_321/cifs/c6e_ordered.cif
cdk,/root/Mattergen/OBELIX/cifs/cdk.cif,copied_ordered,0,,Li8 P4 N4 O8,Li4 P2 N2 O4,Li4 P2 N2 O4,12,0,0.0,,,0,0,,,,,,,0.0,0.0,0.0,True,,,,12,Li4 P2 N2 O4,mattersim,False,,,,,,/root/Mattergen/results/obelix_random10_321/cifs/cdk_ordered.cif
cfy,/root/Mattergen/OBELIX/cifs/cfy.cif,copied_ordered,0,,Li4 P4 S12,Li2 P2 S6,Li2 P2 S6,10,0,0.0,,,0,0,,,,,,,0.0,0.0,0.0,True,,,,10,Li2 P2 S6,mattersim,False,,,,,,/root/Mattergen/results/obelix_random10_321/cifs/cfy_ordered.cif
cju,/root/Mattergen/OBELIX/cifs/cju.cif,ok,0,,Li24 P4 Se1.6 S18.4 Br4,Li6.006 P1 Se0.399 S4.601 Br1,Li6.006 P1 Se0.399 S4.601 Br1,25,0,0.0,spacegroup+split_site_clusters,random,0,6,Li,4,1x2x2,0.0305,0.014062500000000002,True,0.0002484060611077643,0.007692307692307693,0.007605957013922582,True,,4,1,52,Li24 P4 Se2 S18 Br4,mattersim,True,True,29,8.65242866799963,-211.99392700195312,-4.076806288499099,/root/Mattergen/results/obelix_random10_321/cifs/cju_ordered.cif
ckw,/root/Mattergen/OBELIX/cifs/ckw.cif,ok,0,,Sr7.2 Li8 Nb16 O48 F6.4,Sr0.932 Li1 Nb2 O24 F8,Sr0.932 Li1 Nb2 O24 F8,36,0,0.0,spacegroup,random,0,0,,1,1x1x1,0.03400000000000003,0.011333333333333334,True,0.14787641453586786,0.14745586708203529,0.00010513686345814399,True,,0,1,36,Sr1 Li1 Nb2 O24 F8,mattersim,True,True,45,10.165445694998198,-107.2631607055664,-2.979532241821289,/root/Mattergen/results/obelix_random10_321/cifs/ckw_ordered.cif
clt,/root/Mattergen/OBELIX/cifs/clt.cif,copied_ordered,0,,Li6 Cu1 B4 O10,Li6 Cu1 B4 O10,Li6 Cu1 B4 O10,21,0,0.0,,,0,0,,,,,,,0.0,0.0,0.0,True,,,,21,Li6 Cu1 B4 O10,mattersim,False,,,,,,/root/Mattergen/results/obelix_random10_321/cifs/clt_ordered.cif
cti,/root/Mattergen/OBELIX/cifs/cti.cif,ok,0,,Li43.2 La24 Y1.6 Nb14.4 O96,Li21.61584 La12 Y0.8 Nb7.2 O48,Li21.61584 La12 Y0.8 Nb7.2 O48,152,0,0.0,spacegroup,random,0,0,,1,1x1x1,0.031333333333333324,0.015500666666666668,True,0.00013414401484618255,0.0033730158730158333,0.0032388718581696507,True,,1,1,90,Li22 La12 Y1 Nb7 O48,mattersim,True,True,65,23.571296471003734,-661.2855224609375,-7.347616916232639,/root/Mattergen/results/obelix_random10_321/cifs/cti_ordered.cif
cz2,/root/Mattergen/OBELIX/cifs/cz2.cif,ok,0,,Li16 Sn4 Se12 S4,Li16 Sn4 Se12.428 S3.572,Li16 Sn4 Se12.428 S3.572,40,0,0.0,spacegroup+split_site_pairs,random,4,0,Li,3,3x1x1,0.03033333333333335,0.008470588235294122,True,0.011888888888889004,0.0092592592592593,0.0,True,,7,1,108,Li48 Sn12 Se37 S11,mattersim,True,True,20,5.882938770999317,-419.00347900390625,-3.8796618426287615,/root/Mattergen/results/obelix_random10_321/cifs/cz2_ordered.cif
d7f,/root/Mattergen/OBELIX/cifs/d7f.cif,copied_ordered,0,,Li12 Bi4 O16,Li12 Bi4 O16,Li12 Bi4 O16,32,0,0.0,,,0,0,,,,,,,0.0,0.0,0.0,True,,,,32,Li12 Bi4 O16,mattersim,False,,,,,,/root/Mattergen/results/obelix_random10_321/cifs/d7f_ordered.cif
d9l,/root/Mattergen/OBELIX/cifs/d9l.cif,ok,0,,Li24 P4 Se2 S18 Br4,Li6.006 P1 Se0.5 S4.5 Br1,Li6.006 P1 Se0.5 S4.5 Br1,25,0,0.0,spacegroup+split_site_clusters,random,0,6,Li,3,1x1x3,0.03392,0.017643333333333316,True,0.0002484060611078198,0.01282051282051283,0.012802769530433689,True,,7,1,39,Li18 P3 Se1 S14 Br3,mattersim,True,True,24,7.283815055001469,-159.5745086669922,-4.091654068384415,/root/Mattergen/results/obelix_random10_321/cifs/d9l_ordered.cif
dae,/root/Mattergen/OBELIX/cifs/dae.cif,ok,0,,Li48.8 La24 Sm4.4 Ta11.6 O96,Li24.3 La12 Sm2.2 Ta5.8 O48,Li24.3 La12 Sm2.2 Ta5.8 O48,152,0,0.0,spacegroup,random,0,0,,1,1x1x1,0.025000000000000022,0.01103333333333334,True,0.0007973247409868711,0.0031996988518727676,0.0024023741108858965,True,,3,1,92,Li24 La12 Sm2 Ta6 O48,mattersim,True,True,96,37.08377988800203,-678.9732666015625,-7.3801442021908965,/root/Mattergen/results/obelix_random10_321/cifs/dae_ordered.cif
dc8,/root/Mattergen/OBELIX/cifs/dc8.cif,copied_ordered,0,,Li18 Mg6 P8 O32 F6,Li18 Mg6 P8 O32 F6,Li18 Mg6 P8 O32 F6,70,0,0.0,,,0,0,,,,,,,0.0,0.0,0.0,True,,,,70,Li18 Mg6 P8 O32 F6,mattersim,False,,,,,,/root/Mattergen/results/obelix_random10_321/cifs/dc8_ordered.cif
de5,/root/Mattergen/OBELIX/cifs/de5.cif,ok,0,,Li6 In2 Cl12,Li3 In1.015 Cl6,Li3 In1.015 Cl6,12,0,0.0,spacegroup,random,0,0,,6,3x2x1,0.04166666666666666,0.01374999999999999,True,0.0013479780329505725,0.0,0.0,True,,5,1,60,Li18 In6 Cl36,mattersim,True,True,17,5.2517001219966915,-207.38784790039062,-3.4564641316731772,/root/Mattergen/results/obelix_random10_321/cifs/de5_ordered.cif
deu,/root/Mattergen/OBELIX/cifs/deu.cif,ok,0,,Li8.8 Al0.8 Ge1.2 S8,Li8.694 Al0.81 Ge1.19 S8,Li8.694 Al0.81 Ge1.19 S8,28,0,0.0,spacegroup+split_site_pairs,random,9,0,Li,4,2x1x2,0.03899999999999998,0.01663636363636363,True,0.0030161002847653995,0.00559910414333703,0.002583003858571631,True,,5,1,76,Li36 Al3 Ge5 S32,mattersim,True,True,29,9.418040564996772,-322.78070068359375,-4.247114482678865,/root/Mattergen/results/obelix_random10_321/cifs/deu_ordered.cif
dl7,/root/Mattergen/OBELIX/cifs/dl7.cif,ok,0,,Li8 Mg4 Ti12 O32,Li8.0 Mg4 Ti12 O32,Li8.0 Mg4 Ti12 O32,56,0,0.0,spacegroup,random,0,0,,2,1x2x1,0.025000000000000022,0.010714285714285713,True,1.3877787807814457e-17,0.0,0.0,True,,8,1,112,Li16 Mg8 Ti24 O64,mattersim,True,True,27,12.722995742005878,-866.2380981445312,-7.734268733433315,/root/Mattergen/results/obelix_random10_321/cifs/dl7_ordered.cif
dlj,/root/Mattergen/OBELIX/cifs/dlj.cif,ok,0,,Li24 P4 Se4 S16 Br4,Li6.006 P1 Se1 S3.65484 Br1,Li6.006 P1 Se1 S3.65484 Br1,25,0,0.0,spacegroup+split_site_clusters,random,0,6,Li,3,1x1x3,0.011826666666666708,0.005112499999999994,True,0.019019518209145436,0.018218623481781382,0.0,True,,4,1,38,Li18 P3 Se3 S11 Br3,mattersim,True,True,39,11.53400999600126,-150.16360473632812,-3.95167380885074,/root/Mattergen/results/obelix_random10_321/cifs/dlj_ordered.cif
dmq,/root/Mattergen/OBELIX/cifs/dmq.cif,ok,0,,Li24 Al8 S24,Li12.188 Al3.732 S11.696,Li12.188 Al3.732 S11.696,36,0,0.0,spacegroup+split_site_pairs,random,2,0,Li,3,3x1x1,0.031333333333333324,0.013888888888888888,True,0.012766926005628343,0.017211703958691926,0.004444777953063583,True,,1,1,83,Li37 Al11 S35,mattersim,True,True,80,26.425386347000313,-361.1785583496094,-4.351548895778426,/root/Mattergen/results/obelix_random10_321/cifs/dmq_ordered.cif
dth,/root/Mattergen/OBELIX/cifs/dth.cif,copied_ordered,0,,Li16 Ge4 O16,Li8 Ge2 O8,Li8 Ge2 O8,18,0,0.0,,,0,0,,,,,,,0.0,0.0,0.0,True,,,,18,Li8 Ge2 O8,mattersim,False,,,,,,/root/Mattergen/results/obelix_random10_321/cifs/dth_ordered.cif
duf,/root/Mattergen/OBELIX/cifs/duf.cif,approximation_warning,0,Occupancy error 0.118000 exceeds tolerance 0.050000,Li52.8 La24 Zr12.8 Sb3.2 O96,Li35.268 La2.988 Zr1.336 Sb0.056 O48,Li35.268 La2.988 Zr1.336 Sb0.056 O48,116,0,0.0,spacegroup,random,0,0,,1,1x1x1,0.118,0.027962962962962953,False,0.12272123934876683,0.11806625577812019,0.003879152975538508,True,,1,1,88,Li35 La3 Zr1 Sb1 O48,mattersim,True,True,214,75.87452796999423,-463.6312561035156,-5.2685370011763135,/root/Mattergen/results/obelix_random10_321/cifs/duf_ordered.cif
dvb,/root/Mattergen/OBELIX/cifs/dvb.cif,approximation_warning,0,Occupancy error 0.075000 exceeds tolerance 0.050000,Li41.6 La24 Y0.8 Nb15.2 O96,Li20.81616 La12 Y0.4 Nb7.6 O48,Li20.81616 La12 Y0.4 Nb7.6 O48,152,0,0.0,spacegroup,random,0,0,,1,1x1x1,0.075,0.024665999999999987,False,0.00013933021619896846,0.006933900192327161,0.006918327991693146,True,,0,1,89,Li21 La12 Y1 Nb7 O48,mattersim,True,True,98,36.7057127789958,-657.8027954101562,-7.391042645057936,/root/Mattergen/results/obelix_random10_321/cifs/dvb_ordered.cif
dvn,/root/Mattergen/OBELIX/cifs/dvn.cif,ok,0,,Li16 Mg8 Cl32,Li4 Mg2 Cl8,Li4 Mg2 Cl8,14,0,0.0,spacegroup,random,0,0,,1,1x1x1,0.0,0.0,True,0.0,0.0,0.0,True,,0,1,14,Li4 Mg2 Cl8,mattersim,True,True,4,0.5802665249939309,-51.05855941772461,-3.6470399584089006,/root/Mattergen/results/obelix_random10_321/cifs/dvn_ordered.cif
e6a,/root/Mattergen/OBELIX/cifs/e6a.cif,ok,0,,Li53.6 La24 Zr13.6 Ta2.4 O96,Li25.656 La12 Zr6.8 Ta1.2 O48,Li25.656 La12 Zr6.8 Ta1.2 O48,128,0,0.0,spacegroup,random,0,0,,1,1x1x1,0.033333333333333326,0.014875000000000003,True,0.008761752768638331,0.006104677260077185,0.001865310809255458,True,,0,1,94,Li26 La12 Zr7 Ta1 O48,mattersim,True,True,113,43.047107141996094,-681.2833251953125,-7.247694948886303,/root/Mattergen/results/obelix_random10_321/cifs/e6a_ordered.cif
e6b,/root/Mattergen/OBELIX/cifs/e6b.cif,ok,0,,Li16 Ge4 S16,Li16 Ge4 S16,Li16 Ge4 S16,40,0,0.0,spacegroup+split_site_pairs,random,4,0,Li,1,1x1x1,0.0,0.0,True,0.0,0.0,0.0,True,,0,1,36,Li16 Ge4 S16,mattersim,True,True,30,6.416530395996233,-151.51614379882812,-4.2087817721896705,/root/Mattergen/results/obelix_random10_321/cifs/e6b_ordered.cif
e81,/root/Mattergen/OBELIX/cifs/e81.cif,ok,0,,Sr8 Li8.8 Zr0.8 Ta15.2 O48 F8,Sr1.932 Li2.068 Zr0.2 Ta3.8 O12 F2,Sr1.932 Li2.068 Zr0.2 Ta3.8 O12 F2,34,0,0.0,spacegroup+split_site_pairs,random,8,0,O,3,1x1x3,0.033333333333333326,0.004376811594202899,True,0.005099099099099114,0.008190008190008202,0.00606060606060606,True,,7,1,66,Sr6 Li6 Zr1 Ta11 O36 F6,mattersim,True,True,185,70.99825515099656,-542.9606323242188,-8.226676247336648,/root/Mattergen/results/obelix_random10_321/cifs/e81_ordered.cif
ecp,/root/Mattergen/OBELIX/cifs/ecp.cif,copied_ordered,0,,Li4 La4 O8,Li4 La4 O8,Li4 La4 O8,16,0,0.0,,,0,0,,,,,,,0.0,0.0,0.0,True,,,,16,Li4 La4 O8,mattersim,False,,,,,,/root/Mattergen/results/obelix_random10_321/cifs/ecp_ordered.cif
ei3,/root/Mattergen/OBELIX/cifs/ei3.cif,approximation_warning,0,Occupancy error 0.059080 exceeds tolerance 0.050000,Li9 Y3 Cl18,Li9 Y3 Cl18,Li9 Y3 Cl18,35,0,0.0,spacegroup,random,0,0,,4,2x1x2,0.05908000000000002,0.01982000000000002,False,0.0,0.0,0.0,True,,7,1,120,Li36 Y12 Cl72,mattersim,True,True,86,24.485140504999436,-512.4924926757812,-4.270770772298177,/root/Mattergen/results/obelix_random10_321/cifs/ei3_ordered.cif
ek5,/root/Mattergen/OBELIX/cifs/ek5.cif,ok,0,,Sr8 Li8 Nb16 O48 F8,Sr1.9856 Li2.0144 Nb4 O12 F2,Sr1.9856 Li2.0144 Nb4 O12 F2,22,0,0.0,spacegroup,random,0,0,,1,1x1x1,0.0036000000000000476,0.001440000000000008,True,0.0006545454545454771,0.0,0.0,True,,0,1,22,Sr2 Li2 Nb4 O12 F2,mattersim,True,True,14,2.166379065994988,-171.36761474609375,-7.7894370339133525,/root/Mattergen/results/obelix_random10_321/cifs/ek5_ordered.cif
elz,/root/Mattergen/OBELIX/cifs/elz.cif,ok,0,,Li6 Y2 Br12,Li3 Y0.99999 Br6,Li3 Y0.99999 Br6,15,0,0.0,spacegroup,random,0,0,,5,5x1x1,0.04622000000000004,0.02174666666666668,True,9.000009000142972e-07,0.0,0.0,True,,0,1,50,Li15 Y5 Br30,mattersim,True,True,73,20.00841280100576,-191.970703125,-3.8394140625,/root/Mattergen/results/obelix_random10_321/cifs/elz_ordered.cif
etz,/root/Mattergen/OBELIX/cifs/etz.cif,ok,0,,Li56 La24 Zr16 O96,Li17.88 La12 Zr8 O48,Li17.88 La12 Zr8 O48,128,0,0.0,spacegroup,random,0,0,,1,1x1x1,0.03666666666666668,0.013095238095238096,True,0.08346918180406779,0.09166666666666667,0.008197484862598886,True,,6,1,85,Li17 La12 Zr8 O48,mattersim,True,True,78,33.45806562600046,-626.6107788085938,-7.3718915153952205,/root/Mattergen/results/obelix_random10_321/cifs/etz_ordered.cif
fam,/root/Mattergen/OBELIX/cifs/fam.cif,ok,0,,Li47.2 La24 Sm3.6 Ta12.4 O96,Li23.664 La12 Sm1.8 Ta6.2 O48,Li23.664 La12 Sm1.8 Ta6.2 O48,152,0,0.0,spacegroup,random,0,0,,1,1x1x1,0.025000000000000022,0.011133333333333332,True,0.0005183159913439428,0.004894668650127221,0.004376352658783278,True,,5,1,91,Li23 La12 Sm2 Ta6 O48,mattersim,True,True,62,22.564681985997595,-675.1265869140625,-7.418973482572115,/root/Mattergen/results/obelix_random10_321/cifs/fam_ordered.cif
fft,/root/Mattergen/OBELIX/cifs/fft.cif,copied_ordered,0,,Li6 N2,Li6 N2,Li6 N2,8,0,0.0,,,0,0,,,,,,,0.0,0.0,0.0,True,,,,8,Li6 N2,mattersim,False,,,,,,/root/Mattergen/results/obelix_random10_321/cifs/fft_ordered.cif
fj5,/root/Mattergen/OBELIX/cifs/fj5.cif,ok,0,,Li13 Si1 P3 O16,Li12.964 Si1 P3 O16,Li12.964 Si1 P3 O16,56,0,0.0,spacegroup+split_site_pairs,random,12,0,Li,3,3x1x1,0.019333333333333327,0.007737373737373738,True,0.0006618790746929504,0.0,0.0,True,,0,1,99,Li39 Si3 P9 O48,mattersim,True,True,99,46.8391789160014,-613.2861328125,-6.194809422348484,/root/Mattergen/results/obelix_random10_321/cifs/fj5_ordered.cif
fkj,/root/Mattergen/OBELIX/cifs/fkj.cif,ok,0,,Li26 Si2 P2 S20 Br4,Li6.49998 Si0.5 P0.5 S5 Br1,Li6.49998 Si0.5 P0.5 S5 Br1,25,0,0.0,spacegroup+split_site_clusters,random,0,6,Li,6,1x3x2,0.030274444444444437,0.011820987654321007,True,7.681767210665491e-07,0.01994301994301989,0.019942251766298824,True,,5,1,78,Li36 Si3 P3 S30 Br6,mattersim,True,True,27,8.443161270995915,-324.1239929199219,-4.155435806665665,/root/Mattergen/results/obelix_random10_321/cifs/fkj_ordered.cif
fwz,/root/Mattergen/OBELIX/cifs/fwz.cif,copied_ordered,0,,Li8 Si4 S12,Li4 Si2 S6,Li4 Si2 S6,12,0,0.0,,,0,0,,,,,,,0.0,0.0,0.0,True,,,,12,Li4 Si2 S6,mattersim,False,,,,,,/root/Mattergen/results/obelix_random10_321/cifs/fwz_ordered.cif
g5q,/root/Mattergen/OBELIX/cifs/g5q.cif,ok,0,,Li52 La24 Zr12 Ta4 O96,Li26.016 La12 Zr6 Ta2 O48,Li26.016 La12 Zr6 Ta2 O48,128,0,0.0,spacegroup,random,0,0,,1,1x1x1,0.040000000000000036,0.01258333333333335,True,0.00012311168402295847,0.0,0.0,True,,7,1,94,Li26 La12 Zr6 Ta2 O48,mattersim,True,True,68,27.122397040999203,-683.5573120117188,-7.271886297997008,/root/Mattergen/results/obelix_random10_321/cifs/g5q_ordered.cif
ga9,/root/Mattergen/OBELIX/cifs/ga9.cif,ok,0,,Li8 Ce8 B24 H96 Cl8,Li2.94 Ce4 B12 H48 Cl4,Li2.94 Ce4 B12 H48 Cl4,74,0,0.0,spacegroup,random,0,0,,1,1x1x1,0.010000000000000009,0.0025000000000000022,True,0.014112082197788416,0.01330203442879499,0.0,True,,0,1,71,Li3 Ce4 B12 H48 Cl4,mattersim,True,True,34,11.45303337599762,-308.056396484375,-4.338822485695423,/root/Mattergen/results/obelix_random10_321/cifs/ga9_ordered.cif
gas,/root/Mattergen/OBELIX/cifs/gas.cif,approximation_warning,0,Occupancy error 0.065000 exceeds tolerance 0.050000,Li0.31 La0.63 Ti0.9 Co0.1 O3,Li0.31 La0.63 Ti0.9 Co0.1 O3,Li0.31 La0.63 Ti0.9 Co0.1 O3,5,0,0.0,spacegroup,random,0,0,,8,2x2x2,0.06499999999999995,0.029999999999999995,False,0.0,0.011470985155195693,0.011470985155195693,True,,4,1,39,Li2 La5 Ti7 Co1 O24,mattersim,True,True,21,9.546765197999775,-323.8709716796875,-8.304383889222757,/root/Mattergen/results/obelix_random10_321/cifs/gas_ordered.cif
gcj,/root/Mattergen/OBELIX/cifs/gcj.cif,ok,0,,Li48 Ca8 La16 Nb16 O96,Li24.024 Ca3.996 La8.004 Nb8 O48,Li24.024 Ca3.996 La8.004 Nb8 O48,128,0,0.0,spacegroup,random,0,0,,1,1x1x1,0.026666666666666672,0.00829166666666667,True,0.00019276634828724326,0.0,0.0,True,,2,1,92,Li24 Ca4 La8 Nb8 O48,mattersim,True,True,91,36.309597997998935,-653.2117919921875,-7.100128173828125,/root/Mattergen/results/obelix_random10_321/cifs/gcj_ordered.cif
gdr,/root/Mattergen/OBELIX/cifs/gdr.cif,ok,0,,Li49.6 La24 Zr9.6 Ta6.4 O96,Li24.816 La12 Zr4.8 Ta3.2 O48,Li24.816 La12 Zr4.8 Ta3.2 O48,128,0,0.0,spacegroup,random,0,0,,1,1x1x1,0.040000000000000036,0.017791666666666685,True,0.00012631591461631508,0.0022246941045606233,0.0022187498262257327,True,,0,1,93,Li25 La12 Zr5 Ta3 O48,mattersim,True,True,80,30.237621905005653,-684.3065185546875,-7.358134608114919,/root/Mattergen/results/obelix_random10_321/cifs/gdr_ordered.cif
gkl,/root/Mattergen/OBELIX/cifs/gkl.cif,ok,0,,Li40 La24 Nb16 O96,Li19.968 La12 Nb8 O48,Li19.968 La12 Nb8 O48,152,0,0.0,spacegroup,random,0,0,,1,1x1x1,0.015000000000000013,0.005296296296296282,True,0.0002810939515196509,0.0,0.0,True,,0,1,88,Li20 La12 Nb8 O48,mattersim,True,True,82,28.610391073001665,-657.6018676757812,-7.472748496315696,/root/Mattergen/results/obelix_random10_321/cifs/gkl_ordered.cif
goi,/root/Mattergen/OBELIX/cifs/goi.cif,copied_ordered,0,,Li4 H28 C12 N4 Cl4 O4,Li4 H28 C12 N4 Cl4 O4,Li4 H28 C12 N4 Cl4 O4,56,0,0.0,,,0,0,,,,,,,0.0,0.0,0.0,True,,,,56,Li4 H28 C12 N4 Cl4 O4,mattersim,False,,,,,,/root/Mattergen/results/obelix_random10_321/cifs/goi_ordered.cif
gvd,/root/Mattergen/OBELIX/cifs/gvd.cif,copied_ordered,0,,Li3 N1,Li3 N1,Li3 N1,4,0,0.0,,,0,0,,,,,,,0.0,0.0,0.0,True,,,,4,Li3 N1,mattersim,False,,,,,,/root/Mattergen/results/obelix_random10_321/cifs/gvd_ordered.cif
gw2,/root/Mattergen/OBELIX/cifs/gw2.cif,ok,0,,Li8.4 Al2.4 Ge9.6 P18 O72,Li2.788 Al0.792 Ge3.208 P6 O24,Li2.788 Al0.792 Ge3.208 P6 O24,48,0,0.0,spacegroup,random,0,0,,3,1x3x1,0.03133333333333335,0.013530864197530853,True,0.00030137426665594047,0.003952569169960479,0.0037067423171587427,True,,3,1,110,Li8 Al2 Ge10 P18 O72,mattersim,True,True,113,49.178810849,-751.83740234375,-6.834885475852273,/root/Mattergen/results/obelix_random10_321/cifs/gw2_ordered.cif
gwu,/root/Mattergen/OBELIX/cifs/gwu.cif,ok,0,,Li0.3 La0.7 Ti0.6 Al0.4 O3,Li0.292 La0.708 Ti0.60639361 Al0.39360639 O3,Li0.292 La0.708 Ti0.60639361 Al0.39360639 O3,5,0,0.0,spacegroup,random,0,0,,7,7x1x1,0.034965034965035,0.016500299700299703,True,0.001600000000000018,0.005714285714285713,0.004435564435564449,True,,6,1,35,Li2 La5 Ti4 Al3 O21,mattersim,True,True,41,19.19240739200177,-284.4215393066406,-8.126329694475446,/root/Mattergen/results/obelix_random10_321/cifs/gwu_ordered.cif
gxz,/root/Mattergen/OBELIX/cifs/gxz.cif,ok,0,,Li8 Zn2 P4 O16,Li8 Zn2 P4 O16,Li8 Zn2 P4 O16,32,0,0.0,spacegroup,random,0,0,,1,1x1x1,0.0,0.0,True,0.0,0.0,0.0,True,,4,1,30,Li8 Zn2 P4 O16,mattersim,True,True,35,19.373553340003127,-186.87240600585938,-6.2290802001953125,/root/Mattergen/results/obelix_random10_321/cifs/gxz_ordered.cif
gz8,/root/Mattergen/OBELIX/cifs/gz8.cif,ok,0,,Li40 La24 Ta16 O96,Li20.0376 La12 Ta8 O48,Li20.0376 La12 Ta8 O48,152,0,0.0,spacegroup,random,0,0,,1,1x1x1,0.031333333333333324,0.010533333333333327,True,0.000330024278882568,0.0,0.0,True,,0,1,88,Li20 La12 Ta8 O48,mattersim,True,True,126,46.674894267001946,-681.1737670898438,-7.740610989657315,/root/Mattergen/results/obelix_random10_321/cifs/gz8_ordered.cif
h5i,/root/Mattergen/OBELIX/cifs/h5i.cif,ok,0,,Na0.4 Li0.1 La0.5 Nb2 O6,Na0.4 Li0.1 La0.5 Nb2 O6,Na0.4 Li0.1 La0.5 Nb2 O6,9,0,0.0,spacegroup,random,0,0,,8,2x4x1,0.025000000000000022,0.007142857142857145,True,0.0,0.002777777777777782,0.002777777777777782,True,,0,1,72,Na3 Li1 La4 Nb16 O48,mattersim,True,True,51,20.039186499001516,-616.495849609375,-8.562442355685764,/root/Mattergen/results/obelix_random10_321/cifs/h5i_ordered.cif
h6c,/root/Mattergen/OBELIX/cifs/h6c.cif,copied_ordered,0,,Li6 V2 O8,Li6 V2 O8,Li6 V2 O8,16,0,0.0,,,0,0,,,,,,,0.0,0.0,0.0,True,,,,16,Li6 V2 O8,mattersim,False,,,,,,/root/Mattergen/results/obelix_random10_321/cifs/h6c_ordered.cif
h7r,/root/Mattergen/OBELIX/cifs/h7r.cif,ok,0,,Li6 Ti8.4 Sn3.6 P18 O72,Li2 Ti2.8 Sn1.2 P6 O24,Li2 Ti2.8 Sn1.2 P6 O24,36,0,0.0,spacegroup,random,0,0,,1,1x1x1,0.050000000000000044,0.016666666666666673,True,0.0,0.005555555555555557,0.005555555555555557,True,,0,1,36,Li2 Ti3 Sn1 P6 O24,mattersim,True,True,40,6.642534213002364,-269.9538269042969,-7.498717414008246,/root/Mattergen/results/obelix_random10_321/cifs/h7r_ordered.cif
h82,/root/Mattergen/OBELIX/cifs/h82.cif,ok,0,,Li24 P4 S20 I3 Br1,Li5.994 P1 S4.99901598 I0.74999101 Br0.24999301,Li5.994 P1 S5.015 I0.741 Br0.243,25,2,0.015984015984015984,spacegroup+split_site_clusters,random,0,6,Li,4,1x2x2,0.01833333333333334,0.006666666666666674,True,0.00021313251514126774,0.0,0.0,True,,2,1,52,Li24 P4 S20 I3 Br1,mattersim,True,True,39,10.98194527799933,-212.1731414794922,-4.080252720759465,/root/Mattergen/results/obelix_random10_321/cifs/h82_ordered.cif
h89,/root/Mattergen/OBELIX/cifs/h89.cif,ok,0,,Ba8 Li48 La16 Ta16 O96,Ba3.9996 Li24.0 La8.0004 Ta8 O48,Ba3.9996 Li24.0 La8.0004 Ta8 O48,104,0,0.0,spacegroup,random,0,0,,1,1x1x1,0.006666666666666654,0.0025083333333333346,True,4.3478260869506125e-06,0.0,0.0,True,,5,1,92,Ba4 Li24 La8 Ta8 O48,mattersim,True,True,79,27.328184218000388,-674.4243774414062,-7.330699754797894,/root/Mattergen/results/obelix_random10_321/cifs/h89_ordered.cif
hai,/root/Mattergen/OBELIX/cifs/hai.cif,ok,0,,Li1.96 Ca1.9 P6 Pb6.12 O24,Li1.956 Ca1.896 P6 Pb6.12 O24,Li1.956 Ca1.896 P6 Pb6.12 O24,40,0,0.0,spacegroup,random,0,0,,1,1x1x1,0.034999999999999976,0.009066666666666676,True,0.0001201441309066631,0.0030765382691345655,0.003045901515753374,True,,2,1,40,Li2 Ca2 P6 Pb6 O24,mattersim,True,True,50,16.051418269998976,-267.7176818847656,-6.692942047119141,/root/Mattergen/results/obelix_random10_321/cifs/hai_ordered.cif
hbz,/root/Mattergen/OBELIX/cifs/hbz.cif,approximation_warning,0,Occupancy error 0.058143 exceeds tolerance 0.050000,Li24 P4 Se0.8 S19.2 Br4,Li6.006 P1 Se0.2 S4.799 Br0.999,Li6.006 P1 Se0.2 S4.799 Br0.999,26,0,0.0,spacegroup+split_site_clusters,random,0,6,Li,7,7x1x1,0.05814285714285722,0.026071428571428582,False,0.00031942834157522304,0.0043956043956044355,0.004390872123877353,True,,4,1,91,Li42 P7 Se1 S34 Br7,mattersim,True,True,174,46.82215567499952,-369.036865234375,-4.055350167410714,/root/Mattergen/results/obelix_random10_321/cifs/hbz_ordered.cif
hcm,/root/Mattergen/OBELIX/cifs/hcm.cif,copied_ordered,0,,Li40 La24 Ta16 O96,Li20 La12 Ta8 O48,Li20 La12 Ta8 O48,88,0,0.0,,,0,0,,,,,,,0.0,0.0,0.0,True,,,,88,Li20 La12 Ta8 O48,mattersim,False,,,,,,/root/Mattergen/results/obelix_random10_321/cifs/hcm_ordered.cif
hja,/root/Mattergen/OBELIX/cifs/hja.cif,ok,0,,Li2 Ce1 Pr1 Mo4 O16,Li1 Ce0.5 Pr0.5 Mo2 O8,Li1 Ce0.5 Pr0.5 Mo2 O8,12,0,0.0,spacegroup,random,0,0,,2,1x2x1,0.0,0.0,True,0.0,0.0,0.0,True,,1,1,24,Li2 Ce1 Pr1 Mo4 O16,mattersim,True,True,7,1.4240596780000487,-173.07981872558594,-7.211659113566081,/root/Mattergen/results/obelix_random10_321/cifs/hja_ordered.cif
i12,/root/Mattergen/OBELIX/cifs/i12.cif,ok,0,,Li8 Ti12 Co4 O32,Li8.0 Ti12 Co4 O32,Li8.0 Ti12 Co4 O32,56,0,0.0,spacegroup,random,0,0,,2,1x2x1,0.025000000000000022,0.010714285714285713,True,1.3877787807814457e-17,0.0,0.0,True,,1,1,112,Li16 Ti24 Co8 O64,mattersim,True,True,23,10.886596800999541,-867.5388793945312,-7.745882851736886,/root/Mattergen/results/obelix_random10_321/cifs/i12_ordered.cif
i47,/root/Mattergen/OBELIX/cifs/i47.cif,copied_ordered,0,,Li2 Zn2 P2 S8,Li1 Zn1 P1 S4,Li1 Zn1 P1 S4,7,0,0.0,,,0,0,,,,,,,0.0,0.0,0.0,True,,,,7,Li1 Zn1 P1 S4,mattersim,False,,,,,,/root/Mattergen/results/obelix_random10_321/cifs/i47_ordered.cif
i4l,/root/Mattergen/OBELIX/cifs/i4l.cif,ok,0,,Li16 Ge4 Se12 S4,Li16.0 Ge4 Se11.876 S4.124,Li16.0 Ge4 Se11.876 S4.124,48,0,0.0,spacegroup+split_site_pairs,random,12,0,Li,2,2x1x1,0.024499999999999994,0.0032812500000000003,True,0.0034444444444444583,0.0,0.0,True,,0,1,72,Li32 Ge8 Se24 S8,mattersim,True,True,30,8.40424466499826,-283.1056823730469,-3.932023366292318,/root/Mattergen/results/obelix_random10_321/cifs/i4l_ordered.cif
ia5,/root/Mattergen/OBELIX/cifs/ia5.cif,ok,0,,Li2 La2 Nb4 O14,Li1 La1 Nb2 O7,Li1 La1 Nb2 O7,12,0,0.0,spacegroup,random,0,0,,1,1x1x1,0.0,0.0,True,0.0,0.0,0.0,True,,0,1,11,Li1 La1 Nb2 O7,mattersim,True,True,38,7.354434141001548,-91.87984466552734,-8.352713151411576,/root/Mattergen/results/obelix_random10_321/cifs/ia5_ordered.cif
iiy,/root/Mattergen/OBELIX/cifs/iiy.cif,ok,0,,Li24.8 Si0.8 P3.2 S20 Br4,Li6.19998 Si0.2 P0.8 S5 Br1,Li6.19998 Si0.2 P0.8 S5 Br1,25,0,0.0,spacegroup+split_site_clusters,random,0,6,Li,5,5x1x1,0.04000000000000001,0.0198148148148148,True,8.034906572307321e-07,0.00815850815850816,0.008157704667850929,True,,0,1,65,Li30 Si1 P4 S25 Br5,mattersim,True,True,35,9.93636904199957,-268.4879150390625,-4.130583308293269,/root/Mattergen/results/obelix_random10_321/cifs/iiy_ordered.cif
ij5,/root/Mattergen/OBELIX/cifs/ij5.cif,ok,0,,Li24 P4 S20 Br2 Cl2,Li6 P1 S5 Br0.5 Cl0.5,Li6 P1 S5 Br0.5 Cl0.5,19,0,0.0,spacegroup,random,0,0,,4,1x2x2,0.046999999999999986,0.018799999999999997,True,0.0,0.0,0.0,True,,9,1,52,Li24 P4 S20 Br2 Cl2,mattersim,True,True,68,14.580519330993411,-214.60707092285156,-4.127059056208684,/root/Mattergen/results/obelix_random10_321/cifs/ij5_ordered.cif
ik8,/root/Mattergen/OBELIX/cifs/ik8.cif,approximation_warning,0,Occupancy error 0.055000 exceeds tolerance 0.050000,Li20 Sn1.17 Ge0.83 P4 S24,Li20 Sn1.168 Ge0.832 P4 S24,Li20 Sn1.168 Ge0.832 P4 S24,66,0,0.0,spacegroup+split_site_pairs,random,4,0,Li,2,1x2x1,0.05500000000000005,0.02495238095238097,False,3.999999999999837e-05,0.0060606060606061,0.0060606060606061,True,,9,1,99,Li39 Sn2 Ge2 P8 S48,mattersim,True,True,36,9.118525311998383,-425.1217346191406,-4.294158935546875,/root/Mattergen/results/obelix_random10_321/cifs/ik8_ordered.cif
ipo,/root/Mattergen/OBELIX/cifs/ipo.cif,copied_ordered,0,,Li56 La24 Hf16 O96,Li28 La12 Hf8 O48,Li28 La12 Hf8 O48,96,0,0.0,,,0,0,,,,,,,0.0,0.0,0.0,True,,,,96,Li28 La12 Hf8 O48,mattersim,False,,,,,,/root/Mattergen/results/obelix_random10_321/cifs/ipo_ordered.cif
iqt,/root/Mattergen/OBELIX/cifs/iqt.cif,ok,0,,Li8.4 Ti9.6 Al2.4 P18 O72,Li2.80004 Ti3.2 Al0.8 P6 O24,Li2.80004 Ti3.2 Al0.8 P6 O24,48,0,0.0,spacegroup,random,0,0,,1,1x1x1,0.050000000000000044,0.01666583333333334,True,1.004252216482704e-06,0.005875440658049347,0.0058753461401936935,True,,0,1,37,Li3 Ti3 Al1 P6 O24,mattersim,True,True,40,9.99764714200137,-278.2263488769531,-7.519631050728463,/root/Mattergen/results/obelix_random10_321/cifs/iqt_ordered.cif
ish,/root/Mattergen/OBELIX/cifs/ish.cif,ok,0,,Li24.7 Si0.7 P3.3 S20 Br4,Li6.17496 Si0.175 P0.825 S5 Br1,Li6.17496 Si0.175 P0.825 S5 Br1,25,0,0.0,spacegroup+split_site_clusters,random,0,6,Li,5,5x1x1,0.025000000000000022,0.011689259259259252,True,1.6130881547726794e-06,0.007152240548824906,0.007150627460670134,True,,4,1,65,Li30 Si1 P4 S25 Br5,mattersim,True,True,34,9.473021056997823,-268.3659973144531,-4.128707650991586,/root/Mattergen/results/obelix_random10_321/cifs/ish_ordered.cif
ix1,/root/Mattergen/OBELIX/cifs/ix1.cif,ok,0,,Li5.46 Hf12.13 P18 O72,Li1.74 Hf4.064 P6 O24,Li1.74 Hf4.064 P6 O24,48,0,0.0,spacegroup,random,0,0,,1,1x1x1,0.03200000000000003,0.013416666666666664,True,0.002150288780374196,0.0048073447552953105,0.0026570559749211145,True,,2,1,36,Li2 Hf4 P6 O24,mattersim,True,True,40,16.028783366004063,-294.91387939453125,-8.192052205403646,/root/Mattergen/results/obelix_random10_321/cifs/ix1_ordered.cif
j5g,/root/Mattergen/OBELIX/cifs/j5g.cif,ok,0,,Li48 La24 Y4 Nb12 O96,Li23.832 La12 Y2 Nb6 O48,Li23.832 La12 Y2 Nb6 O48,152,0,0.0,spacegroup,random,0,0,,1,1x1x1,0.011666666666666659,0.005733333333333329,True,0.001352185654711513,0.00812231247013856,0.006770126815427047,True,,7,1,91,Li23 La12 Y2 Nb6 O48,mattersim,True,True,87,31.50140767799894,-661.4659423828125,-7.268856509701236,/root/Mattergen/results/obelix_random10_321/cifs/j5g_ordered.cif
j8q,/root/Mattergen/OBELIX/cifs/j8q.cif,approximation_warning,0,Occupancy error 0.060000 exceeds tolerance 0.050000,Li20 Ge2 P4 S24,Li20.056 Ge2 P4 S24,Li20.056 Ge2 P4 S24,62,0,0.0,spacegroup,random,0,0,,2,1x2x1,0.06000000000000005,0.012535714285714298,False,0.0006712482020137522,0.0,0.0,True,,5,1,100,Li40 Ge4 P8 S48,mattersim,True,True,81,22.189171475001785,-430.6838684082031,-4.306838684082031,/root/Mattergen/results/obelix_random10_321/cifs/j8q_ordered.cif
jej,/root/Mattergen/OBELIX/cifs/jej.cif,ok,0,,Li48 Ca8 La16 Ta16 O96,Li23.88 Ca3.9996 La8.0004 Ta8 O48,Li23.88 Ca3.9996 La8.0004 Ta8 O48,128,0,0.0,spacegroup,random,0,0,,1,1x1x1,0.040000000000000036,0.01188333333333335,True,0.0009653423179570852,0.0,0.0,True,,0,1,92,Li24 Ca4 La8 Ta8 O48,mattersim,True,True,96,37.021560688001045,-677.1934814453125,-7.360798711362093,/root/Mattergen/results/obelix_random10_321/cifs/jej_ordered.cif
jkq,/root/Mattergen/OBELIX/cifs/jkq.cif,ok,0,,Li7.96 Mg4.04 Ti12 O32,Li7.96 Mg4.04 Ti12 O32,Li7.96 Mg4.04 Ti12 O32,56,0,0.0,spacegroup,random,0,0,,2,1x2x1,0.015000000000000013,0.007857142857142854,True,2.7755575615628914e-17,0.0007142857142857229,0.000714285714285709,True,,1,1,112,Li16 Mg8 Ti24 O64,mattersim,True,True,27,13.9628704200004,-866.2182006835938,-7.734091077532087,/root/Mattergen/results/obelix_random10_321/cifs/jkq_ordered.cif
jl4,/root/Mattergen/OBELIX/cifs/jl4.cif,approximation_warning,0,Occupancy error 0.055000 exceeds tolerance 0.050000,Li8.56 Mg3.16 Ti12.28 O32,Li8.56 Mg3.16 Ti12.28 O32,Li8.56 Mg3.16 Ti12.28 O32,56,0,0.0,spacegroup,random,0,0,,2,1x2x1,0.05499999999999999,0.01750000000000001,False,2.7755575615628914e-17,0.003928571428571448,0.00392857142857142,True,,7,1,112,Li17 Mg6 Ti25 O64,mattersim,True,True,31,15.723816227997304,-873.235595703125,-7.796746390206473,/root/Mattergen/results/obelix_random10_321/cifs/jl4_ordered.cif
joc,/root/Mattergen/OBELIX/cifs/joc.cif,ok,0,,Li6 P2 S8,Li6 P2 S7.82,Li6 P2 S7.82,16,0,0.0,spacegroup,random,0,0,,1,1x1x1,0.030000000000000027,0.013333333333333345,True,0.005689001264222504,0.0,0.0,True,,0,1,16,Li6 P2 S8,mattersim,True,True,23,3.3279779569929815,-70.30221557617188,-4.393888473510742,/root/Mattergen/results/obelix_random10_321/cifs/joc_ordered.cif
jqc,/root/Mattergen/OBELIX/cifs/jqc.cif,ok,0,,Li7 Bi1 O6,Li7 Bi1 O6,Li7 Bi1 O6,15,0,0.0,spacegroup,random,0,0,,3,3x1x1,0.04166666666666666,0.027777777777777762,True,0.0,0.012195121951219523,0.012195121951219523,True,,9,1,41,Li20 Bi3 O18,mattersim,True,True,27,14.63696852800058,-206.7677001953125,-5.043114638910061,/root/Mattergen/results/obelix_random10_321/cifs/jqc_ordered.cif
jy6,/root/Mattergen/OBELIX/cifs/jy6.cif,copied_ordered,0,,Li24 P4 Cl4 O20,Li6 P1 Cl1 O5,Li6 P1 Cl1 O5,13,0,0.0,,,0,0,,,,,,,0.0,0.0,0.0,True,,,,13,Li6 P1 Cl1 O5,mattersim,False,,,,,,/root/Mattergen/results/obelix_random10_321/cifs/jy6_ordered.cif
k4x,/root/Mattergen/OBELIX/cifs/k4x.cif,ok,0,,Li20.7 Si2.7 P3.3 S24,Li20.708 Si2.7 P3.3 S24,Li20.708 Si2.7 P3.3 S24,62,0,0.0,spacegroup,random,0,0,,2,1x2x1,0.050000000000000044,0.022892857142857152,True,9.335268223270576e-05,0.004234830026685232,0.004226428285284287,True,,1,1,102,Li42 Si5 P7 S48,mattersim,True,True,105,30.445357668002544,-446.8824157714844,-4.3812001546223955,/root/Mattergen/results/obelix_random10_321/cifs/k4x_ordered.cif
ka6,/root/Mattergen/OBELIX/cifs/ka6.cif,ok,0,,Li40 La24 Ta16 O96,Li20.016 La12 Ta8 O48,Li20.016 La12 Ta8 O48,152,0,0.0,spacegroup,random,0,0,,1,1x1x1,0.031333333333333324,0.010333333333333326,True,0.0001404703277091135,0.0,0.0,True,,4,1,88,Li20 La12 Ta8 O48,mattersim,True,True,53,19.169756331997633,-681.351318359375,-7.742628617720171,/root/Mattergen/results/obelix_random10_321/cifs/ka6_ordered.cif
kab,/root/Mattergen/OBELIX/cifs/kab.cif,ok,0,,Li7.8 Ti10.2 Al1.8 P18 O72,Li2.6 Ti3.4 Al0.6 P6 O24,Li2.6 Ti3.4 Al0.6 P6 O24,48,0,0.0,spacegroup,random,0,0,,2,1x2x1,0.025000000000000022,0.008333333333333345,True,4.163336342344337e-17,0.002994236095516134,0.00299423609551612,True,,4,1,73,Li5 Ti7 Al1 P12 O48,mattersim,True,True,45,18.731218136999814,-556.6333618164062,-7.625114545430223,/root/Mattergen/results/obelix_random10_321/cifs/kab_ordered.cif
kbo,/root/Mattergen/OBELIX/cifs/kbo.cif,copied_ordered,0,,Sr8 Li8 Al4 P12 O48,Sr8 Li8 Al4 P12 O48,Sr8 Li8 Al4 P12 O48,80,0,0.0,,,0,0,,,,,,,0.0,0.0,0.0,True,,,,80,Sr8 Li8 Al4 P12 O48,mattersim,False,,,,,,/root/Mattergen/results/obelix_random10_321/cifs/kbo_ordered.cif
kbq,/root/Mattergen/OBELIX/cifs/kbq.cif,ok,0,,Li40 La24 Bi16 O96,Li19.98 La12 Bi8 O48,Li19.98 La12 Bi8 O48,128,0,0.0,spacegroup,random,0,0,,1,1x1x1,0.04033333333333333,0.014285714285714271,True,0.00017565975738292883,0.0,0.0,True,,4,1,88,Li20 La12 Bi8 O48,mattersim,True,True,62,21.083694774999458,-557.7826538085938,-6.338439247824929,/root/Mattergen/results/obelix_random10_321/cifs/kbq_ordered.cif
kbu,/root/Mattergen/OBELIX/cifs/kbu.cif,ok,0,,Li45.6 La24 Sm2.8 Ta13.2 O96,Li22.848 La12 Sm1.4 Ta6.6 O48,Li22.848 La12 Sm1.4 Ta6.6 O48,152,0,0.0,spacegroup,random,0,0,,1,1x1x1,0.050000000000000044,0.017100000000000014,True,0.0003956844021208994,0.006656877141458656,0.0062611927393377564,True,,6,1,90,Li22 La12 Sm1 Ta7 O48,mattersim,True,True,76,28.242802228000073,-679.7588500976562,-7.552876112196181,/root/Mattergen/results/obelix_random10_321/cifs/kbu_ordered.cif
kfp,/root/Mattergen/OBELIX/cifs/kfp.cif,copied_ordered,0,,Ba8 Li16 P16 O56,Ba4 Li8 P8 O28,Ba4 Li8 P8 O28,48,0,0.0,,,0,0,,,,,,,0.0,0.0,0.0,True,,,,48,Ba4 Li8 P8 O28,mattersim,False,,,,,,/root/Mattergen/results/obelix_random10_321/cifs/kfp_ordered.cif
kgl,/root/Mattergen/OBELIX/cifs/kgl.cif,ok,0,,Li24 P4 S20 Br1 Cl3,Li6 P1 S4.99958242 Br0.24985215 Cl0.74956543,Li6 P1 S4.99958242 Br0.24985215 Cl0.74956543,19,0,0.0,spacegroup,random,0,0,,7,7x1x1,0.040857142857142856,0.009426573426573444,True,3.550568978683e-05,0.0027472527472527514,0.0027373580339193106,True,,6,1,91,Li42 P7 S35 Br2 Cl5,mattersim,True,True,91,24.241647204995388,-375.9370422363281,-4.131176288311298,/root/Mattergen/results/obelix_random10_321/cifs/kgl_ordered.cif
kh3,/root/Mattergen/OBELIX/cifs/kh3.cif,ok,0,,Li52 La24 Zr12 Ta4 O96,Li25.248 La12 Zr6 Ta2 O48,Li25.248 La12 Zr6 Ta2 O48,164,0,0.0,spacegroup,random,0,0,,1,1x1x1,0.005333333333333301,0.0013749999999999908,True,0.005833905284831631,0.007778540379775822,0.0019446350949441915,True,,6,1,93,Li25 La12 Zr6 Ta2 O48,mattersim,True,True,81,30.024543586994696,-680.316162109375,-7.315227549563172,/root/Mattergen/results/obelix_random10_321/cifs/kh3_ordered.cif
kji,/root/Mattergen/OBELIX/cifs/kji.cif,ok,0,,Li51.2 La24 Zr11.2 Ta4.8 O96,Li25.584 La12 Zr5.6 Ta2.4 O48,Li25.584 La12 Zr5.6 Ta2.4 O48,128,0,0.0,spacegroup,random,0,0,,1,1x1x1,0.050000000000000044,0.022833333333333337,True,0.00012420853590294767,0.00436442989634479,0.004360046065665868,True,,1,1,94,Li26 La12 Zr6 Ta2 O48,mattersim,True,True,98,36.52992134300439,-684.3784790039062,-7.2806221170628325,/root/Mattergen/results/obelix_random10_321/cifs/kji_ordered.cif
kkn,/root/Mattergen/OBELIX/cifs/kkn.cif,ok,0,,Li24 Br12 N4,Li6 Br3 N1,Li6 Br3 N1,28,0,0.0,spacegroup,random,0,0,,1,1x1x1,0.0,0.0,True,0.0,0.0,0.0,True,,3,1,10,Li6 Br3 N1,mattersim,True,True,32,8.269935917996918,-35.574275970458984,-3.5574275970458986,/root/Mattergen/results/obelix_random10_321/cifs/kkn_ordered.cif
kko,/root/Mattergen/OBELIX/cifs/kko.cif,ok,0,,Li20 Sn2 P4 S24,Li20.08 Sn2 P4 S24,Li20.08 Sn2 P4 S24,70,0,0.0,spacegroup+split_site_pairs,random,8,0,Li,2,1x2x1,0.010000000000000009,0.0015178571428571422,True,0.0009584664536740339,0.0,0.0,True,,7,1,100,Li40 Sn4 P8 S48,mattersim,True,True,51,15.466754426000989,-427.805419921875,-4.27805419921875,/root/Mattergen/results/obelix_random10_321/cifs/kko_ordered.cif
klr,/root/Mattergen/OBELIX/cifs/klr.cif,ok,0,,Li16 Sn4 Se8 S8,Li16 Sn4 Se8.092 S7.908,Li16 Sn4 Se8.092 S7.908,40,0,0.0,spacegroup+split_site_pairs,random,4,0,Li,2,2x1x1,0.020500000000000018,0.004529411764705883,True,0.0025555555555555887,0.0,0.0,True,,4,1,72,Li32 Sn8 Se16 S16,mattersim,True,True,27,6.210965651996958,-286.5338439941406,-3.979636722140842,/root/Mattergen/results/obelix_random10_321/cifs/klr_ordered.cif
kmv,/root/Mattergen/OBELIX/cifs/kmv.cif,ok,0,,Li16 Sn4 S16,Li16 Sn4 S16,Li16 Sn4 S16,48,0,0.0,spacegroup,random,0,0,,1,1x1x1,0.0,0.0,True,0.0,0.0,0.0,True,,5,1,36,Li16 Sn4 S16,mattersim,True,True,20,7.279034150000371,-149.79531860351562,-4.160981072319879,/root/Mattergen/results/obelix_random10_321/cifs/kmv_ordered.cif
kop,/root/Mattergen/OBELIX/cifs/kop.cif,ok,0,,Li20 Sn0.66 Ge1.32 P4 S24,Li20.064 Sn0.64372 Ge1.35628 P4 S24,Li20.064 Sn0.64372 Ge1.35628 P4 S24,70,0,0.0,spacegroup,random,0,0,,2,1x2x1,0.03593000000000002,0.01391857142857143,True,0.0008056914040784346,0.006220670086216296,0.005613715895143867,True,,1,1,99,Li39 Sn1 Ge3 P8 S48,mattersim,True,True,88,25.602646446001017,-426.3240051269531,-4.3063030820904356,/root/Mattergen/results/obelix_random10_321/cifs/kop_ordered.cif
ku9,/root/Mattergen/OBELIX/cifs/ku9.cif,ok,0,,Na0.1 Li0.4 La0.5 Nb2 O6,Na0.1 Li0.4 La0.5 Nb2 O6,Na0.1 Li0.4 La0.5 Nb2 O6,9,0,0.0,spacegroup,random,0,0,,8,4x2x1,0.025000000000000022,0.006250000000000002,True,0.0,0.002777777777777782,0.002777777777777782,True,,9,1,72,Na1 Li3 La4 Nb16 O48,mattersim,True,True,58,21.262818141003663,-617.5570068359375,-8.577180650499132,/root/Mattergen/results/obelix_random10_321/cifs/ku9_ordered.cif
kxw,/root/Mattergen/OBELIX/cifs/kxw.cif,copied_ordered,0,,Li18 Al18 Ge18 O72,Li6 Al6 Ge6 O24,Li6 Al6 Ge6 O24,42,0,0.0,,,0,0,,,,,,,0.0,0.0,0.0,True,,,,42,Li6 Al6 Ge6 O24,mattersim,False,,,,,,/root/Mattergen/results/obelix_random10_321/cifs/kxw_ordered.cif
l2w,/root/Mattergen/OBELIX/cifs/l2w.cif,ok,0,,Li3.33 Mg0.33 P2 S6,Li3.3332 Mg0.3334 P2 S6,Li3.3332 Mg0.3334 P2 S6,14,0,0.0,spacegroup+split_site_pairs,random,2,0,P,3,1x3x1,3.333333333332966e-05,1.4814814814810099e-05,True,0.0002911067847611859,0.0002940455770644723,9.795974344306568e-06,True,,7,1,35,Li10 Mg1 P6 S18,mattersim,True,True,15,4.140283316002751,-154.42190551757812,-4.412054443359375,/root/Mattergen/results/obelix_random10_321/cifs/l2w_ordered.cif
l6h,/root/Mattergen/OBELIX/cifs/l6h.cif,ok,0,,Li49.6 La24 Zr14.4 Ta1.6 Al1.6 O96,Li25.584 La12 Zr7.2 Ta0.8 Al0.816 O48,Li25.584 La12 Zr7.2 Ta0.8 Al0.768 O48,128,12,0.048000000000000015,spacegroup,random,0,0,,1,1x1x1,0.02533333333333332,0.01248148148148147,True,0.0060596841952773595,0.002454991816693952,0.00201885704950977,True,,8,1,94,Li25 La12 Zr7 Ta1 Al1 O48,mattersim,True,True,82,31.178553024001303,-684.0377197265625,-7.276997018367686,/root/Mattergen/results/obelix_random10_321/cifs/l6h_ordered.cif
l9r,/root/Mattergen/OBELIX/cifs/l9r.cif,ok,0,,Li48 Ca8 La16 Ta16 O96,Li24 Ca3.9996 La8.0004 Ta8 O48,Li24 Ca3.9996 La8.0004 Ta8 O48,104,0,0.0,spacegroup,random,0,0,,1,1x1x1,0.03733333333333333,0.014008333333333317,True,4.347826086957551e-06,0.0,0.0,True,,2,1,92,Li24 Ca4 La8 Ta8 O48,mattersim,True,True,69,27.370682268003293,-677.5885009765625,-7.365092401919157,/root/Mattergen/results/obelix_random10_321/cifs/l9r_ordered.cif
l9v,/root/Mattergen/OBELIX/cifs/l9v.cif,copied_ordered,0,,Li36 Al12 F72,Li18 Al6 F36,Li18 Al6 F36,60,0,0.0,,,0,0,,,,,,,0.0,0.0,0.0,True,,,,60,Li18 Al6 F36,mattersim,False,,,,,,/root/Mattergen/results/obelix_random10_321/cifs/l9v_ordered.cif
lap,/root/Mattergen/OBELIX/cifs/lap.cif,ok,0,,Li7.8 Ti10.2 Al1.8 P18 O72,Li2.6 Ti3.4 Al0.6 P6 O24,Li2.6 Ti3.4 Al0.6 P6 O24,48,0,0.0,spacegroup,random,0,0,,2,1x2x1,0.025000000000000022,0.008333333333333345,True,4.163336342344337e-17,0.002994236095516134,0.00299423609551612,True,,9,1,73,Li5 Ti7 Al1 P12 O48,mattersim,True,True,37,9.286394718998054,-556.677978515625,-7.6257257330907535,/root/Mattergen/results/obelix_random10_321/cifs/lap_ordered.cif
ldx,/root/Mattergen/OBELIX/cifs/ldx.cif,copied_ordered,0,,Li6 Ge12 P18 O72,Li2 Ge4 P6 O24,Li2 Ge4 P6 O24,36,0,0.0,,,0,0,,,,,,,0.0,0.0,0.0,True,,,,36,Li2 Ge4 P6 O24,mattersim,False,,,,,,/root/Mattergen/results/obelix_random10_321/cifs/ldx_ordered.cif
lk8,/root/Mattergen/OBELIX/cifs/lk8.cif,approximation_warning,0,Occupancy error 0.052857 exceeds tolerance 0.050000,Li0.45 La0.55 Ti0.9 Al0.1 O3,Li0.442 La0.558 Ti0.909 Al0.09 O3,Li0.442 La0.558 Ti0.909 Al0.09 O3,5,0,0.0,spacegroup,random,0,0,,7,7x1x1,0.05285714285714285,0.0220952380952381,False,0.0019963992798559746,0.00857142857142857,0.006735061297973882,True,,1,1,35,Li3 La4 Ti6 Al1 O21,mattersim,True,True,49,24.442271520994836,-286.7767333984375,-8.193620954241071,/root/Mattergen/results/obelix_random10_321/cifs/lk8_ordered.cif
lkm,/root/Mattergen/OBELIX/cifs/lkm.cif,copied_ordered,0,,Li24 Ge8 O28,Li24 Ge8 O28,Li24 Ge8 O28,60,0,0.0,,,0,0,,,,,,,0.0,0.0,0.0,True,,,,60,Li24 Ge8 O28,mattersim,False,,,,,,/root/Mattergen/results/obelix_random10_321/cifs/lkm_ordered.cif
lol,/root/Mattergen/OBELIX/cifs/lol.cif,ok,0,,Li8 P2 S8 I2,Li8.23396 P2 S8 I2,Li8.23396 P2 S8 I2,36,0,0.0,spacegroup,random,0,0,,5,5x1x1,0.02362999999999993,0.010735384615384608,True,0.006937643446957464,0.0117647058823529,0.004827062435395435,True,,4,1,102,Li42 P10 S40 I10,mattersim,True,True,56,13.864361240004655,-411.34552001953125,-4.032799215877757,/root/Mattergen/results/obelix_random10_321/cifs/lol_ordered.cif
lpt,/root/Mattergen/OBELIX/cifs/lpt.cif,ok,0,,Li32 Nd24 Sb8 Te8 O96,Li16.02 Nd12 Sb4 Te4 O48,Li16.02 Nd12 Sb4 Te4 O48,128,0,0.0,spacegroup,random,0,0,,1,1x1x1,0.013000000000000012,0.0041666666666666605,True,0.00019269788372386354,0.0,0.0,True,,9,1,84,Li16 Nd12 Sb4 Te4 O48,mattersim,True,True,37,15.006465229998867,-551.259033203125,-6.562607538132441,/root/Mattergen/results/obelix_random10_321/cifs/lpt_ordered.cif
lpx,/root/Mattergen/OBELIX/cifs/lpx.cif,ok,0,,Li6.9 Y0.9 Zr11.1 P18 O72,Li2.277 Y0.3 Zr3.696 P6 O24,Li2.277 Y0.3 Zr3.696 P6 O24,52,0,0.0,spacegroup,random,0,0,,2,1x2x1,0.05,0.014000000000000007,True,0.0005869174371666702,0.006037963696743268,0.006003559763120558,True,,7,1,73,Li5 Y1 Zr7 P12 O48,mattersim,True,True,64,24.997773029004748,-574.6140747070312,-7.871425680918236,/root/Mattergen/results/obelix_random10_321/cifs/lpx_ordered.cif
lrh,/root/Mattergen/OBELIX/cifs/lrh.cif,ok,0,,Li10 V8 P12 O48,Li10 V8 P12 O48,Li10 V8 P12 O48,80,0,0.0,spacegroup,random,0,0,,1,1x1x1,0.040000000000000036,0.007272727272727279,True,0.0,0.0,0.0,True,,0,1,78,Li10 V8 P12 O48,mattersim,True,True,59,24.833601753001858,-557.3861083984375,-7.145975748697917,/root/Mattergen/results/obelix_random10_321/cifs/lrh_ordered.cif
lud,/root/Mattergen/OBELIX/cifs/lud.cif,ok,0,,Li0.4 La0.6 Ti0.8 Al0.2 O3,Li0.358 La0.642 Ti0.87 Al0.129 O3,Li0.358 La0.642 Ti0.87 Al0.129 O3,5,0,0.0,spacegroup,random,0,0,,6,1x3x2,0.037666666666666654,0.02077777777777776,True,0.014194838967793562,0.013333333333333336,0.004947656197906242,True,,0,1,30,Li2 La4 Ti5 Al1 O18,mattersim,True,True,41,14.349612478996278,-248.7775115966797,-8.292583719889324,/root/Mattergen/results/obelix_random10_321/cifs/lud_ordered.cif
m0v,/root/Mattergen/OBELIX/cifs/m0v.cif,ok,0,,Li10.72 Ti13.28 O32,Li2.68 Ti3.32 O8,Li2.68 Ti3.32 O8,14,0,0.0,spacegroup,random,0,0,,2,1x2x1,0.04500000000000004,0.022500000000000013,True,2.7755575615628914e-17,0.012857142857142873,0.012857142857142873,True,,1,1,28,Li5 Ti7 O16,mattersim,True,True,21,4.353759625999373,-223.1386260986328,-7.969236646379743,/root/Mattergen/results/obelix_random10_321/cifs/m0v_ordered.cif
mde,/root/Mattergen/OBELIX/cifs/mde.cif,copied_ordered,0,,Li4 B24 O36 F4,Li4 B24 O36 F4,Li4 B24 O36 F4,68,0,0.0,,,0,0,,,,,,,0.0,0.0,0.0,True,,,,68,Li4 B24 O36 F4,mattersim,False,,,,,,/root/Mattergen/results/obelix_random10_321/cifs/mde_ordered.cif
mdp,/root/Mattergen/OBELIX/cifs/mdp.cif,copied_ordered,0,,Li14 P6 S22,Li14 P6 S22,Li14 P6 S22,42,0,0.0,,,0,0,,,,,,,0.0,0.0,0.0,True,,,,42,Li14 P6 S22,mattersim,False,,,,,,/root/Mattergen/results/obelix_random10_321/cifs/mdp_ordered.cif
me3,/root/Mattergen/OBELIX/cifs/me3.cif,ok,0,,Sr0.4 Li4 La3.6 O8,Sr0.4008 Li4 La3.5992 O8,Sr0.4008 Li4 La3.5992 O8,16,0,0.0,spacegroup,random,0,0,,2,2x1x1,0.024800000000000044,0.009920000000000009,True,4.999999999999796e-05,0.0062500000000000056,0.006200000000000011,True,,0,1,32,Sr1 Li8 La7 O16,mattersim,True,True,22,4.212326840002788,-219.00836181640625,-6.844011306762695,/root/Mattergen/results/obelix_random10_321/cifs/me3_ordered.cif
mfs,/root/Mattergen/OBELIX/cifs/mfs.cif,ok,0,,Li8 Zn4 Ge12 O32,Li8 Zn4 Ge12 O32,Li8 Zn4 Ge12 O32,56,0,0.0,spacegroup,random,0,0,,1,1x1x1,0.0,0.0,True,0.0,0.0,0.0,True,,6,1,56,Li8 Zn4 Ge12 O32,mattersim,True,True,20,8.838341144000879,-332.28564453125,-5.933672223772321,/root/Mattergen/results/obelix_random10_321/cifs/mfs_ordered.cif
mfu,/root/Mattergen/OBELIX/cifs/mfu.cif,approximation_warning,0,Occupancy error 0.083300 exceeds tolerance 0.050000,Li12 Fe4 Mo12 O48,Li12.0004 Fe3.9996 Mo12 O48,Li12.0004 Fe3.9996 Mo12 O48,76,0,0.0,spacegroup,random,0,0,,1,1x1x1,0.08330000000000004,0.017857142857142856,False,5.263157894758175e-06,0.0,0.0,True,,8,1,76,Li12 Fe4 Mo12 O48,mattersim,True,True,40,14.812948917999165,-502.2966613769531,-6.6091665970651725,/root/Mattergen/results/obelix_random10_321/cifs/mfu_ordered.cif
mg4,/root/Mattergen/OBELIX/cifs/mg4.cif,ok,0,,Li7.8 Ti10.2 Al1.8 P18 O72,Li2 Ti3.4 Al0.6 P6 O24,Li2 Ti3.4 Al0.6 P6 O24,36,0,0.0,spacegroup,random,0,0,,2,1x2x1,0.025000000000000022,0.008333333333333337,True,0.015482695810564662,0.015482695810564662,0.002777777777777782,True,,0,1,72,Li4 Ti7 Al1 P12 O48,mattersim,True,True,39,9.163609866001934,-551.2820434570312,-7.656695048014323,/root/Mattergen/results/obelix_random10_321/cifs/mg4_ordered.cif
mn3,/root/Mattergen/OBELIX/cifs/mn3.cif,ok,0,,Li16 Sn4 Se16,Li16 Sn4 Se16,Li16 Sn4 Se16,40,0,0.0,spacegroup+split_site_pairs,random,4,0,Li,1,1x1x1,0.0,0.0,True,0.0,0.0,0.0,True,,0,1,36,Li16 Sn4 Se16,mattersim,True,True,17,4.252686482999707,-136.63352966308594,-3.7953758239746094,/root/Mattergen/results/obelix_random10_321/cifs/mn3_ordered.cif
mq1,/root/Mattergen/OBELIX/cifs/mq1.cif,copied_ordered,0,,Li6 Sb2 S8,Li6 Sb2 S8,Li6 Sb2 S8,16,0,0.0,,,0,0,,,,,,,0.0,0.0,0.0,True,,,,16,Li6 Sb2 S8,mattersim,False,,,,,,/root/Mattergen/results/obelix_random10_321/cifs/mq1_ordered.cif
mtn,/root/Mattergen/OBELIX/cifs/mtn.cif,approximation_warning,0,Occupancy error 0.055000 exceeds tolerance 0.050000,Li20 Ge2 P4 S24,Li20 Ge2 P4 S24,Li20 Ge2 P4 S24,66,0,0.0,spacegroup+split_site_pairs,random,4,0,Li,2,1x2x1,0.05500000000000005,0.02200000000000002,False,0.0,0.0060606060606061,0.0060606060606061,True,,4,1,99,Li39 Ge4 P8 S48,mattersim,True,True,87,23.643781867001962,-426.19207763671875,-4.3049704811789775,/root/Mattergen/results/obelix_random10_321/cifs/mtn_ordered.cif
mtr,/root/Mattergen/OBELIX/cifs/mtr.cif,approximation_warning,0,Occupancy error 0.083333 exceeds tolerance 0.050000,Li45.44 La23.6 Zr16 Fe1.28 O96,Li22.6884 La11.784 Zr8 Fe0.642 O48,Li22.6884 La11.784 Zr8 Fe0.642 O48,104,0,0.0,spacegroup,random,0,0,,1,1x1x1,0.08333333333333334,0.03052820512820512,False,0.0002635207051204791,0.007473877592350603,0.007251793977053667,True,,6,1,91,Li22 La12 Zr8 Fe1 O48,mattersim,True,True,71,26.452920982999785,-668.0663452148438,-7.341388408954327,/root/Mattergen/results/obelix_random10_321/cifs/mtr_ordered.cif
my9,/root/Mattergen/OBELIX/cifs/my9.cif,ok,0,,Li7.2 Ti10.8 Al1.2 P18 O72,Li7.332 Ti10.7712 Al1.2276 P18 O72,Li7.332 Ti10.7712 Al1.2276 P18 O72,144,0,0.0,species_signature_fallback,random,0,0,,1,1x1x1,0.019066666666666676,0.007072222222222225,True,0.0011284635635687434,0.0020163322915616455,0.0016345893267588202,True,,2,1,109,Li7 Ti11 Al1 P18 O72,mattersim,True,True,40,14.91659023599641,-835.1173706054688,-7.661627253261181,/root/Mattergen/results/obelix_random10_321/cifs/my9_ordered.cif
n27,/root/Mattergen/OBELIX/cifs/n27.cif,copied_ordered,0,,Li4 B4 O8,Li4 B4 O8,Li4 B4 O8,16,0,0.0,,,0,0,,,,,,,0.0,0.0,0.0,True,,,,16,Li4 B4 O8,mattersim,False,,,,,,/root/Mattergen/results/obelix_random10_321/cifs/n27_ordered.cif
na5,/root/Mattergen/OBELIX/cifs/na5.cif,approximation_warning,0,Occupancy error 0.150000 exceeds tolerance 0.050000,Li6 Mo16 H94 W2 S16 O80,Li3 Mo8 H47 W1 S8 O39.98,Li3 Mo8 H47 W1 S8 O39.98,161,0,0.0,spacegroup+split_site_pairs,random,15,0,"H,W",1,1x1x1,0.15000000000000002,0.025116279069767454,False,0.00011706267046163177,0.0,0.0,True,,8,1,107,Li3 Mo8 H47 W1 S8 O40,mattersim,True,True,117,49.193303854997794,-574.8941650390625,-5.372842663916472,/root/Mattergen/results/obelix_random10_321/cifs/na5_ordered.cif
ner,/root/Mattergen/OBELIX/cifs/ner.cif,ok,0,,Ba8 Li48 La16 Ta16 O96,Ba3.9996 Li24.0 La8.0004 Ta8 O48,Ba3.9996 Li24.0 La8.0004 Ta8 O48,128,0,0.0,spacegroup,random,0,0,,1,1x1x1,0.016666666666666663,0.005216666666666661,True,4.3478260869506125e-06,0.0,0.0,True,,1,1,92,Ba4 Li24 La8 Ta8 O48,mattersim,True,True,134,48.99354653699993,-674.5405883789062,-7.331962917162024,/root/Mattergen/results/obelix_random10_321/cifs/ner_ordered.cif
nhq,/root/Mattergen/OBELIX/cifs/nhq.cif,ok,0,,Li12 P4 S16,Li12 P4 S16,Li12 P4 S16,36,0,0.0,spacegroup,random,0,0,,1,1x1x1,0.050000000000000044,0.022222222222222237,True,0.0,0.0,0.0,True,,0,1,32,Li12 P4 S16,mattersim,True,True,39,8.217896073998418,-139.72264099121094,-4.366332530975342,/root/Mattergen/results/obelix_random10_321/cifs/nhq_ordered.cif
nig,/root/Mattergen/OBELIX/cifs/nig.cif,ok,0,,Li24 P4 S20 Br4,Li6.006 P1 S5 Br1,Li6.006 P1 S5 Br1,25,0,0.0,spacegroup+split_site_clusters,random,0,6,Li,4,1x2x2,0.006000000000000005,0.0016875000000000015,True,0.0002484060611078198,0.0,0.0,True,,8,1,52,Li24 P4 S20 Br4,mattersim,True,True,61,13.009441649999644,-213.73251342773438,-4.110240642841045,/root/Mattergen/results/obelix_random10_321/cifs/nig_ordered.cif
nip,/root/Mattergen/OBELIX/cifs/nip.cif,approximation_warning,0,Occupancy error 0.053000 exceeds tolerance 0.050000,Li19.62 Sn1.62 P4.38 S24,Li19.616 Sn1.62 P4.38 S24,Li19.616 Sn1.62 P4.38 S24,62,0,0.0,spacegroup,random,0,0,,2,1x2x1,0.05300000000000005,0.018321428571428582,False,4.8741931748030876e-05,0.0026382323843025246,0.002631116062267305,True,,7,1,99,Li39 Sn3 P9 S48,mattersim,True,True,51,13.397678751003696,-425.2595520019531,-4.295551030322759,/root/Mattergen/results/obelix_random10_321/cifs/nip_ordered.cif
nua,/root/Mattergen/OBELIX/cifs/nua.cif,copied_ordered,0,,Li2 La2 Ti2 O8,Li2 La2 Ti2 O8,Li2 La2 Ti2 O8,14,0,0.0,,,0,0,,,,,,,0.0,0.0,0.0,True,,,,14,Li2 La2 Ti2 O8,mattersim,False,,,,,,/root/Mattergen/results/obelix_random10_321/cifs/nua_ordered.cif
o0a,/root/Mattergen/OBELIX/cifs/o0a.cif,ok,0,,Li16 Sn1 Ge3 Se16,Li16 Sn0.968 Ge3.032 Se16,Li16 Sn0.968 Ge3.032 Se16,48,0,0.0,spacegroup+split_site_pairs,random,12,0,Li,1,1x1x1,0.008000000000000007,0.0005333333333333338,True,0.0008888888888888974,0.0,0.0,True,,2,1,36,Li16 Sn1 Ge3 Se16,mattersim,True,True,25,7.509010620997287,-137.74948120117188,-3.82637447781033,/root/Mattergen/results/obelix_random10_321/cifs/o0a_ordered.cif
o5q,/root/Mattergen/OBELIX/cifs/o5q.cif,ok,0,,Li54.4 La24 Zr14.4 Ta1.6 O96,Li27.216 La12 Zr7.2 Ta0.8 O48,Li27.216 La12 Zr7.2 Ta0.8 O48,128,0,0.0,spacegroup,random,0,0,,1,1x1x1,0.040000000000000036,0.01783333333333335,True,0.00012002784646047981,0.005952380952380987,0.005832353105920507,True,,7,1,96,Li28 La12 Zr7 Ta1 O48,mattersim,True,True,71,28.394007766997674,-687.7901000976562,-7.164480209350586,/root/Mattergen/results/obelix_random10_321/cifs/o5q_ordered.cif
o9h,/root/Mattergen/OBELIX/cifs/o9h.cif,approximation_warning,0,Occupancy error 0.055000 exceeds tolerance 0.050000,Na0.43 Li0.07 La0.5 Nb2 O6,Na0.43 Li0.07 La0.5 Nb2 O6,Na0.43 Li0.07 La0.5 Nb2 O6,9,0,0.0,spacegroup,random,0,0,,8,4x2x1,0.05499999999999999,0.013749999999999998,False,0.0,0.006111111111111116,0.006111111111111116,True,,3,1,72,Na3 Li1 La4 Nb16 O48,mattersim,True,True,54,22.692408206996333,-615.4441528320312,-8.547835456000435,/root/Mattergen/results/obelix_random10_321/cifs/o9h_ordered.cif
ob9,/root/Mattergen/OBELIX/cifs/ob9.cif,ok,0,,Li2.67 Mg0.67 P2 S6,Li2.6668 Mg0.6666 P2 S6,Li2.6668 Mg0.6666 P2 S6,14,0,0.0,spacegroup+split_site_pairs,random,2,0,P,3,1x3x1,3.333333333332966e-05,1.4814814814807015e-05,True,0.0003081214368207963,0.0003112356053532883,1.0380561775241715e-05,True,,3,1,34,Li8 Mg2 P6 S18,mattersim,True,True,19,6.865626933002204,-152.44100952148438,-4.48355910357307,/root/Mattergen/results/obelix_random10_321/cifs/ob9_ordered.cif
oi6,/root/Mattergen/OBELIX/cifs/oi6.cif,ok,0,,Li7 Sb1 O6,Li7 Sb1 O6,Li7 Sb1 O6,15,0,0.0,spacegroup,random,0,0,,3,3x1x1,0.04166666666666666,0.027777777777777762,True,0.0,0.012195121951219523,0.012195121951219523,True,,3,1,41,Li20 Sb3 O18,mattersim,True,True,37,25.97344553199946,-215.5694122314453,-5.2577905422303735,/root/Mattergen/results/obelix_random10_321/cifs/oi6_ordered.cif
opo,/root/Mattergen/OBELIX/cifs/opo.cif,ok,0,,Li4.8 Sn4.8 S12,Li2.523 Sn2.369 S6,Li2.523 Sn2.369 S6,14,0,0.0,spacegroup,random,0,0,,6,3x2x1,0.041666666666666685,0.023230769230769235,True,0.00941567715346639,0.02020202020202022,0.010786343048553831,True,,9,1,66,Li16 Sn14 S36,mattersim,True,True,28,7.220390871996642,-279.74627685546875,-4.238579952355587,/root/Mattergen/results/obelix_random10_321/cifs/opo_ordered.cif
ozo,/root/Mattergen/OBELIX/cifs/ozo.cif,ok,0,,Na0.3 Li0.2 La0.5 Nb2 O6,Na0.3 Li0.2 La0.5 Nb2 O6,Na0.3 Li0.2 La0.5 Nb2 O6,9,0,0.0,spacegroup,random,0,0,,4,2x2x1,0.04999999999999999,0.012499999999999997,True,0.0,0.005555555555555557,0.005555555555555557,True,,1,1,36,Na1 Li1 La2 Nb8 O24,mattersim,True,True,39,8.68535575200076,-307.3735656738281,-8.538154602050781,/root/Mattergen/results/obelix_random10_321/cifs/ozo_ordered.cif
p81,/root/Mattergen/OBELIX/cifs/p81.cif,copied_ordered,0,,Li4 Al4 Cl16,Li4 Al4 Cl16,Li4 Al4 Cl16,24,0,0.0,,,0,0,,,,,,,0.0,0.0,0.0,True,,,,24,Li4 Al4 Cl16,mattersim,False,,,,,,/root/Mattergen/results/obelix_random10_321/cifs/p81_ordered.cif
p9u,/root/Mattergen/OBELIX/cifs/p9u.cif,ok,0,,Li24 P4 S20 I4,Li6.006 P1 S5 I1,Li6.006 P1 S5 I1,25,0,0.0,spacegroup+split_site_clusters,random,0,6,Li,2,1x2x1,0.031,0.007833333333333336,True,0.00024840606110787533,0.0,0.0,True,,3,1,26,Li12 P2 S10 I2,mattersim,True,True,7,1.6838861349970102,-105.76226043701172,-4.0677792475773735,/root/Mattergen/results/obelix_random10_321/cifs/p9u_ordered.cif
pa1,/root/Mattergen/OBELIX/cifs/pa1.cif,ok,0,,Li26.4 Ge2.4 P1.6 S20 I4,Li6.6148 Ge0.6146 P0.3854 S5 I1,Li6.6148 Ge0.6146 P0.3854 S5 I1,41,0,0.0,spacegroup+split_site_clusters,random,0,6,Li,8,2x2x2,0.047900000000000054,0.01797820512820514,True,0.0011043345563392162,0.0018888289260658407,0.0007844943697266245,True,,9,1,109,Li53 Ge5 P3 S40 I8,mattersim,True,True,44,13.630149896001967,-435.0778503417969,-3.991539911392632,/root/Mattergen/results/obelix_random10_321/cifs/pa1_ordered.cif
pbz,/root/Mattergen/OBELIX/cifs/pbz.cif,ok,0,,Li15 V1 Ge3 O16,Li15.0 V1 Ge3 O16,Li15.0 V1 Ge3 O16,56,0,0.0,spacegroup+split_site_pairs,random,4,0,Li,1,1x1x1,0.0050000000000000044,0.0009523809523809532,True,1.1102230246251565e-16,0.0,0.0,True,,5,1,35,Li15 V1 Ge3 O16,mattersim,True,True,81,50.34242390500003,-198.94171142578125,-5.684048897879464,/root/Mattergen/results/obelix_random10_321/cifs/pbz_ordered.cif
pe2,/root/Mattergen/OBELIX/cifs/pe2.cif,ok,0,,Li17 Sb13 S28,Li8.5 Sb6.5 S14,Li8.5 Sb6.5 S14,33,0,0.0,spacegroup+split_site_pairs,random,4,0,Sb,2,2x1x1,0.0,0.0,True,0.0,0.0,0.0,True,,0,1,58,Li17 Sb13 S28,mattersim,True,True,27,6.121911981004814,-244.50794982910156,-4.215654307398303,/root/Mattergen/results/obelix_random10_321/cifs/pe2_ordered.cif
pg8,/root/Mattergen/OBELIX/cifs/pg8.cif,ok,0,,Li9 Ti9 Fe3 P18 O72,Li3.0 Ti3 Fe1 P6 O24,Li3.0 Ti3 Fe1 P6 O24,60,0,0.0,spacegroup,random,0,0,,3,1x1x3,0.013444444444444453,0.006303030303030288,True,2.7755575615628914e-17,0.0,0.0,True,,5,1,111,Li9 Ti9 Fe3 P18 O72,mattersim,True,True,153,61.67653410099592,-827.4515380859375,-7.454518361134572,/root/Mattergen/results/obelix_random10_321/cifs/pg8_ordered.cif
pql,/root/Mattergen/OBELIX/cifs/pql.cif,ok,0,,Li64 Si8 P32,Li64.00008 Si8 P32,Li64.00008 Si8 P32,124,0,0.0,spacegroup,random,0,0,,1,1x1x1,3.3333333333551707e-06,7.407407407455935e-07,True,2.9585776051277435e-07,0.0,0.0,True,,4,1,104,Li64 Si8 P32,mattersim,True,True,30,9.678729513994767,-405.01287841796875,-3.8943546001727762,/root/Mattergen/results/obelix_random10_321/cifs/pql_ordered.cif
pwr,/root/Mattergen/OBELIX/cifs/pwr.cif,ok,0,,Li7.22 Si1.5 P0.5 O8,Li7.222 Si1.5 P0.5 O8,Li7.222 Si1.5 P0.5 O8,28,0,0.0,spacegroup+split_site_pairs,random,6,0,Li,4,2x2x1,0.01100000000000001,0.0055714285714286,True,6.743933258795964e-05,0.0010099479876786166,0.000942508655090657,True,,0,1,69,Li29 Si6 P2 O32,mattersim,True,True,46,24.330487415994867,-419.9383239746094,-6.0860626662986865,/root/Mattergen/results/obelix_random10_321/cifs/pwr_ordered.cif
qa9,/root/Mattergen/OBELIX/cifs/qa9.cif,copied_ordered,0,,Li6 B2 N4,Li6 B2 N4,Li6 B2 N4,12,0,0.0,,,0,0,,,,,,,0.0,0.0,0.0,True,,,,12,Li6 B2 N4,mattersim,False,,,,,,/root/Mattergen/results/obelix_random10_321/cifs/qa9_ordered.cif
qbb,/root/Mattergen/OBELIX/cifs/qbb.cif,copied_ordered,0,,Li3 Br1 O1,Li3 Br1 O1,Li3 Br1 O1,5,0,0.0,,,0,0,,,,,,,0.0,0.0,0.0,True,,,,5,Li3 Br1 O1,mattersim,False,,,,,,/root/Mattergen/results/obelix_random10_321/cifs/qbb_ordered.cif
qer,/root/Mattergen/OBELIX/cifs/qer.cif,ok,0,,Li16 Sn2 Ge2 Se16,Li16 Sn2.044 Ge1.956 Se16,Li16 Sn2.044 Ge1.956 Se16,48,0,0.0,spacegroup+split_site_pairs,random,12,0,Li,1,1x1x1,0.01100000000000001,0.000733333333333334,True,0.0012222222222222287,0.0,0.0,True,,9,1,36,Li16 Sn2 Ge2 Se16,mattersim,True,True,22,4.315677168000548,-137.29185485839844,-3.813662634955512,/root/Mattergen/results/obelix_random10_321/cifs/qer_ordered.cif
qno,/root/Mattergen/OBELIX/cifs/qno.cif,ok,0,,Li6 Ti12 P18 O72,Li2 Ti4 P6 O24,Li2 Ti4 P6 O24,48,0,0.0,spacegroup,random,0,0,,3,3x1x1,0.016666666666666635,0.004861111111111098,True,0.0,0.0,0.0,True,,1,1,108,Li6 Ti12 P18 O72,mattersim,True,True,47,16.45065257800161,-834.52587890625,-7.727091471354167,/root/Mattergen/results/obelix_random10_321/cifs/qno_ordered.cif
qy4,/root/Mattergen/OBELIX/cifs/qy4.cif,copied_ordered,0,,Na20 Li12 Ti8 S32,Na10 Li6 Ti4 S16,Na10 Li6 Ti4 S16,36,0,0.0,,,0,0,,,,,,,0.0,0.0,0.0,True,,,,36,Na10 Li6 Ti4 S16,mattersim,False,,,,,,/root/Mattergen/results/obelix_random10_321/cifs/qy4_ordered.cif
r99,/root/Mattergen/OBELIX/cifs/r99.cif,ok,0,,Li0.56 La2.48 Mg2 W2 O12,Li0.56 La2.48 Mg2 W2 O12,Li0.56 La2.48 Mg2 W2 O12,20,0,0.0,spacegroup,random,0,0,,5,5x1x1,0.032000000000000056,0.010399999999999996,True,0.0,0.003936311366651929,0.003936311366651929,True,,2,1,95,Li3 La12 Mg10 W10 O60,mattersim,True,True,96,35.56637552000029,-704.5056762695312,-7.415849223889802,/root/Mattergen/results/obelix_random10_321/cifs/r99_ordered.cif
ro9,/root/Mattergen/OBELIX/cifs/ro9.cif,copied_ordered,0,,Li6 B2 P4 O16,Li6 B2 P4 O16,Li6 B2 P4 O16,28,0,0.0,,,0,0,,,,,,,0.0,0.0,0.0,True,,,,28,Li6 B2 P4 O16,mattersim,False,,,,,,/root/Mattergen/results/obelix_random10_321/cifs/ro9_ordered.cif
rr5,/root/Mattergen/OBELIX/cifs/rr5.cif,copied_ordered,0,,Li6 Ti12 P18 O72,Li2 Ti4 P6 O24,Li2 Ti4 P6 O24,36,0,0.0,,,0,0,,,,,,,0.0,0.0,0.0,True,,,,36,Li2 Ti4 P6 O24,mattersim,False,,,,,,/root/Mattergen/results/obelix_random10_321/cifs/rr5_ordered.cif
rty,/root/Mattergen/OBELIX/cifs/rty.cif,ok,0,,Li20 Sn1.32 Ge0.66 P4 S24,Li19.944 Sn1.31648 Ge0.68352 P4 S24,Li19.944 Sn1.31648 Ge0.68352 P4 S24,70,0,0.0,spacegroup,random,0,0,,2,1x2x1,0.045880000000000004,0.01259,True,0.0008328175095123069,0.0035894357743097224,0.0035379937655023626,True,,3,1,100,Li40 Sn3 Ge1 P8 S48,mattersim,True,True,111,32.42314181399706,-428.57916259765625,-4.285791625976563,/root/Mattergen/results/obelix_random10_321/cifs/rty_ordered.cif
rwr,/root/Mattergen/OBELIX/cifs/rwr.cif,copied_ordered,0,,Li64 Ge8 P32,Li64 Ge8 P32,Li64 Ge8 P32,104,0,0.0,,,0,0,,,,,,,0.0,0.0,0.0,True,,,,104,Li64 Ge8 P32,mattersim,False,,,,,,/root/Mattergen/results/obelix_random10_321/cifs/rwr_ordered.cif
s2v,/root/Mattergen/OBELIX/cifs/s2v.cif,approximation_warning,0,Occupancy error 0.111000 exceeds tolerance 0.050000,Li44.56 La23.6 Zr16 Fe1.52 O96,Li22.284 La11.808 Zr8 Fe0.756 O48,Li22.284 La11.808 Zr8 Fe0.756 O48,104,0,0.0,spacegroup,random,0,0,,1,1x1x1,0.11099999999999999,0.030307692307692296,False,7.66204012830618e-05,0.011933069132540719,0.011910637501901966,True,,2,1,90,Li21 La12 Zr8 Fe1 O48,mattersim,True,True,56,19.863039595999,-663.1095581054688,-7.367883978949653,/root/Mattergen/results/obelix_random10_321/cifs/s2v_ordered.cif
sg0,/root/Mattergen/OBELIX/cifs/sg0.cif,copied_ordered,0,,Li4 Sc4 O8,Li2 Sc2 O4,Li2 Sc2 O4,8,0,0.0,,,0,0,,,,,,,0.0,0.0,0.0,True,,,,8,Li2 Sc2 O4,mattersim,False,,,,,,/root/Mattergen/results/obelix_random10_321/cifs/sg0_ordered.cif
sib,/root/Mattergen/OBELIX/cifs/sib.cif,ok,0,,Li0.44 La2.52 Mg2 W2 O12,Li0.44 La2.52 Mg2 W2 O12,Li0.44 La2.52 Mg2 W2 O12,20,0,0.0,spacegroup,random,0,0,,5,5x1x1,0.04599999999999996,0.015999999999999993,True,2.7755575615628914e-17,0.005386479935362343,0.005386479935362343,True,,8,1,94,Li2 La12 Mg10 W10 O60,mattersim,True,True,68,23.30318933599483,-699.2394409179688,-7.438717456574135,/root/Mattergen/results/obelix_random10_321/cifs/sib_ordered.cif
skm,/root/Mattergen/OBELIX/cifs/skm.cif,copied_ordered,0,,Li10 Bi2 O10,Li5 Bi1 O5,Li5 Bi1 O5,11,0,0.0,,,0,0,,,,,,,0.0,0.0,0.0,True,,,,11,Li5 Bi1 O5,mattersim,False,,,,,,/root/Mattergen/results/obelix_random10_321/cifs/skm_ordered.cif
sqm,/root/Mattergen/OBELIX/cifs/sqm.cif,ok,0,,Ba4 Sr4 Li48 La16 Ta16 O96,Ba1.998 Sr2.0004 Li24 La8.0004 Ta8 O48,Ba1.998 Sr2.0004 Li24 La8.0004 Ta8 O48,104,0,0.0,spacegroup,random,0,0,,1,1x1x1,0.040000000000000036,0.01203333333333334,True,2.1455856418540337e-05,0.0,0.0,True,,0,1,92,Ba2 Sr2 Li24 La8 Ta8 O48,mattersim,True,True,58,21.12372676999803,-675.3949584960938,-7.341249548870584,/root/Mattergen/results/obelix_random10_321/cifs/sqm_ordered.cif
t0h,/root/Mattergen/OBELIX/cifs/t0h.cif,copied_ordered,0,,Li8 Zr4 O12,Li4 Zr2 O6,Li4 Zr2 O6,12,0,0.0,,,0,0,,,,,,,0.0,0.0,0.0,True,,,,12,Li4 Zr2 O6,mattersim,False,,,,,,/root/Mattergen/results/obelix_random10_321/cifs/t0h_ordered.cif
t2c,/root/Mattergen/OBELIX/cifs/t2c.cif,ok,0,,Li24 P4 Se3.6 S16.4 Br4,Li6.006 P1 Se0.9 S4.1 Br1,Li6.006 P1 Se0.9 S4.1 Br1,25,0,0.0,spacegroup+split_site_clusters,random,0,6,Li,2,1x2x1,0.035666666666666666,0.0156875,True,0.0002484060611078198,0.007692307692307693,0.007660369770165251,True,,1,1,26,Li12 P2 Se2 S8 Br2,mattersim,True,True,33,8.997512093003024,-105.05123138427734,-4.040431976318359,/root/Mattergen/results/obelix_random10_321/cifs/t2c_ordered.cif
t3k,/root/Mattergen/OBELIX/cifs/t3k.cif,ok,0,,Li15.2 Mn7.2 Ga0.8 Cl32,Li3.8 Mn1.8 Ga0.2 Cl8,Li3.8 Mn1.8 Ga0.2 Cl8,14,0,0.0,spacegroup,random,0,0,,4,1x2x2,0.025000000000000022,0.01250000000000001,True,0.0,0.003689064558629775,0.003689064558629775,True,,4,1,55,Li15 Mn7 Ga1 Cl32,mattersim,True,True,14,3.3852000910046627,-235.77781677246094,-4.286869395862926,/root/Mattergen/results/obelix_random10_321/cifs/t3k_ordered.cif
tbj,/root/Mattergen/OBELIX/cifs/tbj.cif,ok,0,,Li40 La24 Sb16 O96,Li19.944 La12 Sb8 O48,Li19.944 La12 Sb8 O48,128,0,0.0,spacegroup,random,0,0,,1,1x1x1,0.020000000000000018,0.006809523809523821,True,0.000492048659063965,0.0,0.0,True,,9,1,88,Li20 La12 Sb8 O48,mattersim,True,True,72,26.233228499004326,-579.5465698242188,-6.585756475275213,/root/Mattergen/results/obelix_random10_321/cifs/tbj_ordered.cif
tbu,/root/Mattergen/OBELIX/cifs/tbu.cif,ok,0,,Li7 Zn1 Ga1 P4 O16,Li7 Zn1 Ga1 P4 O16,Li7 Zn1 Ga1 P4 O16,32,0,0.0,spacegroup,random,0,0,,1,1x1x1,0.0,0.0,True,0.0,0.0,0.0,True,,1,1,29,Li7 Zn1 Ga1 P4 O16,mattersim,True,True,39,18.43982449000032,-184.37472534179688,-6.357749149717134,/root/Mattergen/results/obelix_random10_321/cifs/tbu_ordered.cif
tjh,/root/Mattergen/OBELIX/cifs/tjh.cif,ok,0,,Li10.2 Al4.2 Ge7.8 P18 O72,Li2.94 Al0.948 Ge3.052 P6 O24,Li2.94 Al0.948 Ge3.052 P6 O24,48,0,0.0,spacegroup,random,0,0,,1,1x1x1,0.020000000000000018,0.0077037037037037005,True,0.013101749042384106,0.011562364503540978,0.0,True,,2,1,37,Li3 Al1 Ge3 P6 O24,mattersim,True,True,96,46.72784308499831,-253.60426330566406,-6.854169278531461,/root/Mattergen/results/obelix_random10_321/cifs/tjh_ordered.cif
tka,/root/Mattergen/OBELIX/cifs/tka.cif,copied_ordered,0,,Li4 Si8 N12,Li2 Si4 N6,Li2 Si4 N6,12,0,0.0,,,0,0,,,,,,,0.0,0.0,0.0,True,,,,12,Li2 Si4 N6,mattersim,False,,,,,,/root/Mattergen/results/obelix_random10_321/cifs/tka_ordered.cif
tvf,/root/Mattergen/OBELIX/cifs/tvf.cif,ok,0,,Li12 H16 I4 N8,Li12 H16.002 I4 N8,Li12 H16.002 I4 N8,42,0,0.0,spacegroup,random,0,0,,1,1x1x1,0.00033333333333340764,6.666666666667598e-05,True,2.999850007501248e-05,0.0,0.0,True,,2,1,40,Li12 H16 I4 N8,mattersim,True,True,90,25.396984633996908,-174.30592346191406,-4.357648086547852,/root/Mattergen/results/obelix_random10_321/cifs/tvf_ordered.cif
tws,/root/Mattergen/OBELIX/cifs/tws.cif,copied_ordered,0,,Li24 Zr8 O28,Li12 Zr4 O14,Li12 Zr4 O14,30,0,0.0,,,0,0,,,,,,,0.0,0.0,0.0,True,,,,30,Li12 Zr4 O14,mattersim,False,,,,,,/root/Mattergen/results/obelix_random10_321/cifs/tws_ordered.cif
u0c,/root/Mattergen/OBELIX/cifs/u0c.cif,ok,0,,Li9.6 Mg1.6 Ti12.8 O32,Li2.4 Mg0.4 Ti3.2 O8,Li2.4 Mg0.4 Ti3.2 O8,14,0,0.0,spacegroup,random,0,0,,3,1x1x3,0.033333333333333326,0.013555555555555569,True,3.469446951953614e-18,0.00952380952380949,0.00952380952380949,True,,3,1,42,Li7 Mg1 Ti10 O24,mattersim,True,True,27,15.702746251998178,-331.1431579589844,-7.884360903785343,/root/Mattergen/results/obelix_random10_321/cifs/u0c_ordered.cif
uaz,/root/Mattergen/OBELIX/cifs/uaz.cif,ok,0,,Li48 Ca8 La16 Nb16 O96,Li24 Ca3.9996 La8.0004 Nb8 O48,Li24 Ca3.9996 La8.0004 Nb8 O48,128,0,0.0,spacegroup,random,0,0,,1,1x1x1,0.006666666666666654,0.0020916666666666514,True,4.34782608696449e-06,0.0,0.0,True,,7,1,92,Li24 Ca4 La8 Nb8 O48,mattersim,True,True,90,35.74026788799529,-653.29248046875,-7.101005222486413,/root/Mattergen/results/obelix_random10_321/cifs/uaz_ordered.cif
ueu,/root/Mattergen/OBELIX/cifs/ueu.cif,ok,0,,Li45.92 La24 Zr12 Ta4 O96,Li22.944 La12 Zr5.904 Ta1.976 O48,Li22.944 La12 Zr5.904 Ta1.976 O48,128,0,0.0,spacegroup,random,0,0,,1,1x1x1,0.015000000000000013,0.004370370370370382,True,0.000958216151531549,0.000328607188765484,0.0001268000034846395,True,,5,1,91,Li23 La12 Zr6 Ta2 O48,mattersim,True,True,81,29.574760755996977,-672.1471557617188,-7.386232480898008,/root/Mattergen/results/obelix_random10_321/cifs/ueu_ordered.cif
uex,/root/Mattergen/OBELIX/cifs/uex.cif,ok,0,,K2 Na4 Li6 Fe4 Si24 O60,K2 Na4 Li6 Fe4 Si24 O60,K2 Na4 Li6 Fe4 Si24 O60,104,0,0.0,spacegroup+split_site_pairs,random,4,0,Na,1,1x1x1,0.0,0.0,True,0.0,0.0,0.0,True,,0,1,100,K2 Na4 Li6 Fe4 Si24 O60,mattersim,True,True,34,7.289418977001333,-724.597412109375,-7.24597412109375,/root/Mattergen/results/obelix_random10_321/cifs/uex_ordered.cif
ui6,/root/Mattergen/OBELIX/cifs/ui6.cif,ok,0,,Li20.7 Si2.16 Sn0.54 P3.3 S24,Li20.648 Si2.16 Sn0.54 P3.3 S24,Li20.648 Si2.16 Sn0.54 P3.3 S24,62,0,0.0,spacegroup,random,0,0,,2,1x2x1,0.04999999999999999,0.010607142857142858,True,0.0006075112693340046,0.0042181732966196095,0.0041513470569928684,True,,1,1,101,Li41 Si4 Sn1 P7 S48,mattersim,True,True,50,13.671113368000078,-440.136962890625,-4.357791711788367,/root/Mattergen/results/obelix_random10_321/cifs/ui6_ordered.cif
um1,/root/Mattergen/OBELIX/cifs/um1.cif,ok,0,,Li18 Ga18 Ge18 O72,Li6 Ga6 Ge6 O24,Li6 Ga6 Ge6 O24,42,0,0.0,spacegroup,random,0,0,,1,1x1x1,0.0,0.0,True,0.0,0.0,0.0,True,,5,1,42,Li6 Ga6 Ge6 O24,mattersim,True,True,44,19.75579666900012,-254.4705810546875,-6.058823358444941,/root/Mattergen/results/obelix_random10_321/cifs/um1_ordered.cif
uox,/root/Mattergen/OBELIX/cifs/uox.cif,ok,0,,Li7.4 Zn1.4 Ga0.6 P4 O16,Li7.4 Zn1.4 Ga0.6 P4 O16,Li7.4 Zn1.4 Ga0.6 P4 O16,32,0,0.0,spacegroup,random,0,0,,2,2x1x1,0.025000000000000022,0.013636363636363646,True,1.1102230246251565e-16,0.003459010722933243,0.0034590107229332395,True,,2,1,59,Li15 Zn3 Ga1 P8 O32,mattersim,True,True,43,21.354800569999497,-370.95941162109375,-6.28744765459481,/root/Mattergen/results/obelix_random10_321/cifs/uox_ordered.cif
ur9,/root/Mattergen/OBELIX/cifs/ur9.cif,copied_ordered,0,,Li6 Zr12 P18 O72,Li2 Zr4 P6 O24,Li2 Zr4 P6 O24,36,0,0.0,,,0,0,,,,,,,0.0,0.0,0.0,True,,,,36,Li2 Zr4 P6 O24,mattersim,False,,,,,,/root/Mattergen/results/obelix_random10_321/cifs/ur9_ordered.cif
usu,/root/Mattergen/OBELIX/cifs/usu.cif,ok,0,,Li8.8 Al0.8 Sn1.2 S8,Li8.8266 Al0.8 Sn1.2 S8,Li8.8266 Al0.8 Sn1.2 S8,28,0,0.0,spacegroup+split_site_pairs,random,9,0,Li,4,2x1x2,0.040000000000000036,0.01620909090909088,True,0.0007515396391387652,0.00559910414333703,0.004847564504198265,True,,3,1,76,Li36 Al3 Sn5 S32,mattersim,True,True,42,12.167892784003925,-319.8089599609375,-4.2080126310649675,/root/Mattergen/results/obelix_random10_321/cifs/usu_ordered.cif
uu4,/root/Mattergen/OBELIX/cifs/uu4.cif,copied_ordered,0,,Li8 V8 O24,Li4 V4 O12,Li4 V4 O12,20,0,0.0,,,0,0,,,,,,,0.0,0.0,0.0,True,,,,20,Li4 V4 O12,mattersim,False,,,,,,/root/Mattergen/results/obelix_random10_321/cifs/uu4_ordered.cif
uut,/root/Mattergen/OBELIX/cifs/uut.cif,ok,0,,Li24 P4 Se1.2 S18.8 Br4,Li6.006 P1 Se0.3 S4.7 Br1,Li6.006 P1 Se0.3 S4.7 Br1,25,0,0.0,spacegroup+split_site_clusters,random,0,6,Li,5,5x1x1,0.025880000000000014,0.013852499999999995,True,0.0002484060611077643,0.007692307692307696,0.0076816617182602145,True,,9,1,65,Li30 P5 Se2 S23 Br5,mattersim,True,True,27,7.10636969099869,-265.420166015625,-4.083387169471154,/root/Mattergen/results/obelix_random10_321/cifs/uut_ordered.cif
uw9,/root/Mattergen/OBELIX/cifs/uw9.cif,ok,0,,Sr8 Li48 La16 Bi16 O96,Sr3.996 Li23.9784 La8.004 Bi8 O48,Sr3.996 Li23.9784 La8.004 Bi8 O48,128,0,0.0,spacegroup,random,0,0,,1,1x1x1,0.04033333333333333,0.012575000000000006,True,0.00017357572420606537,0.0,0.0,True,,6,1,92,Sr4 Li24 La8 Bi8 O48,mattersim,True,True,70,24.6528024299987,-551.6339721679688,-5.996021436608356,/root/Mattergen/results/obelix_random10_321/cifs/uw9_ordered.cif
uwh,/root/Mattergen/OBELIX/cifs/uwh.cif,approximation_warning,0,Occupancy error 0.053000 exceeds tolerance 0.050000,Li40.64 La24 Zr3.12 Ta12.08 O96,Li20.328 La12 Zr1.576 Ta6.032 O48,Li20.328 La12 Zr1.576 Ta6.032 O48,128,0,0.0,spacegroup,random,0,0,,1,1x1x1,0.05299999999999999,0.01833333333333332,False,0.00017872208822894073,0.006625021725572777,0.006525685687650107,True,,8,1,89,Li21 La12 Zr2 Ta6 O48,mattersim,True,True,77,28.083940626995172,-679.0875244140625,-7.630196903528792,/root/Mattergen/results/obelix_random10_321/cifs/uwh_ordered.cif
ux3,/root/Mattergen/OBELIX/cifs/ux3.cif,approximation_warning,0,Occupancy error 0.076667 exceeds tolerance 0.050000,Li0.57 Sm9.02 Si6 O25.82,Li0.568 Sm9.024 Si6 O25.82,Li0.568 Sm9.024 Si6 O25.82,42,0,0.0,spacegroup,random,0,0,,3,3x1x1,0.07666666666666669,0.020266666666666665,False,8.607061807314187e-05,0.002553146738749512,0.0025230336851091995,True,,3,1,124,Li2 Sm27 Si18 O77,mattersim,True,True,34,13.012915295999846,-1008.527099609375,-8.133283061365928,/root/Mattergen/results/obelix_random10_321/cifs/ux3_ordered.cif
uxi,/root/Mattergen/OBELIX/cifs/uxi.cif,ok,0,,Li13.2 Mn5.2 In2.8 Cl32,Li3.3 Mn1.3 In0.7 Cl8,Li3.3 Mn1.3 In0.7 Cl8,14,0,0.0,spacegroup,random,0,0,,3,1x1x3,0.016666666666666663,0.008333333333333318,True,0.0,0.0026315789473684154,0.0026315789473684154,True,,7,1,40,Li10 Mn4 In2 Cl24,mattersim,True,True,16,5.52998140300042,-162.79351806640625,-4.069837951660157,/root/Mattergen/results/obelix_random10_321/cifs/uxi_ordered.cif
uxo,/root/Mattergen/OBELIX/cifs/uxo.cif,ok,0,,Li11.52 P4 N0.56 O14.92,Li11.52 P4 N0.56 O14.92,Li11.52 P4 N0.56 O14.92,32,0,0.0,spacegroup,random,0,0,,3,3x1x1,0.048333333333333325,0.022023809523809525,True,1.6653345369377348e-16,0.01385037748798901,0.013850377487989004,True,,3,1,94,Li35 P12 N3 O44,mattersim,True,True,69,30.041717742999026,-585.864990234375,-6.2326062790890955,/root/Mattergen/results/obelix_random10_321/cifs/uxo_ordered.cif
vg0,/root/Mattergen/OBELIX/cifs/vg0.cif,ok,0,,Li9 Al3 Ge9 P18 O72,Li2 Al1 Ge3 P6 O24,Li2 Al1 Ge3 P6 O24,36,0,0.0,spacegroup,random,0,0,,1,1x1x1,0.0,0.0,True,0.025525525525525533,0.025525525525525533,0.0,True,,0,1,36,Li2 Al1 Ge3 P6 O24,mattersim,True,True,33,7.342831137997564,-247.9206085205078,-6.886683570014106,/root/Mattergen/results/obelix_random10_321/cifs/vg0_ordered.cif
vj7,/root/Mattergen/OBELIX/cifs/vj7.cif,ok,0,,Li25 Si1 P3 S20 Br4,Li6.25002 Si0.25 P0.75 S5 Br1,Li6.25002 Si0.25 P0.75 S5 Br1,25,0,0.0,spacegroup+split_site_clusters,random,0,6,Li,5,5x1x1,0.050000000000000044,0.031620370370370354,True,7.974356066031696e-07,0.010159651669085612,0.010158854233479009,True,,6,1,65,Li30 Si1 P4 S25 Br5,mattersim,True,True,35,9.968445159996918,-268.39910888671875,-4.129217059795673,/root/Mattergen/results/obelix_random10_321/cifs/vj7_ordered.cif
vlm,/root/Mattergen/OBELIX/cifs/vlm.cif,ok,0,,Li0.35 La0.65 Ti0.7 Al0.3 O3,Li0.349 La0.651 Ti0.702 Al0.297 O3,Li0.349 La0.651 Ti0.702 Al0.297 O3,5,0,0.0,spacegroup,random,0,0,,3,1x1x3,0.03633333333333333,0.01733333333333334,True,0.0005881176235247032,0.006666666666666668,0.006238581049543224,True,,0,1,15,Li1 La2 Ti2 Al1 O9,mattersim,True,True,14,4.106330536000314,-122.18348693847656,-8.145565795898438,/root/Mattergen/results/obelix_random10_321/cifs/vlm_ordered.cif
vqj,/root/Mattergen/OBELIX/cifs/vqj.cif,approximation_warning,0,Occupancy error 0.068931 exceeds tolerance 0.050000,Li24 P4 S20 I1 Br3,Li5.994 P1 S4.99915584 I0.24993107 Br0.74991309,Li5.994 P1 S4.99915584 I0.24993107 Br0.74991309,25,0,0.0,spacegroup+split_site_clusters,random,0,6,Li,7,7x1x1,0.06893106893106894,0.023039415130324203,False,0.00021313251514132325,0.008241758241758242,0.008236702879972335,True,,9,1,91,Li42 P7 S35 I1 Br6,mattersim,True,True,36,8.701508802994795,-373.4698791503906,-4.104064606048248,/root/Mattergen/results/obelix_random10_321/cifs/vqj_ordered.cif
vqu,/root/Mattergen/OBELIX/cifs/vqu.cif,ok,0,,Li40 Nd24 Sb16 O96,Li20.016 Nd12 Sb8 O48,Li20.016 Nd12 Sb8 O48,128,0,0.0,spacegroup,random,0,0,,1,1x1x1,0.03666666666666668,0.012999999999999996,True,0.00014047032770914125,0.0,0.0,True,,6,1,88,Li20 Nd12 Sb8 O48,mattersim,True,True,94,33.80483135900431,-575.6986083984375,-6.542029640891335,/root/Mattergen/results/obelix_random10_321/cifs/vqu_ordered.cif
vwy,/root/Mattergen/OBELIX/cifs/vwy.cif,approximation_warning,0,Occupancy error 0.056000 exceeds tolerance 0.050000,Li0.66 La1.12 Ti2 O6,Li0.66 La1.104 Ti2 O6,Li0.66 La1.104 Ti2 O6,10,0,0.0,spacegroup,random,0,0,,6,3x2x1,0.05599999999999994,0.013866666666666652,False,0.0014510128186761562,0.0041246403937471865,0.0026736275750710303,True,,0,1,59,Li4 La7 Ti12 O36,mattersim,True,True,53,24.341402505000588,-498.22125244140625,-8.444428007481461,/root/Mattergen/results/obelix_random10_321/cifs/vwy_ordered.cif
vy5,/root/Mattergen/OBELIX/cifs/vy5.cif,ok,0,,K0.4 Li3.6 Sb4 O12,K1.2 Li10.8 Sb12 O36,K1.2 Li10.8 Sb12 O36,60,0,0.0,spacegroup,random,0,0,,1,1x1x1,0.025000000000000022,0.008333333333333337,True,0.0,0.003333333333333334,0.003333333333333334,True,,0,1,60,K1 Li11 Sb12 O36,mattersim,True,True,33,7.400094953998632,-340.6990051269531,-5.678316752115886,/root/Mattergen/results/obelix_random10_321/cifs/vy5_ordered.cif
w7d,/root/Mattergen/OBELIX/cifs/w7d.cif,copied_ordered,0,,Li12 P4 O16,Li12 P4 O16,Li12 P4 O16,32,0,0.0,,,0,0,,,,,,,0.0,0.0,0.0,True,,,,32,Li12 P4 O16,mattersim,False,,,,,,/root/Mattergen/results/obelix_random10_321/cifs/w7d_ordered.cif
w87,/root/Mattergen/OBELIX/cifs/w87.cif,ok,0,,Li24 P4 S20 Br4,Li6.0 P1 S5 Br1,Li6.0 P1 S5 Br1,37,0,0.0,spacegroup,random,0,0,,6,1x3x2,0.019666666666666666,0.008203703703703711,True,1.1102230246251565e-16,0.0,0.0,True,,5,1,78,Li36 P6 S30 Br6,mattersim,True,True,92,26.452811928997107,-318.1770324707031,-4.079192723983374,/root/Mattergen/results/obelix_random10_321/cifs/w87_ordered.cif
wa3,/root/Mattergen/OBELIX/cifs/wa3.cif,ok,0,,Li51.2 La24 Zr16 Al1.6 O96,Li25.584 La12 Zr8 Al0.78 O48,Li25.584 La12 Zr8 Al0.78 O48,176,0,0.0,spacegroup,random,0,0,,1,1x1x1,0.04233333333333328,0.011399999999999995,True,0.00020871217047005973,0.005228993869455467,0.0051628956949864024,True,,3,1,94,Li25 La12 Zr8 Al1 O48,mattersim,True,True,85,32.261172648002685,-681.1934204101562,-7.246738515001662,/root/Mattergen/results/obelix_random10_321/cifs/wa3_ordered.cif
wgw,/root/Mattergen/OBELIX/cifs/wgw.cif,ok,0,,Sr3 Li4 Nb6 O20,Sr1.524 Li2 Nb3 O10,Sr1.524 Li2 Nb3 O10,19,0,0.0,spacegroup+split_site_pairs,random,2,0,O,2,1x2x1,0.01200000000000001,0.0020000000000000018,True,0.0013203934772562098,0.0,0.0,True,,0,1,33,Sr3 Li4 Nb6 O20,mattersim,True,True,37,6.151730287994724,-259.3279113769531,-7.858421556877367,/root/Mattergen/results/obelix_random10_321/cifs/wgw_ordered.cif
wsd,/root/Mattergen/OBELIX/cifs/wsd.cif,ok,0,,Li25.2 Si1.2 P2.8 S20 Br4,Li6.3 Si0.3 P0.7 S5 Br1,Li6.3 Si0.3 P0.7 S5 Br1,25,0,0.0,spacegroup+split_site_clusters,random,0,6,Li,6,1x3x2,0.033333333333333326,0.01645061728395063,True,5.551115123125783e-17,0.012145748987854199,0.012145748987854199,True,,9,1,78,Li36 Si2 P4 S30 Br6,mattersim,True,True,35,9.552439448998484,-323.23321533203125,-4.144015581179888,/root/Mattergen/results/obelix_random10_321/cifs/wsd_ordered.cif
wyu,/root/Mattergen/OBELIX/cifs/wyu.cif,copied_ordered,0,,Li56 La24 Zr16 O96,Li28 La12 Zr8 O48,Li28 La12 Zr8 O48,96,0,0.0,,,0,0,,,,,,,0.0,0.0,0.0,True,,,,96,Li28 La12 Zr8 O48,mattersim,False,,,,,,/root/Mattergen/results/obelix_random10_321/cifs/wyu_ordered.cif
x2i,/root/Mattergen/OBELIX/cifs/x2i.cif,copied_ordered,0,,Li8 Bi8 O16,Li4 Bi4 O8,Li4 Bi4 O8,16,0,0.0,,,0,0,,,,,,,0.0,0.0,0.0,True,,,,16,Li4 Bi4 O8,mattersim,False,,,,,,/root/Mattergen/results/obelix_random10_321/cifs/x2i_ordered.cif
x2v,/root/Mattergen/OBELIX/cifs/x2v.cif,ok,0,,Li24.3 Si0.3 P3.7 S20 Br4,Li6.07506 Si0.075 P0.925 S5 Br1,Li6.07506 Si0.075 P0.925 S5 Br1,25,0,0.0,spacegroup+split_site_clusters,random,0,6,Li,8,2x2x2,0.050000000000000044,0.020764444444444457,True,2.456766618030848e-06,0.0038792469480806004,0.003879220625581121,True,,7,1,104,Li48 Si1 P7 S40 Br8,mattersim,True,True,53,16.16999038799986,-428.9784240722656,-4.124792539156401,/root/Mattergen/results/obelix_random10_321/cifs/x2v_ordered.cif
x9d,/root/Mattergen/OBELIX/cifs/x9d.cif,ok,0,,Li24.5 Si0.5 P3.5 S20 Br4,Li6.12504 Si0.125 P0.875 S5 Br1,Li6.12504 Si0.125 P0.875 S5 Br1,25,0,0.0,spacegroup+split_site_clusters,random,0,6,Li,6,1x3x2,0.04166666666666666,0.017754444444444455,True,1.6253918718178717e-06,0.00512820512820511,0.005126579736333292,True,,1,1,78,Li36 Si1 P5 S30 Br6,mattersim,True,True,51,14.443721541996638,-321.8493957519531,-4.126274304512219,/root/Mattergen/results/obelix_random10_321/cifs/x9d_ordered.cif
xa0,/root/Mattergen/OBELIX/cifs/xa0.cif,approximation_warning,0,Occupancy error 0.250000 exceeds tolerance 0.050000,Li9 Ti9 Al3 P18 O72,Li9.0006 Ti9 Al3 P18 O72,Li9.0006 Ti9 Al3 P18 O72,126,0,0.0,spacegroup,random,0,0,,1,1x1x1,0.25,0.08333888888888889,False,4.967102442243743e-06,0.01801801801801802,0.01801787192676972,True,,4,1,111,Li9 Ti11 Al1 P18 O72,mattersim,True,True,43,18.18883089999872,-842.3809814453125,-7.589017850858671,/root/Mattergen/results/obelix_random10_321/cifs/xa0_ordered.cif
xas,/root/Mattergen/OBELIX/cifs/xas.cif,copied_ordered,0,,Li16 Sn8 S24,Li8 Sn4 S12,Li8 Sn4 S12,24,0,0.0,,,0,0,,,,,,,0.0,0.0,0.0,True,,,,24,Li8 Sn4 S12,mattersim,False,,,,,,/root/Mattergen/results/obelix_random10_321/cifs/xas_ordered.cif
xk3,/root/Mattergen/OBELIX/cifs/xk3.cif,ok,0,,Li16 Ge4 Se16,Li16 Ge4 Se16,Li16 Ge4 Se16,48,0,0.0,spacegroup+split_site_pairs,random,12,0,Li,1,1x1x1,0.0,0.0,True,1.1102230246251565e-16,0.0,0.0,True,,7,1,36,Li16 Ge4 Se16,mattersim,True,True,22,4.315744486004405,-138.04518127441406,-3.834588368733724,/root/Mattergen/results/obelix_random10_321/cifs/xk3_ordered.cif
xog,/root/Mattergen/OBELIX/cifs/xog.cif,ok,0,,Li40 La24 Sb16 O96,Li19.98 La12 Sb8 O48,Li19.98 La12 Sb8 O48,128,0,0.0,spacegroup,random,0,0,,1,1x1x1,0.04033333333333333,0.014285714285714271,True,0.00017565975738292883,0.0,0.0,True,,5,1,88,Li20 La12 Sb8 O48,mattersim,True,True,91,33.82503527699737,-579.647216796875,-6.586900190873579,/root/Mattergen/results/obelix_random10_321/cifs/xog_ordered.cif
xq3,/root/Mattergen/OBELIX/cifs/xq3.cif,ok,0,,Sr3 Li4 Nb5.77 Fe0.23 O19.77,Sr1.5072 Li2 Nb2.878 Fe0.12 O10,Sr1.5072 Li2 Nb2.878 Fe0.12 O10,19,0,0.0,spacegroup+split_site_pairs,random,2,0,O,6,3x2x1,0.04666666666666666,0.007180952380952385,True,0.0025739680334954107,0.004358507257500255,0.0028305741171989404,True,,1,1,99,Sr9 Li12 Nb17 Fe1 O60,mattersim,True,True,41,16.687780070998997,-768.5516357421875,-7.763147835779672,/root/Mattergen/results/obelix_random10_321/cifs/xq3_ordered.cif
xub,/root/Mattergen/OBELIX/cifs/xub.cif,ok,0,,Li9.12 Mg2.4 Ti12.48 O32,Li2.28 Mg0.6 Ti3.12 O8,Li2.28 Mg0.6 Ti3.12 O8,14,0,0.0,spacegroup,random,0,0,,2,1x2x1,0.04999999999999999,0.020000000000000007,True,2.7755575615628914e-17,0.015714285714285736,0.01571428571428571,True,,0,1,28,Li5 Mg1 Ti6 O16,mattersim,True,True,19,12.26685994300351,-214.16981506347656,-7.648921966552734,/root/Mattergen/results/obelix_random10_321/cifs/xub_ordered.cif
xut,/root/Mattergen/OBELIX/cifs/xut.cif,ok,0,,Sr8 Li8 Ta16 O48 F8,Sr1.996 Li1.996 Ta4 O12 F2,Sr1.996 Li1.996 Ta4 O12 F2,34,0,0.0,spacegroup+split_site_pairs,random,8,0,O,1,1x1x1,0.0020000000000000018,0.00017391304347826102,True,0.00019841925989616538,0.0,0.0,True,,7,1,22,Sr2 Li2 Ta4 O12 F2,mattersim,True,True,67,28.507086557001458,-183.71279907226562,-8.350581776012074,/root/Mattergen/results/obelix_random10_321/cifs/xut_ordered.cif
xz4,/root/Mattergen/OBELIX/cifs/xz4.cif,ok,0,,Li2 Ce2 Mo4 O16,Li1 Ce1 Mo2 O8,Li1 Ce1 Mo2 O8,12,0,0.0,spacegroup,random,0,0,,1,1x1x1,0.0,0.0,True,0.0,0.0,0.0,True,,0,1,12,Li1 Ce1 Mo2 O8,mattersim,True,True,6,0.9117712349980138,-86.94676971435547,-7.245564142862956,/root/Mattergen/results/obelix_random10_321/cifs/xz4_ordered.cif
y2l,/root/Mattergen/OBELIX/cifs/y2l.cif,copied_ordered,0,,Li10 Al2 S8,Li10 Al2 S8,Li10 Al2 S8,20,0,0.0,,,0,0,,,,,,,0.0,0.0,0.0,True,,,,20,Li10 Al2 S8,mattersim,False,,,,,,/root/Mattergen/results/obelix_random10_321/cifs/y2l_ordered.cif
yab,/root/Mattergen/OBELIX/cifs/yab.cif,ok,0,,Sr7.2 Li8 Ta16 O48 F6.4,Sr0.934 Li1 Ta2 O24 F8,Sr0.934 Li1 Ta2 O24 F8,36,0,0.0,spacegroup,random,0,0,,1,1x1x1,0.032999999999999974,0.010999999999999982,True,0.1478640227748796,0.14745586708203529,0.00010203892321108965,True,,0,1,36,Sr1 Li1 Ta2 O24 F8,mattersim,True,True,49,11.129958673998772,-110.79759979248047,-3.0777111053466797,/root/Mattergen/results/obelix_random10_321/cifs/yab_ordered.cif
yav,/root/Mattergen/OBELIX/cifs/yav.cif,ok,0,,Li8 V4 Cl16,Li4 V2 Cl8,Li4 V2 Cl8,14,0,0.0,spacegroup,random,0,0,,1,1x1x1,0.0,0.0,True,0.0,0.0,0.0,True,,0,1,14,Li4 V2 Cl8,mattersim,True,True,6,0.8771644920052495,-62.03428268432617,-4.431020191737583,/root/Mattergen/results/obelix_random10_321/cifs/yav_ordered.cif
ym6,/root/Mattergen/OBELIX/cifs/ym6.cif,ok,0,,Li7.8 Ti10.2 Al1.8 P18 O72,Li2.6 Ti3.3996 Al0.6 P6 O24,Li2.6 Ti3.3996 Al0.6 P6 O24,48,0,0.0,spacegroup,random,0,0,,2,1x2x1,0.02510000000000001,0.007429629629629638,True,9.913811354608781e-06,0.002994236095516134,0.0029843222841615252,True,,9,1,73,Li5 Ti7 Al1 P12 O48,mattersim,True,True,48,14.956613547998131,-556.6664428710938,-7.625567710562928,/root/Mattergen/results/obelix_random10_321/cifs/ym6_ordered.cif
ymc,/root/Mattergen/OBELIX/cifs/ymc.cif,ok,0,,Li24 P4 S20 I2 Br2,Li6.006 P1 S5 I0.5 Br0.5,Li6.006 P1 S5 I0.5 Br0.5,25,0,0.0,spacegroup+split_site_clusters,random,0,6,Li,2,1x2x1,0.030000000000000027,0.014400000000000013,True,0.0002484060611078198,0.0,0.0,True,,5,1,26,Li12 P2 S10 I1 Br1,mattersim,True,True,27,7.956363154000428,-106.4317626953125,-4.093529334435096,/root/Mattergen/results/obelix_random10_321/cifs/ymc_ordered.cif
yq2,/root/Mattergen/OBELIX/cifs/yq2.cif,ok,0,,Li6.6 Ti11.4 Al0.6 P18 O72,Li2.228 Ti3.7984 Al0.2016 P6 O24,Li2.228 Ti3.7984 Al0.2016 P6 O24,48,0,0.0,spacegroup,random,0,0,,3,1x1x3,0.03293333333333337,0.01042777777777778,True,0.0007259120719178003,0.004054944497947188,0.003929648414273304,True,,0,1,109,Li7 Ti11 Al1 P18 O72,mattersim,True,True,39,14.526406401004351,-835.1363525390625,-7.66180139944094,/root/Mattergen/results/obelix_random10_321/cifs/yq2_ordered.cif
yqu,/root/Mattergen/OBELIX/cifs/yqu.cif,ok,0,,Li7.2 Ti10.8 Al1.2 P18 O72,Li2.336 Ti3.66 Al0.34 P6 O24,Li2.336 Ti3.66 Al0.34 P6 O24,48,0,0.0,spacegroup,random,0,0,,2,1x2x1,0.040000000000000036,0.014518518518518521,True,0.00182545327855764,0.0030106879421948063,0.0011852346636371663,True,,1,1,73,Li5 Ti7 Al1 P12 O48,mattersim,True,True,112,48.056584473997646,-556.1710205078125,-7.6187811028467465,/root/Mattergen/results/obelix_random10_321/cifs/yqu_ordered.cif
ysm,/root/Mattergen/OBELIX/cifs/ysm.cif,ok,0,,Sr8 Li8.8 Zr0.8 Nb15.2 O48 F8,Sr1.916 Li2.084 Zr0.2 Nb3.8 O12 F2,Sr1.916 Li2.084 Zr0.2 Nb3.8 O12 F2,34,0,0.0,spacegroup+split_site_pairs,random,8,0,O,3,1x1x3,0.033333333333333326,0.004724637681159422,True,0.004914004914004844,0.008190008190008202,0.00606060606060606,True,,0,1,66,Sr6 Li6 Zr1 Nb11 O36 F6,mattersim,True,True,184,70.50964700199984,-510.36285400390625,-7.732770515210701,/root/Mattergen/results/obelix_random10_321/cifs/ysm_ordered.cif
ywe,/root/Mattergen/OBELIX/cifs/ywe.cif,ok,0,,Li24 P4 S20 I4,Li6.006 P1 S5 I1,Li6.006 P1 S5 I1,25,0,0.0,spacegroup+split_site_clusters,random,0,6,Li,2,1x2x1,0.031,0.007833333333333336,True,0.00024840606110787533,0.0,0.0,True,,1,1,26,Li12 P2 S10 I2,mattersim,True,True,16,5.789115464998758,-105.82568359375,-4.070218599759615,/root/Mattergen/results/obelix_random10_321/cifs/ywe_ordered.cif
z16,/root/Mattergen/OBELIX/cifs/z16.cif,approximation_warning,0,Occupancy error 0.066070 exceeds tolerance 0.050000,Li24 P4 Se0.4 S19.6 Br4,Li6.006 P1 Se0.1 S4.9 Br1,Li6.006 P1 Se0.1 S4.9 Br1,25,0,0.0,spacegroup+split_site_clusters,random,0,6,Li,8,2x2x2,0.06606999999999996,0.02486444444444445,False,0.0002484060611078198,0.0019230769230769718,0.0019195282650610974,True,,4,1,104,Li48 P8 Se1 S39 Br8,mattersim,True,True,40,11.16386974699708,-425.8787841796875,-4.0949883094200725,/root/Mattergen/results/obelix_random10_321/cifs/z16_ordered.cif
z2s,/root/Mattergen/OBELIX/cifs/z2s.cif,ok,0,,Li44 Nd24 Zr16 Al4 O96,Li21.864 Nd12 Zr8 Al2.0004 O48,Li21.864 Nd12 Zr8 Al2.0004 O48,128,0,0.0,spacegroup,random,0,0,,1,1x1x1,0.016699999999999937,0.005924999999999993,True,0.0011274651882937081,0.0,0.0,True,,2,1,92,Li22 Nd12 Zr8 Al2 O48,mattersim,True,True,101,36.784305364999454,-673.372802734375,-7.319269594938858,/root/Mattergen/results/obelix_random10_321/cifs/z2s_ordered.cif
z7n,/root/Mattergen/OBELIX/cifs/z7n.cif,ok,0,,Li5.16 Hf12.21 P18 O72,Li1.74 Hf4.064 P6 O24,Li1.74 Hf4.064 P6 O24,48,0,0.0,spacegroup,random,0,0,,1,1x1x1,0.03200000000000003,0.013416666666666664,True,0.0005398052274859372,0.007497438763155444,0.0069576335356695065,True,,5,1,36,Li2 Hf4 P6 O24,mattersim,True,True,29,12.78068103899568,-294.859375,-8.190538194444445,/root/Mattergen/results/obelix_random10_321/cifs/z7n_ordered.cif
z9y,/root/Mattergen/OBELIX/cifs/z9y.cif,ok,0,,Li7.2 Ti10.8 Al1.2 P18 O72,Li2.3996 Ti3.6 Al0.4 P6 O24,Li2.3996 Ti3.6 Al0.4 P6 O24,48,0,0.0,spacegroup,random,0,0,,2,1x1x2,0.025000000000000022,0.008341666666666664,True,1.0264573611390437e-05,0.0030106879421948063,0.003009601104988893,True,,5,1,73,Li5 Ti7 Al1 P12 O48,mattersim,True,True,38,16.788887443995918,-556.7069702148438,-7.6261228796553935,/root/Mattergen/results/obelix_random10_321/cifs/z9y_ordered.cif
zs0,/root/Mattergen/OBELIX/cifs/zs0.cif,ok,0,,Li3.04 La4 Mg0.32 O8,Li3.048 La4 Mg0.312 O8,Li3.048 La4 Mg0.312 O8,16,0,0.0,spacegroup,random,0,0,,2,2x1x1,0.047,0.015666666666666672,True,0.000520833333333335,0.011424731182795696,0.01090389784946236,True,,1,1,31,Li6 La8 Mg1 O16,mattersim,True,True,42,13.21162038300099,-220.9651336669922,-7.1279075376449095,/root/Mattergen/results/obelix_random10_321/cifs/zs0_ordered.cif
zv5,/root/Mattergen/OBELIX/cifs/zv5.cif,ok,0,,Li16 Ge4 Se8 S8,Li16 Ge4 Se8.396 S7.604,Li16 Ge4 Se8.396 S7.604,48,0,0.0,spacegroup+split_site_pairs,random,12,0,Li,2,2x1x1,0.028000000000000025,0.0036250000000000032,True,0.011000000000000038,0.013888888888888895,0.0028888888888888575,True,,3,1,72,Li32 Ge8 Se17 S15,mattersim,True,True,43,11.80107653599407,-289.5994873046875,-4.022215101453993,/root/Mattergen/results/obelix_random10_321/cifs/zv5_ordered.cif
zxr,/root/Mattergen/OBELIX/cifs/zxr.cif,ok,0,,Sr8 Li48 La16 Ta16 O96,Sr3.996 Li23.64 La8.0004 Ta8 O48,Sr3.996 Li23.64 La8.0004 Ta8 O48,104,0,0.0,spacegroup,random,0,0,,1,1x1x1,0.018000000000000016,0.005407407407407404,True,0.002893477112664411,0.0,0.0,True,,0,1,92,Sr4 Li24 La8 Ta8 O48,mattersim,True,True,66,23.809456130002218,-675.432861328125,-7.3416615361752715,/root/Mattergen/results/obelix_random10_321/cifs/zxr_ordered.cif
zzr,/root/Mattergen/OBELIX/cifs/zzr.cif,ok,0,,Li20 Ge2 P4 S24,Li19.944 Ge2 P4 S24,Li19.944 Ge2 P4 S24,70,0,0.0,spacegroup,random,0,0,,2,1x2x1,0.025000000000000022,0.005346153846153851,True,0.0006727534839018889,0.0,0.0,True,,4,1,100,Li40 Ge4 P8 S48,mattersim,True,True,86,25.609144214999105,-430.2823486328125,-4.302823486328125,/root/Mattergen/results/obelix_random10_321/cifs/zzr_ordered.cif
